Datetime,Open,High,Low,Close,Volume,Dividends,Stock Splits
2026-06-23 00:00:00+00:00,0.004960150923579931,0.005005049053579569,0.004959931597113609,0.005005049053579569,0,0.0,0.0
2026-06-23 01:00:00+00:00,0.005005675368010998,0.005048094782978296,0.005003910046070814,0.005028088577091694,19276,0.0,0.0
2026-06-23 02:00:00+00:00,0.005028072278946638,0.005079225171357393,0.004999382887035608,0.005066873040050268,36650,0.0,0.0
2026-06-23 03:00:00+00:00,0.005066883284598589,0.005066883284598589,0.005026266910135746,0.005040031857788563,4810,0.0,0.0
2026-06-23 04:00:00+00:00,0.005040031857788563,0.005061198025941849,0.0049901497550308704,0.0049901497550308704,0,0.0,0.0
2026-06-23 05:00:00+00:00,0.0049901497550308704,0.005033809691667557,0.004955346696078777,0.004961844999343157,26059,0.0,0.0
2026-06-23 06:00:00+00:00,0.004962039180099964,0.004988641478121281,0.004936795681715012,0.004962482489645481,6970,0.0,0.0
2026-06-23 07:00:00+00:00,0.004962486680597067,0.004965499509125948,0.004929724615067244,0.004957541357725859,0,0.0,0.0
2026-06-23 08:00:00+00:00,0.004949187394231558,0.004949187394231558,0.00481222802773118,0.004834767896682024,44880,0.0,0.0
2026-06-23 09:00:00+00:00,0.004834667779505253,0.004856172949075699,0.004804583732038736,0.004817296285182238,7427,0.0,0.0
2026-06-23 10:00:00+00:00,0.004817241337150335,0.004835541360080242,0.004795479588210583,0.00482863700017333,2484,0.0,0.0
2026-06-23 11:00:00+00:00,0.00482864398509264,0.004834957420825958,0.004793048370629549,0.004823328927159309,25010,0.0,0.0
2026-06-23 12:00:00+00:00,0.004817580338567495,0.004844958893954754,0.004813306033611298,0.004833309445530176,0,0.0,0.0
2026-06-23 13:00:00+00:00,0.00482697831466794,0.004833083134144545,0.004767914768308401,0.004833083134144545,27802,0.0,0.0
2026-06-23 14:00:00+00:00,0.004832880105823278,0.004891939461231232,0.004832880105823278,0.004853160120546818,0,0.0,0.0
2026-06-23 15:00:00+00:00,0.004853160120546818,0.00493265176191926,0.004765723366290331,0.004798572510480881,197094,0.0,0.0
2026-06-23 16:00:00+00:00,0.004798588342964649,0.004823943600058556,0.004778177477419376,0.004787195473909378,0,0.0,0.0
2026-06-23 17:00:00+00:00,0.004787087440490723,0.004816100932657719,0.0047096009366214275,0.0047096009366214275,14743,0.0,0.0
2026-06-23 18:00:00+00:00,0.004741511773318052,0.004741809796541929,0.004628428258001804,0.004639788996428251,12143,0.0,0.0
2026-06-23 19:00:00+00:00,0.004640019033104181,0.00470189843326807,0.004637622740119696,0.0046811760403215885,0,0.0,0.0
2026-06-23 20:00:00+00:00,0.00469645531848073,0.00469645531848073,0.004561249166727066,0.004579300992190838,84377,0.0,0.0
2026-06-23 21:00:00+00:00,0.004579384811222553,0.004652617499232292,0.004579384811222553,0.004615438170731068,6266,0.0,0.0
2026-06-23 22:00:00+00:00,0.0046190121211111546,0.004688594024628401,0.00461229495704174,0.004687279928475618,1004,0.0,0.0
2026-06-23 23:00:00+00:00,0.0046872771345078945,0.0046872771345078945,0.0046291472390294075,0.004663391038775444,0,0.0,0.0
2026-06-24 00:00:00+00:00,0.00464293360710144,0.004716064315289259,0.004642656072974205,0.004716064315289259,19540,0.0,0.0
2026-06-24 01:00:00+00:00,0.004716196563094854,0.004716196563094854,0.004653738811612129,0.004685494117438793,0,0.0,0.0
2026-06-24 02:00:00+00:00,0.004685329273343086,0.004691351670771837,0.004613391123712063,0.004613391123712063,0,0.0,0.0
2026-06-24 03:00:00+00:00,0.004612676799297333,0.00465416582301259,0.0046010250225663185,0.004646760877221823,0,0.0,0.0
2026-06-24 04:00:00+00:00,0.004615579266101122,0.004700919613242149,0.004612747114151716,0.004700919613242149,7086,0.0,0.0
2026-06-24 05:00:00+00:00,0.004660656210035086,0.004701608791947365,0.004634672775864601,0.004634672775864601,0,0.0,0.0
2026-06-24 06:00:00+00:00,0.004636015743017197,0.004668369423598051,0.004615486599504948,0.0046388679184019566,0,0.0,0.0
2026-06-24 07:00:00+00:00,0.0046388618648052216,0.0046388618648052216,0.004588900599628687,0.004598320461809635,0,0.0,0.0
2026-06-24 08:00:00+00:00,0.004637300502508879,0.004646342247724533,0.004599732346832752,0.004616434685885906,0,0.0,0.0
2026-06-24 09:00:00+00:00,0.004616434685885906,0.004657060373574495,0.004607378039509058,0.004654132295399904,0,0.0,0.0
2026-06-24 10:00:00+00:00,0.004654125776141882,0.004654911812394857,0.004582531284540892,0.0045894430950284,0,0.0,0.0
2026-06-24 11:00:00+00:00,0.0045842817053198814,0.004662024788558483,0.0045572202652692795,0.004658272489905357,0,0.0,0.0
2026-06-24 12:00:00+00:00,0.004658265970647335,0.004694047849625349,0.004642041865736246,0.004693269729614258,7484,0.0,0.0
2026-06-24 13:00:00+00:00,0.004693152382969856,0.004693152382969856,0.004562817048281431,0.004606826696544886,0,0.0,0.0
2026-06-24 14:00:00+00:00,0.004602192435413599,0.00460221990942955,0.004560063127428293,0.004571316298097372,5656,0.0,0.0
2026-06-24 15:00:00+00:00,0.004585755057632923,0.00466172257438302,0.004476737696677446,0.004476737696677446,21158,0.0,0.0
2026-06-24 16:00:00+00:00,0.004476654343307018,0.004525151569396257,0.0044329408556222916,0.0044329408556222916,18681,0.0,0.0
2026-06-24 17:00:00+00:00,0.004433069843798876,0.004433256573975086,0.004366493783891201,0.004374438431113958,0,0.0,0.0
2026-06-24 18:00:00+00:00,0.004374438431113958,0.00440677534788847,0.004365410190075636,0.004394659772515297,0,0.0,0.0
2026-06-24 19:00:00+00:00,0.004393985960632563,0.004394302610307932,0.004370384383946657,0.004386823624372482,5963,0.0,0.0
2026-06-24 20:00:00+00:00,0.0043868208304047585,0.004467533435672522,0.004380953032523394,0.0044540599919855595,0,0.0,0.0
2026-06-24 21:00:00+00:00,0.004454056732356548,0.0044644661247730255,0.004435747861862183,0.004450524225831032,0,0.0,0.0
2026-06-24 22:00:00+00:00,0.004450550768524408,0.004468834027647972,0.004436873365193605,0.004448914434760809,0,0.0,0.0
2026-06-24 23:00:00+00:00,0.0044368659146130085,0.0044645932503044605,0.0044368659146130085,0.004445080645382404,820,0.0,0.0
2026-06-25 00:00:00+00:00,0.004446759819984436,0.0044891079887747765,0.00444519380107522,0.004457215312868357,0,0.0,0.0
2026-06-25 01:00:00+00:00,0.004455114249140024,0.004477623384445906,0.004437549505382776,0.004462020006030798,0,0.0,0.0
2026-06-25 02:00:00+00:00,0.004456789698451757,0.004465748555958271,0.004433086141943932,0.004465209785848856,2528,0.0,0.0
2026-06-25 03:00:00+00:00,0.004465209785848856,0.004467696882784367,0.004443982616066933,0.0044503966346383095,2519,0.0,0.0
2026-06-25 04:00:00+00:00,0.0044503966346383095,0.0044763763435184956,0.004447947721928358,0.004448611289262772,0,0.0,0.0
2026-06-25 05:00:00+00:00,0.0044494434259831905,0.004507455509155989,0.0044494434259831905,0.0044970144517719746,0,0.0,0.0
2026-06-25 06:00:00+00:00,0.004497026093304157,0.004503716714680195,0.004481875337660313,0.004502836614847183,0,0.0,0.0
2026-06-25 07:00:00+00:00,0.0045022438280284405,0.004514021333307028,0.004484119359403849,0.004505856893956661,9756,0.0,0.0
2026-06-25 08:00:00+00:00,0.004507526755332947,0.004511191044002771,0.004475186113268137,0.004485154524445534,0,0.0,0.0
2026-06-25 09:00:00+00:00,0.004485262557864189,0.004502884112298489,0.0044732969254255295,0.0044820113107562065,16550,0.0,0.0
2026-06-25 10:00:00+00:00,0.004483288154006004,0.004500966053456068,0.004461705684661865,0.004486520774662495,1101,0.0,0.0
2026-06-25 11:00:00+00:00,0.00448652496561408,0.004490147810429335,0.004457807634025812,0.004481236916035414,0,0.0,0.0
2026-06-25 12:00:00+00:00,0.004481220617890358,0.004494586493819952,0.004462824203073978,0.004462824203073978,0,0.0,0.0
2026-06-25 13:00:00+00:00,0.004469374194741249,0.004488217644393444,0.004294436424970627,0.004294436424970627,23467,0.0,0.0
2026-06-25 14:00:00+00:00,0.004295208025723696,0.004345191642642021,0.004251932725310326,0.004329144023358822,30293,0.0,0.0
2026-06-25 15:00:00+00:00,0.0043290602043271065,0.0043309410102665424,0.004262315109372139,0.0043077627196908,0,0.0,0.0
2026-06-25 16:00:00+00:00,0.004308174829930067,0.004310472868382931,0.0042135571129620075,0.004214052110910416,4123,0.0,0.0
2026-06-25 17:00:00+00:00,0.004214571323245764,0.004225316923111677,0.0042103854939341545,0.00421168003231287,0,0.0,0.0
2026-06-25 18:00:00+00:00,0.004213271196931601,0.004219844937324524,0.004184699151664972,0.004185185767710209,3540,0.0,0.0
2026-06-25 19:00:00+00:00,0.00418353546410799,0.00418353546410799,0.004156270995736122,0.004156377166509628,0,0.0,0.0
2026-06-25 20:00:00+00:00,0.0041562034748494625,0.004176995251327753,0.004153301473706961,0.00416850671172142,0,0.0,0.0
2026-06-25 21:00:00+00:00,0.004160331096500158,0.00423790467903018,0.004158589988946915,0.0042241401970386505,19011,0.0,0.0
2026-06-25 22:00:00+00:00,0.0042241401970386505,0.0042559015564620495,0.004223248455673456,0.004241887480020523,0,0.0,0.0
2026-06-25 23:00:00+00:00,0.004241843242198229,0.004323200322687626,0.00424079317599535,0.004316427744925022,20246,0.0,0.0
2026-06-26 00:00:00+00:00,0.00431638490408659,0.004317336715757847,0.004285337869077921,0.004285337869077921,0,0.0,0.0
2026-06-26 01:00:00+00:00,0.004285337869077921,0.004306904971599579,0.004161239601671696,0.004196647554636002,32360,0.0,0.0
2026-06-26 02:00:00+00:00,0.004190288484096527,0.004216455854475498,0.0040795328095555305,0.004084981046617031,56549,0.0,0.0
2026-06-26 03:00:00+00:00,0.004084981046617031,0.004126076586544514,0.004078045021742582,0.0041158380918204784,7979,0.0,0.0
2026-06-26 04:00:00+00:00,0.004123970400542021,0.004176161717623472,0.00411886814981699,0.004151202738285065,17661,0.0,0.0
2026-06-26 05:00:00+00:00,0.004151752684265375,0.004179915878921747,0.004144332837313414,0.004178281873464584,0,0.0,0.0
2026-06-26 06:00:00+00:00,0.004183076787739992,0.004244283307343721,0.004160118289291859,0.004244283307343721,22096,0.0,0.0
2026-06-26 07:00:00+00:00,0.004245384130626917,0.004290776327252388,0.004239312838762999,0.004259383771568537,9700,0.0,0.0
2026-06-26 08:00:00+00:00,0.0042662289924919605,0.00427317013964057,0.004247581586241722,0.004252880811691284,0,0.0,0.0
2026-06-26 09:00:00+00:00,0.0042426129803061485,0.004243982024490833,0.004204368218779564,0.004204368218779564,912,0.0,0.0
2026-06-26 10:00:00+00:00,0.004199491813778877,0.004293805919587612,0.004199491813778877,0.004272534511983395,7474,0.0,0.0
2026-06-26 11:00:00+00:00,0.004272523336112499,0.0042816088534891605,0.0042253583669662476,0.004251462873071432,2057,0.0,0.0
2026-06-26 12:00:00+00:00,0.004251442383974791,0.004278162494301796,0.0041913827881217,0.004197388421744108,28886,0.0,0.0
2026-06-26 13:00:00+00:00,0.004203791730105877,0.004239440429955721,0.004191102925688028,0.004239440429955721,0,0.0,0.0
2026-06-26 14:00:00+00:00,0.0042404914274811745,0.004284263588488102,0.0042404914274811745,0.004255213309079409,0,0.0,0.0
2026-06-26 15:00:00+00:00,0.004255175124853849,0.0043020835146307945,0.004255175124853849,0.004281176719814539,0,0.0,0.0
2026-06-26 16:00:00+00:00,0.004297289066016674,0.004297289066016674,0.00425174692645669,0.004265571478754282,0,0.0,0.0
2026-06-26 17:00:00+00:00,0.004265729803591967,0.0042684064246714115,0.004246369935572147,0.004257026128470898,0,0.0,0.0
2026-06-26 18:00:00+00:00,0.004257075022906065,0.004278790671378374,0.004234235733747482,0.004234235733747482,1201,0.0,0.0
2026-06-26 19:00:00+00:00,0.0042467908933758736,0.004263737238943577,0.004185425117611885,0.004185425117611885,18391,0.0,0.0
2026-06-26 20:00:00+00:00,0.004189063794910908,0.004224659409373999,0.0041857315227389336,0.004224659409373999,0,0.0,0.0
2026-06-26 21:00:00+00:00,0.004222918301820755,0.0042778137139976025,0.00422278419137001,0.004275169689208269,0,0.0,0.0
2026-06-26 22:00:00+00:00,0.0042751627042889595,0.0042936429381370544,0.0042751627042889595,0.004275756422430277,0,0.0,0.0
2026-06-26 23:00:00+00:00,0.0042757331393659115,0.004292127676308155,0.0042741671204566956,0.004290205892175436,0,0.0,0.0
2026-06-27 00:00:00+00:00,0.004290202632546425,0.004291989374905825,0.0042722104117274284,0.0042829327285289764,2290,0.0,0.0
2026-06-27 01:00:00+00:00,0.0042840722016990185,0.0042840722016990185,0.004244544077664614,0.004250689875334501,0,0.0,0.0
2026-06-27 02:00:00+00:00,0.004263317212462425,0.00428823521360755,0.0042584361508488655,0.0042876023799180984,0,0.0,0.0
2026-06-27 03:00:00+00:00,0.004291124641895294,0.0043138363398611546,0.00428743427619338,0.00428743427619338,0,0.0,0.0
2026-06-27 04:00:00+00:00,0.0042873951606452465,0.00430262740701437,0.004285991657525301,0.00429465901106596,0,0.0,0.0
2026-06-27 05:00:00+00:00,0.0042946538887917995,0.0042946538887917995,0.004273031372576952,0.004283579997718334,0,0.0,0.0
2026-06-27 06:00:00+00:00,0.004288305528461933,0.004301386419683695,0.004275993909686804,0.004301386419683695,0,0.0,0.0
2026-06-27 07:00:00+00:00,0.004301391541957855,0.004311315715312958,0.004289777483791113,0.004308691713958979,0,0.0,0.0
2026-06-27 08:00:00+00:00,0.0043128374963998795,0.0043128374963998795,0.0042783641256392,0.0042891791090369225,2772,0.0,0.0
2026-06-27 09:00:00+00:00,0.004291041754186153,0.004295507911592722,0.004285171162337065,0.004295357037335634,0,0.0,0.0
2026-06-27 10:00:00+00:00,0.004295389633625746,0.004312219098210335,0.004295389633625746,0.004309630952775478,0,0.0,0.0
2026-06-27 11:00:00+00:00,0.004309630952775478,0.004317516926676035,0.0043047945946455,0.004309535026550293,0,0.0,0.0
2026-06-27 12:00:00+00:00,0.0043118842877447605,0.0043534147553145885,0.004307885188609362,0.004347930196672678,0,0.0,0.0
2026-06-27 13:00:00+00:00,0.0043479325249791145,0.004421100951731205,0.004341714084148407,0.004417825490236282,10078,0.0,0.0
2026-06-27 14:00:00+00:00,0.004417684394866228,0.004429475404322147,0.004413056652992964,0.004418678116053343,0,0.0,0.0
2026-06-27 15:00:00+00:00,0.004418631084263325,0.0044903988018631935,0.004352368414402008,0.00435655890032649,81247,0.0,0.0
2026-06-27 16:00:00+00:00,0.004354268778115511,0.004360070452094078,0.004338755272328854,0.004338755272328854,0,0.0,0.0
2026-06-27 17:00:00+00:00,0.0043387566693127155,0.004355297423899174,0.00430397829040885,0.004306478425860405,4921,0.0,0.0
2026-06-27 18:00:00+00:00,0.004314497113227844,0.004314497113227844,0.0043027265928685665,0.004308935720473528,0,0.0,0.0
2026-06-27 19:00:00+00:00,0.0043089427053928375,0.004317557439208031,0.004217261914163828,0.004226900637149811,11552,0.0,0.0
2026-06-27 20:00:00+00:00,0.004210190381854773,0.004229159560054541,0.004206424579024315,0.00422167731449008,0,0.0,0.0
2026-06-27 21:00:00+00:00,0.004221676848828793,0.0042311339639127254,0.0041990866884589195,0.004203005228191614,4624,0.0,0.0
2026-06-27 22:00:00+00:00,0.004201381932944059,0.004207966849207878,0.004189538303762674,0.004190738312900066,0,0.0,0.0
2026-06-27 23:00:00+00:00,0.004190738312900066,0.004197363276034594,0.004166595172137022,0.004169523250311613,17894,0.0,0.0
2026-06-28 00:00:00+00:00,0.00416951347142458,0.0041847312822937965,0.004169443156570196,0.004173994995653629,0,0.0,0.0
2026-06-28 01:00:00+00:00,0.004173994995653629,0.004190894775092602,0.004171688109636307,0.004184299148619175,0,0.0,0.0
2026-06-28 02:00:00+00:00,0.004184613469988108,0.004193018190562725,0.004178219009190798,0.004189657978713512,0,0.0,0.0
2026-06-28 03:00:00+00:00,0.004189678933471441,0.004212622065097094,0.004189678933471441,0.004211401101201773,0,0.0,0.0
2026-06-28 04:00:00+00:00,0.0042078373953700066,0.004213878884911537,0.004196210764348507,0.004196210764348507,0,0.0,0.0
2026-06-28 05:00:00+00:00,0.004197431728243828,0.004201962146908045,0.004190449602901936,0.0042008948512375355,0,0.0,0.0
2026-06-28 06:00:00+00:00,0.004200962837785482,0.004209720995277166,0.0041946046985685825,0.004204165190458298,7090,0.0,0.0
2026-06-28 07:00:00+00:00,0.004204859957098961,0.004228748381137848,0.004204859957098961,0.004224477801471949,23103,0.0,0.0
2026-06-28 08:00:00+00:00,0.004224489443004131,0.004242083057761192,0.004213571082800627,0.004224318545311689,1922,0.0,0.0
2026-06-28 09:00:00+00:00,0.004224319942295551,0.004231375642120838,0.004214824642986059,0.0042150248773396015,0,0.0,0.0
2026-06-28 10:00:00+00:00,0.004216557834297419,0.00422922195866704,0.00419585220515728,0.004198687616735697,4968,0.0,0.0
2026-06-28 11:00:00+00:00,0.004197997506707907,0.004201339092105627,0.004195042420178652,0.004197624512016773,0,0.0,0.0
2026-06-28 12:00:00+00:00,0.004204401280730963,0.004233404062688351,0.004204262513667345,0.004233404062688351,0,0.0,0.0
2026-06-28 13:00:00+00:00,0.004250991623848677,0.004251846577972174,0.004216172732412815,0.004237474873661995,0,0.0,0.0
2026-06-28 14:00:00+00:00,0.004222019109874964,0.004232389852404594,0.004208948463201523,0.004219032358378172,0,0.0,0.0
2026-06-28 15:00:00+00:00,0.004219032358378172,0.0042275320738554,0.0041962494142353535,0.004197993315756321,0,0.0,0.0
2026-06-28 16:00:00+00:00,0.0041980743408203125,0.004203767515718937,0.004188632592558861,0.004189454484730959,0,0.0,0.0
2026-06-28 17:00:00+00:00,0.004189580678939819,0.004198092967271805,0.004153492394834757,0.004165544640272856,1181,0.0,0.0
2026-06-28 18:00:00+00:00,0.004165555350482464,0.004173628054559231,0.004161388147622347,0.004164614714682102,4089,0.0,0.0
2026-06-28 19:00:00+00:00,0.004164617042988539,0.004169793333858252,0.004153750371187925,0.004156228620558977,0,0.0,0.0
2026-06-28 20:00:00+00:00,0.004156182985752821,0.00416718190535903,0.004147124011069536,0.00415116548538208,0,0.0,0.0
2026-06-28 21:00:00+00:00,0.004151246044784784,0.004151246044784784,0.0041214837692677975,0.004132868722081184,11784,0.0,0.0
2026-06-28 22:00:00+00:00,0.004080020356923342,0.004094397649168968,0.004051136784255505,0.004051136784255505,30068,0.0,0.0
2026-06-28 23:00:00+00:00,0.004050957038998604,0.004073728807270527,0.004050957038998604,0.0040642074309289455,0,0.0,0.0
2026-06-29 00:00:00+00:00,0.0040641832165420055,0.004070536699146032,0.004031142219901085,0.004054410848766565,10691,0.0,0.0
2026-06-29 01:00:00+00:00,0.0040450021624565125,0.004057158716022968,0.004026464186608791,0.004026464186608791,8574,0.0,0.0
2026-06-29 02:00:00+00:00,0.004042321350425482,0.004055874887853861,0.004023956134915352,0.004051643889397383,7956,0.0,0.0
2026-06-29 03:00:00+00:00,0.004052870906889439,0.004100688733160496,0.0040420060977339745,0.0041006021201610565,9660,0.0,0.0
2026-06-29 04:00:00+00:00,0.00408802879974246,0.004111741669476032,0.0040643238462507725,0.004068716894835234,37668,0.0,0.0
2026-06-29 05:00:00+00:00,0.004068725276738405,0.004070926923304796,0.0040119364857673645,0.004029877949506044,23710,0.0,0.0
2026-06-29 06:00:00+00:00,0.004020927473902702,0.004046377260237932,0.004013809375464916,0.0040323929861187935,0,0.0,0.0
2026-06-29 07:00:00+00:00,0.0040324036963284016,0.004037616308778524,0.004013559781014919,0.004030452109873295,0,0.0,0.0
2026-06-29 08:00:00+00:00,0.0040172613225877285,0.0040415432304143906,0.004014254547655582,0.004035915248095989,0,0.0,0.0
2026-06-29 09:00:00+00:00,0.004035914782434702,0.004039802588522434,0.004018906503915787,0.004039802588522434,6435,0.0,0.0
2026-06-29 10:00:00+00:00,0.004039810970425606,0.004064488690346479,0.0040257032960653305,0.0040504708886146545,0,0.0,0.0
2026-06-29 11:00:00+00:00,0.004050522577017546,0.004068505018949509,0.00403685262426734,0.004053720738738775,0,0.0,0.0
2026-06-29 12:00:00+00:00,0.004053704906255007,0.004077548161149025,0.00402824254706502,0.004049873445183039,1895,0.0,0.0
2026-06-29 13:00:00+00:00,0.004049866460263729,0.004064405336976051,0.0039991578087210655,0.0039991578087210655,12458,0.0,0.0
2026-06-29 14:00:00+00:00,0.003998827189207077,0.004014907404780388,0.0039924862794578075,0.004013901110738516,0,0.0,0.0
2026-06-29 15:00:00+00:00,0.004013927653431892,0.004259010776877403,0.004012820310890675,0.004109293222427368,378107,0.0,0.0
2026-06-29 16:00:00+00:00,0.004109293222427368,0.004109293222427368,0.004059894010424614,0.004103535320609808,52706,0.0,0.0
2026-06-29 17:00:00+00:00,0.0040990086272358894,0.004188517574220896,0.00409148633480072,0.004188517574220896,42977,0.0,0.0
2026-06-29 18:00:00+00:00,0.004188084043562412,0.004263539798557758,0.004188084043562412,0.004225859418511391,15930,0.0,0.0
2026-06-29 19:00:00+00:00,0.004225347191095352,0.004225347191095352,0.004145103506743908,0.004162406548857689,8863,0.0,0.0
2026-06-29 20:00:00+00:00,0.004162134137004614,0.004162836819887161,0.004101763479411602,0.0041441284120082855,0,0.0,0.0
2026-06-29 21:00:00+00:00,0.004137780051678419,0.004137780051678419,0.004064778797328472,0.00407438725233078,0,0.0,0.0
2026-06-29 22:00:00+00:00,0.004078669939190149,0.0041203279979527,0.0040718126110732555,0.004118630196899176,0,0.0,0.0
2026-06-29 23:00:00+00:00,0.004118689335882664,0.004118689335882664,0.004067033063620329,0.004105642903596163,408,0.0,0.0
2026-06-30 00:00:00+00:00,0.004105642903596163,0.004109334200620651,0.004059402737766504,0.004096009768545628,0,0.0,0.0
2026-06-30 01:00:00+00:00,0.004096003714948893,0.004098914097994566,0.004061159212142229,0.0040903398767113686,0,0.0,0.0
2026-06-30 02:00:00+00:00,0.004090344067662954,0.004090344067662954,0.004031538497656584,0.004031538497656584,3032,0.0,0.0
2026-06-30 03:00:00+00:00,0.004036105237901211,0.00407434580847621,0.004032443277537823,0.004032478667795658,0,0.0,0.0
2026-06-30 04:00:00+00:00,0.004032478667795658,0.004070910159498453,0.004020410124212503,0.004053137265145779,0,0.0,0.0
2026-06-30 05:00:00+00:00,0.004053124226629734,0.004055905621498823,0.004008800722658634,0.004026482813060284,0,0.0,0.0
2026-06-30 06:00:00+00:00,0.004026205278933048,0.004047862719744444,0.004014629404991865,0.004045037552714348,17321,0.0,0.0
2026-06-30 07:00:00+00:00,0.004045037552714348,0.004047936759889126,0.004005655646324158,0.0040388344787061214,0,0.0,0.0
2026-06-30 08:00:00+00:00,0.0040388344787061214,0.004040762782096863,0.004011623095721006,0.0040380023419857025,1818,0.0,0.0
2026-06-30 09:00:00+00:00,0.004037999082356691,0.00404971931129694,0.004033376462757587,0.004033376462757587,10246,0.0,0.0
2026-06-30 10:00:00+00:00,0.0040333750657737255,0.004036512225866318,0.0039967880584299564,0.004009508993476629,0,0.0,0.0
2026-06-30 11:00:00+00:00,0.004009508993476629,0.004066838417202234,0.004008514806628227,0.0040631964802742004,35586,0.0,0.0
2026-06-30 12:00:00+00:00,0.004063104745000601,0.004066962283104658,0.00396305276080966,0.00396305276080966,20985,0.0,0.0
2026-06-30 13:00:00+00:00,0.003960750065743923,0.003992266487330198,0.003948019817471504,0.003976905718445778,0,0.0,0.0
2026-06-30 14:00:00+00:00,0.0039669848047196865,0.00407045055180788,0.0039669848047196865,0.004040029365569353,25550,0.0,0.0
2026-06-30 15:00:00+00:00,0.004044305998831987,0.004059027414768934,0.004021225497126579,0.004041478969156742,0,0.0,0.0
2026-06-30 16:00:00+00:00,0.004041478969156742,0.004065319430083036,0.004041478969156742,0.004044335335493088,0,0.0,0.0
2026-06-30 17:00:00+00:00,0.00404258631169796,0.004067275207489729,0.004039776511490345,0.004060701467096806,0,0.0,0.0
2026-06-30 18:00:00+00:00,0.004060715436935425,0.004064485896378756,0.004041449166834354,0.0040415991097688675,0,0.0,0.0
2026-06-30 19:00:00+00:00,0.004063436761498451,0.004072169773280621,0.004048538859933615,0.004071169998496771,0,0.0,0.0
2026-06-30 20:00:00+00:00,0.004069127142429352,0.004069306887686253,0.004046723246574402,0.004062598571181297,0,0.0,0.0
2026-06-30 21:00:00+00:00,0.004063925705850124,0.004075541626662016,0.004044083412736654,0.0040755365043878555,0,0.0,0.0
2026-06-30 22:00:00+00:00,0.004077393561601639,0.004077393561601639,0.004019795451313257,0.004019795451313257,6328,0.0,0.0
2026-06-30 23:00:00+00:00,0.004042636137455702,0.004047592170536518,0.004037321079522371,0.004042726941406727,300,0.0,0.0
2026-07-01 00:00:00+00:00,0.004042726941406727,0.004052461124956608,0.004032435826957226,0.004044299013912678,2273,0.0,0.0
2026-07-01 01:00:00+00:00,0.004043801687657833,0.004045753739774227,0.00395670160651207,0.003988084848970175,38350,0.0,0.0
2026-07-01 02:00:00+00:00,0.003988083451986313,0.003996799699962139,0.003970904741436243,0.003995539154857397,0,0.0,0.0
2026-07-01 03:00:00+00:00,0.0039988053031265736,0.003999828826636076,0.003985491581261158,0.003992753103375435,0,0.0,0.0
2026-07-01 04:00:00+00:00,0.0039928085170686245,0.004018130712211132,0.003970031626522541,0.004017912782728672,224,0.0,0.0
2026-07-01 05:00:00+00:00,0.004016868770122528,0.004042510408908129,0.004011758603155613,0.004029674455523491,0,0.0,0.0
2026-07-01 06:00:00+00:00,0.004029678180813789,0.004031626507639885,0.0039577544666826725,0.0039577544666826725,10621,0.0,0.0
2026-07-01 07:00:00+00:00,0.003957231529057026,0.0039699021726846695,0.003905019024387002,0.003911094274371862,23076,0.0,0.0
2026-07-01 08:00:00+00:00,0.003911170177161694,0.00391337089240551,0.0038936235941946507,0.003900584066286683,7098,0.0,0.0
2026-07-01 09:00:00+00:00,0.0038964832201600075,0.003942641895264387,0.0038964832201600075,0.003942641895264387,0,0.0,0.0
2026-07-01 10:00:00+00:00,0.003917005378752947,0.003943552728742361,0.003913369495421648,0.003915346227586269,0,0.0,0.0
2026-07-01 11:00:00+00:00,0.0039437804371118546,0.003946833778172731,0.003923786338418722,0.0039442661218345165,0,0.0,0.0
2026-07-01 12:00:00+00:00,0.003943496383726597,0.003947264514863491,0.00394214503467083,0.003945854492485523,0,0.0,0.0
2026-07-01 13:00:00+00:00,0.003945015836507082,0.003966479562222958,0.0039329188875854015,0.003966060467064381,2134,0.0,0.0
2026-07-01 14:00:00+00:00,0.0039750379510223866,0.00402992544695735,0.003974715247750282,0.004029919859021902,0,0.0,0.0
2026-07-01 15:00:00+00:00,0.004025417845696211,0.004069068469107151,0.004020425956696272,0.004067807458341122,3510,0.0,0.0
2026-07-01 16:00:00+00:00,0.004066861234605312,0.004069309215992689,0.004051124211400747,0.004051335155963898,6788,0.0,0.0
2026-07-01 17:00:00+00:00,0.004047686699777842,0.004055572208017111,0.004023937974125147,0.004055572208017111,0,0.0,0.0
2026-07-01 18:00:00+00:00,0.004053209908306599,0.004062761086970568,0.004038481507450342,0.004039595369249582,0,0.0,0.0
2026-07-01 19:00:00+00:00,0.004057415761053562,0.004065350163727999,0.004000805784016848,0.004024071618914604,7621,0.0,0.0
2026-07-01 20:00:00+00:00,0.004024059046059847,0.004028524272143841,0.003981021232903004,0.004009173717349768,6734,0.0,0.0
2026-07-01 21:00:00+00:00,0.004009176976978779,0.00406360998749733,0.004003939218819141,0.00406360998749733,6721,0.0,0.0
2026-07-01 22:00:00+00:00,0.004040572792291641,0.004084147047251463,0.004034905228763819,0.004078000318259001,9806,0.0,0.0
2026-07-01 23:00:00+00:00,0.004079899284988642,0.00410133320838213,0.004029855597764254,0.004029855597764254,13218,0.0,0.0
2026-07-02 00:00:00+00:00,0.004062941297888756,0.004062941297888756,0.003996295854449272,0.004014637786895037,0,0.0,0.0
2026-07-02 01:00:00+00:00,0.004014535341411829,0.0040433662943542,0.003995388280600309,0.00404280424118042,0,0.0,0.0
2026-07-02 02:00:00+00:00,0.004042287357151508,0.004055896308273077,0.004042287357151508,0.004055896308273077,0,0.0,0.0
2026-07-02 03:00:00+00:00,0.004051835276186466,0.004086463246494532,0.004043490160256624,0.004067164845764637,8164,0.0,0.0
2026-07-02 04:00:00+00:00,0.0040896497666835785,0.004123939201235771,0.0040701101534068584,0.004119933117181063,5984,0.0,0.0
2026-07-02 05:00:00+00:00,0.00411993358284235,0.004122130572795868,0.004085043910890818,0.0041121854446828365,7047,0.0,0.0
2026-07-02 06:00:00+00:00,0.0041121868416666985,0.004120614379644394,0.004092994146049023,0.0040992978028953075,0,0.0,0.0
2026-07-02 07:00:00+00:00,0.004100353457033634,0.0041228956542909145,0.004100353457033634,0.0041222162544727325,0,0.0,0.0
2026-07-02 08:00:00+00:00,0.0041222223080694675,0.004125077277421951,0.004106630105525255,0.004119673278182745,0,0.0,0.0
2026-07-02 09:00:00+00:00,0.00412018783390522,0.004127699416130781,0.004108790773898363,0.004127699416130781,2295,0.0,0.0
2026-07-02 10:00:00+00:00,0.004127987194806337,0.004153219982981682,0.004127702675759792,0.004136106930673122,1952,0.0,0.0
2026-07-02 11:00:00+00:00,0.004136201925575733,0.004141139332205057,0.00413521146401763,0.004140957724303007,263,0.0,0.0
2026-07-02 12:00:00+00:00,0.004140957724303007,0.004164278507232666,0.004122934769839048,0.004160829819738865,49519,0.0,0.0
2026-07-02 13:00:00+00:00,0.004178845323622227,0.0042742048390209675,0.004161016084253788,0.0042742048390209675,29139,0.0,0.0
2026-07-02 14:00:00+00:00,0.0042742048390209675,0.0042742048390209675,0.004197544418275356,0.004227405413985252,6766,0.0,0.0
2026-07-02 15:00:00+00:00,0.004208527505397797,0.00424841558560729,0.0042084199376404285,0.00424841558560729,7174,0.0,0.0
2026-07-02 16:00:00+00:00,0.004248419776558876,0.0042525227181613445,0.004110532812774181,0.004123813472688198,24231,0.0,0.0
2026-07-02 17:00:00+00:00,0.004120763391256332,0.004143292084336281,0.004119655583053827,0.004135273862630129,0,0.0,0.0
2026-07-02 18:00:00+00:00,0.0041375234723091125,0.004141256213188171,0.004119418561458588,0.004138465970754623,6582,0.0,0.0
2026-07-02 19:00:00+00:00,0.004138461779803038,0.004142076708376408,0.004106444772332907,0.004128932952880859,2810,0.0,0.0
2026-07-02 20:00:00+00:00,0.004129089880734682,0.004131246358156204,0.004104293417185545,0.004106358624994755,0,0.0,0.0
2026-07-02 21:00:00+00:00,0.004109228029847145,0.004144167527556419,0.004109089728444815,0.004127871710807085,0,0.0,0.0
2026-07-02 22:00:00+00:00,0.004127840045839548,0.004150863736867905,0.004125525709241629,0.00414846558123827,0,0.0,0.0
2026-07-02 23:00:00+00:00,0.004148460458964109,0.004148460458964109,0.004118525888770819,0.00414609257131815,2528,0.0,0.0
2026-07-03 00:00:00+00:00,0.0041465177200734615,0.004174187779426575,0.004138979595154524,0.004174187779426575,12597,0.0,0.0
2026-07-03 01:00:00+00:00,0.004157179966568947,0.004259051755070686,0.004157179966568947,0.004258074332028627,13315,0.0,0.0
2026-07-03 02:00:00+00:00,0.004256381653249264,0.004274291452020407,0.004256381653249264,0.004268440883606672,10310,0.0,0.0
2026-07-03 03:00:00+00:00,0.004267781041562557,0.004301066044718027,0.004264159593731165,0.004275583662092686,1084,0.0,0.0
2026-07-03 04:00:00+00:00,0.0042957281693816185,0.004301559645682573,0.004251663573086262,0.004263522569090128,1542,0.0,0.0
2026-07-03 05:00:00+00:00,0.004263517912477255,0.0042673866264522076,0.004235303029417992,0.0042497036047279835,0,0.0,0.0
2026-07-03 06:00:00+00:00,0.0042497036047279835,0.004274372011423111,0.004247916396707296,0.004272050689905882,6717,0.0,0.0
2026-07-03 07:00:00+00:00,0.0042720637284219265,0.004278172273188829,0.004258525092154741,0.004275536630302668,0,0.0,0.0
2026-07-03 08:00:00+00:00,0.004273345228284597,0.00430732686072588,0.00426391651853919,0.004306629300117493,6354,0.0,0.0
2026-07-03 09:00:00+00:00,0.00430662976577878,0.004306634422391653,0.004209211096167564,0.004228127188980579,46690,0.0,0.0
2026-07-03 10:00:00+00:00,0.0042281136848032475,0.004252198152244091,0.004213719163089991,0.004246911033987999,6770,0.0,0.0
2026-07-03 11:00:00+00:00,0.004244448617100716,0.00425324821844697,0.0042430036701262,0.004252567887306213,0,0.0,0.0
2026-07-03 12:00:00+00:00,0.00424738135188818,0.004264998249709606,0.004244391806423664,0.004251216538250446,0,0.0,0.0
2026-07-03 13:00:00+00:00,0.004262525122612715,0.004263428971171379,0.004240734968334436,0.004241782706230879,0,0.0,0.0
2026-07-03 14:00:00+00:00,0.004258006811141968,0.0042704688385128975,0.0042501455172896385,0.0042541236616671085,0,0.0,0.0
2026-07-03 15:00:00+00:00,0.004255049861967564,0.0043833148665726185,0.004255049861967564,0.004314606077969074,172252,0.0,0.0
2026-07-03 16:00:00+00:00,0.004314633086323738,0.004314633086323738,0.004265570547431707,0.004297161009162664,0,0.0,0.0
2026-07-03 17:00:00+00:00,0.004297256004065275,0.004297495819628239,0.004266293253749609,0.004267225973308086,0,0.0,0.0
2026-07-03 18:00:00+00:00,0.004267249722033739,0.004311778582632542,0.004267249722033739,0.004311094526201487,7260,0.0,0.0
2026-07-03 19:00:00+00:00,0.004311175085604191,0.004316117614507675,0.004282813519239426,0.004313247743993998,0,0.0,0.0
2026-07-03 20:00:00+00:00,0.004313233308494091,0.004315588623285294,0.004291212651878595,0.00431410688906908,1080,0.0,0.0
2026-07-03 21:00:00+00:00,0.004314099904149771,0.004316855687648058,0.00428219698369503,0.004283331800252199,0,0.0,0.0
2026-07-03 22:00:00+00:00,0.0042832763865590096,0.0043123518116772175,0.004282535053789616,0.0043106903322041035,3134,0.0,0.0
2026-07-03 23:00:00+00:00,0.004310657735913992,0.00433715945109725,0.0042930711060762405,0.00433715945109725,515,0.0,0.0
2026-07-04 00:00:00+00:00,0.004337185528129339,0.004346287343651056,0.004305431619286537,0.004305431619286537,2,0.0,0.0
2026-07-04 01:00:00+00:00,0.004307035822421312,0.004315461963415146,0.004273798316717148,0.004296570550650358,0,0.0,0.0
2026-07-04 02:00:00+00:00,0.004296581726521254,0.004306910093873739,0.004291031043976545,0.004297178704291582,0,0.0,0.0
2026-07-04 03:00:00+00:00,0.0042970916256308556,0.004325424320995808,0.004295241087675095,0.0043102651834487915,0,0.0,0.0
2026-07-04 04:00:00+00:00,0.004310301039367914,0.004341433756053448,0.004306767135858536,0.004327081143856049,0,0.0,0.0
2026-07-04 05:00:00+00:00,0.004327093251049519,0.004341345280408859,0.004314097575843334,0.004327123519033194,1523,0.0,0.0
2026-07-04 06:00:00+00:00,0.004337106831371784,0.004338468424975872,0.0043161953799426556,0.004331766162067652,0,0.0,0.0
2026-07-04 07:00:00+00:00,0.004331768024712801,0.004337778314948082,0.00431709224358201,0.004337778314948082,7480,0.0,0.0
2026-07-04 08:00:00+00:00,0.004337601829320192,0.004339833743870258,0.004309509880840778,0.004310748539865017,0,0.0,0.0
2026-07-04 09:00:00+00:00,0.004310744348913431,0.004326242953538895,0.0043037221767008305,0.0043066637590527534,0,0.0,0.0
2026-07-04 10:00:00+00:00,0.0043079606257379055,0.004325498826801777,0.0043044788762927055,0.004325034096837044,0,0.0,0.0
2026-07-04 11:00:00+00:00,0.004324971232563257,0.004328637849539518,0.00431154714897275,0.0043168929405510426,14595,0.0,0.0
2026-07-04 12:00:00+00:00,0.004316891077905893,0.0043307142332196236,0.004306081682443619,0.00431549409404397,0,0.0,0.0
2026-07-04 13:00:00+00:00,0.0043155052699148655,0.004331856966018677,0.004314257297664881,0.004324166104197502,0,0.0,0.0
2026-07-04 14:00:00+00:00,0.00432325154542923,0.004348601680248976,0.004319058731198311,0.004346173256635666,6069,0.0,0.0
2026-07-04 15:00:00+00:00,0.004346186760812998,0.004383549094200134,0.004334982950240374,0.004378227517008781,0,0.0,0.0
2026-07-04 16:00:00+00:00,0.00437811017036438,0.004447995685040951,0.004374655894935131,0.004429628606885672,12324,0.0,0.0
2026-07-04 17:00:00+00:00,0.0044296314008533955,0.004436184652149677,0.004420062527060509,0.004421193618327379,1980,0.0,0.0
2026-07-04 18:00:00+00:00,0.0044211954809725285,0.004435655195266008,0.00441215792670846,0.00441215792670846,0,0.0,0.0
2026-07-04 19:00:00+00:00,0.004412153270095587,0.004417507443577051,0.00440240278840065,0.004414018709212542,0,0.0,0.0
2026-07-04 20:00:00+00:00,0.004414035938680172,0.0044144634157419205,0.004391231574118137,0.004391231574118137,7008,0.0,0.0
2026-07-04 21:00:00+00:00,0.004391300957649946,0.004404543898999691,0.0043824841268360615,0.0043950448743999004,0,0.0,0.0
2026-07-04 22:00:00+00:00,0.004394988529384136,0.004401220940053463,0.004385278094559908,0.004394977819174528,0,0.0,0.0
2026-07-04 23:00:00+00:00,0.004394977819174528,0.004399786237627268,0.004388618282973766,0.004391392692923546,0,0.0,0.0
2026-07-05 00:00:00+00:00,0.004391378723084927,0.004391378723084927,0.004366105888038874,0.004370167851448059,1175,0.0,0.0
2026-07-05 01:00:00+00:00,0.004370170179754496,0.004370170179754496,0.004289739299565554,0.004291719291359186,0,0.0,0.0
2026-07-05 02:00:00+00:00,0.004287995398044586,0.004287995398044586,0.0041971285827457905,0.0041971285827457905,6664,0.0,0.0
2026-07-05 03:00:00+00:00,0.004196938592940569,0.004205723758786917,0.004185516852885485,0.004203487187623978,6680,0.0,0.0
2026-07-05 04:00:00+00:00,0.004203484859317541,0.004219551105052233,0.0042012943886220455,0.004219551105052233,0,0.0,0.0
2026-07-05 05:00:00+00:00,0.0042195552960038185,0.0042195552960038185,0.004198731854557991,0.004204379394650459,5280,0.0,0.0
2026-07-05 06:00:00+00:00,0.0042043705470860004,0.004240136593580246,0.004195302724838257,0.004236156586557627,1780,0.0,0.0
2026-07-05 07:00:00+00:00,0.00423149298876524,0.004235436674207449,0.004217543639242649,0.004222952760756016,0,0.0,0.0
2026-07-05 08:00:00+00:00,0.004223745781928301,0.004234706982970238,0.0042189196683466434,0.004233782645314932,0,0.0,0.0
2026-07-05 09:00:00+00:00,0.004233923275023699,0.004234896972775459,0.004215507302433252,0.004220125265419483,0,0.0,0.0
2026-07-05 10:00:00+00:00,0.004219898488372564,0.004224032629281282,0.004198974464088678,0.004218714777380228,4679,0.0,0.0
2026-07-05 11:00:00+00:00,0.004218723624944687,0.004224530421197414,0.004210988059639931,0.004216865636408329,0,0.0,0.0
2026-07-05 12:00:00+00:00,0.004216751549392939,0.004232173785567284,0.004214046057313681,0.004230779130011797,4621,0.0,0.0
2026-07-05 13:00:00+00:00,0.004237011075019836,0.004247688688337803,0.004229235928505659,0.00424547353759408,1140,0.0,0.0
2026-07-05 14:00:00+00:00,0.0042454698123037815,0.0042454698123037815,0.004225571174174547,0.004230977036058903,0,0.0,0.0
2026-07-05 15:00:00+00:00,0.0042372774332761765,0.004244078416377306,0.004233790095895529,0.004243077244609594,0,0.0,0.0
2026-07-05 16:00:00+00:00,0.004242226481437683,0.004244070500135422,0.004234296269714832,0.004239717498421669,0,0.0,0.0
2026-07-05 17:00:00+00:00,0.0042397137731313705,0.004243696108460426,0.004230232909321785,0.00423814170062542,0,0.0,0.0
2026-07-05 18:00:00+00:00,0.004238145891577005,0.004242309834808111,0.004228836391121149,0.0042400117963552475,552,0.0,0.0
2026-07-05 19:00:00+00:00,0.004240009002387524,0.004241949412971735,0.0042265597730875015,0.004236976616084576,0,0.0,0.0
2026-07-05 20:00:00+00:00,0.0042369733564555645,0.004239868838340044,0.004224289208650589,0.004236294887959957,0,0.0,0.0
2026-07-05 21:00:00+00:00,0.004236297216266394,0.004237764049321413,0.004221575800329447,0.004232811275869608,3106,0.0,0.0
2026-07-05 22:00:00+00:00,0.00423276424407959,0.004243356641381979,0.00422570900991559,0.004243356641381979,18176,0.0,0.0
2026-07-05 23:00:00+00:00,0.004243363626301289,0.004257154650986195,0.0042378706857562065,0.004248596727848053,33978,0.0,0.0
2026-07-06 00:00:00+00:00,0.004245790187269449,0.004263877868652344,0.004240297246724367,0.004252802114933729,0,0.0,0.0
2026-07-06 01:00:00+00:00,0.0042527709156274796,0.004264777526259422,0.004234180320054293,0.004234180320054293,0,0.0,0.0
2026-07-06 02:00:00+00:00,0.0042340680956840515,0.004243381321430206,0.004210864193737507,0.004210864193737507,0,0.0,0.0
2026-07-06 03:00:00+00:00,0.004210864193737507,0.0042130714282393456,0.0041791037656366825,0.004194530192762613,2663,0.0,0.0
2026-07-06 04:00:00+00:00,0.004194531589746475,0.004204240161925554,0.004176598507910967,0.004204240161925554,4435,0.0,0.0
2026-07-06 05:00:00+00:00,0.004204247146844864,0.0042104762978851795,0.004167269915342331,0.004169140476733446,5639,0.0,0.0
2026-07-06 06:00:00+00:00,0.004169135354459286,0.004169135354459286,0.004153996706008911,0.004156533163040876,4082,0.0,0.0
2026-07-06 07:00:00+00:00,0.00415319949388504,0.004169550258666277,0.004142012447118759,0.004147958941757679,0,0.0,0.0
2026-07-06 08:00:00+00:00,0.004148053005337715,0.004153472371399403,0.004132966976612806,0.0041448320262134075,851,0.0,0.0
2026-07-06 09:00:00+00:00,0.0041448320262134075,0.0041507636196911335,0.00412914389744401,0.004147922620177269,8060,0.0,0.0
2026-07-06 10:00:00+00:00,0.004147767089307308,0.004147767089307308,0.004120034631341696,0.004139164462685585,13391,0.0,0.0
2026-07-06 11:00:00+00:00,0.004139202181249857,0.004141721874475479,0.004122291691601276,0.00413326732814312,0,0.0,0.0
2026-07-06 12:00:00+00:00,0.004133348818868399,0.004133348818868399,0.00409225607290864,0.004108245950192213,18430,0.0,0.0
2026-07-06 13:00:00+00:00,0.00410819286480546,0.004206111654639244,0.004102520179003477,0.00414460152387619,16778,0.0,0.0
2026-07-06 14:00:00+00:00,0.0041647134348750114,0.004172981716692448,0.004140910226851702,0.0041548386216163635,0,0.0,0.0
2026-07-06 15:00:00+00:00,0.004154834430664778,0.004244289360940456,0.004154834430664778,0.0042442199774086475,22425,0.0,0.0
2026-07-06 16:00:00+00:00,0.004244949668645859,0.004279710352420807,0.004244848154485226,0.004279710352420807,2868,0.0,0.0
2026-07-06 17:00:00+00:00,0.004279711749404669,0.0042848242446780205,0.0042634145356714725,0.004284691531211138,10551,0.0,0.0
2026-07-06 18:00:00+00:00,0.004284695256501436,0.004304863046854734,0.004265866708010435,0.004301707725971937,7785,0.0,0.0
2026-07-06 19:00:00+00:00,0.0043016946874558926,0.004303500987589359,0.0042724828235805035,0.004276169463992119,6360,0.0,0.0
2026-07-06 20:00:00+00:00,0.004276190418750048,0.00427814107388258,0.004269437398761511,0.004275617189705372,2830,0.0,0.0
2026-07-06 21:00:00+00:00,0.004275612998753786,0.004342666827142239,0.004264835733920336,0.004342223517596722,14885,0.0,0.0
2026-07-06 22:00:00+00:00,0.004342293832451105,0.004446850623935461,0.00431855721399188,0.004446850623935461,7665,0.0,0.0
2026-07-06 23:00:00+00:00,0.004446776583790779,0.004481513053178787,0.004433450289070606,0.004457408562302589,449,0.0,0.0
2026-07-07 00:00:00+00:00,0.004457414150238037,0.004457414150238037,0.00436865771189332,0.004403708502650261,15630,0.0,0.0
2026-07-07 01:00:00+00:00,0.004403748083859682,0.004413162358105183,0.0043625119142234325,0.004367619287222624,2282,0.0,0.0
2026-07-07 02:00:00+00:00,0.004366331733763218,0.004390965681523085,0.004344233777374029,0.004344562534242868,1312,0.0,0.0
2026-07-07 03:00:00+00:00,0.0043442510068416595,0.004383554682135582,0.004328856244683266,0.004366785753518343,2166,0.0,0.0
2026-07-07 04:00:00+00:00,0.004366706125438213,0.004388117231428623,0.004356310702860355,0.004383264575153589,0,0.0,0.0
2026-07-07 05:00:00+00:00,0.004383258055895567,0.004391354508697987,0.004357040859758854,0.004364847671240568,0,0.0,0.0
2026-07-07 06:00:00+00:00,0.0043649980798363686,0.004388069733977318,0.0043536825105547905,0.004358794540166855,0,0.0,0.0
2026-07-07 07:00:00+00:00,0.004358717240393162,0.004377396777272224,0.004344634246081114,0.004344634246081114,3908,0.0,0.0
2026-07-07 08:00:00+00:00,0.00434509152546525,0.004358349367976189,0.004314209334552288,0.0043165069073438644,3271,0.0,0.0
2026-07-07 09:00:00+00:00,0.004316719248890877,0.0043331715278327465,0.004314153455197811,0.004332972690463066,0,0.0,0.0
2026-07-07 10:00:00+00:00,0.004332931246608496,0.004508553072810173,0.004332372918725014,0.004506603814661503,41895,0.0,0.0
2026-07-07 11:00:00+00:00,0.004506786819547415,0.004651534371078014,0.004471486900001764,0.004471486900001764,133323,0.0,0.0
2026-07-07 12:00:00+00:00,0.004466616082936525,0.00450354628264904,0.004418074153363705,0.00446362653747201,26178,0.0,0.0
2026-07-07 13:00:00+00:00,0.004466505721211433,0.004472388420253992,0.0044276718981564045,0.0044288961216807365,0,0.0,0.0
2026-07-07 14:00:00+00:00,0.00443862471729517,0.00443862471729517,0.0043272231705486774,0.004358957521617413,22351,0.0,0.0
2026-07-07 15:00:00+00:00,0.004362031817436218,0.00437235739082098,0.004263308830559254,0.004264124669134617,11499,0.0,0.0
2026-07-07 16:00:00+00:00,0.004267115145921707,0.004314590245485306,0.004263523034751415,0.004314543679356575,2341,0.0,0.0
2026-07-07 17:00:00+00:00,0.004276030696928501,0.004352371674031019,0.004276030696928501,0.004352371674031019,0,0.0,0.0
2026-07-07 18:00:00+00:00,0.004331989213824272,0.004348942544311285,0.004263207316398621,0.00426348764449358,0,0.0,0.0
2026-07-07 19:00:00+00:00,0.004263535141944885,0.004264666698873043,0.004234903492033482,0.004234903492033482,2104,0.0,0.0
2026-07-07 20:00:00+00:00,0.004233629442751408,0.0042560407891869545,0.0042249117977917194,0.004240047186613083,0,0.0,0.0
2026-07-07 21:00:00+00:00,0.004240017384290695,0.004256844986230135,0.004219822585582733,0.004223524127155542,0,0.0,0.0
2026-07-07 22:00:00+00:00,0.004217433277517557,0.004227778408676386,0.004212693776935339,0.00421945983543992,0,0.0,0.0
2026-07-07 23:00:00+00:00,0.004219116643071175,0.004219116643071175,0.004146060906350613,0.004147388972342014,18995,0.0,0.0
2026-07-08 00:00:00+00:00,0.00414552167057991,0.004158622119575739,0.0041287243366241455,0.004142307210713625,0,0.0,0.0
2026-07-08 01:00:00+00:00,0.00414253119379282,0.004149191547185183,0.004108934663236141,0.004108934663236141,5952,0.0,0.0
2026-07-08 02:00:00+00:00,0.004109607543796301,0.004109987057745457,0.004092210438102484,0.004095231182873249,0,0.0,0.0
2026-07-08 03:00:00+00:00,0.004095571581274271,0.004133495502173901,0.004095571581274271,0.004103315528482199,2238,0.0,0.0
2026-07-08 04:00:00+00:00,0.004103531129658222,0.004106801003217697,0.004077430814504623,0.00409729266539216,18016,0.0,0.0
2026-07-08 05:00:00+00:00,0.0040968949906528,0.00410145940259099,0.004075959324836731,0.004087727516889572,615,0.0,0.0
2026-07-08 06:00:00+00:00,0.004100024700164795,0.004104113206267357,0.0040900069288909435,0.004103825427591801,0,0.0,0.0
2026-07-08 07:00:00+00:00,0.004103653598576784,0.004128927830606699,0.004103653598576784,0.0041274866089224815,9320,0.0,0.0
2026-07-08 08:00:00+00:00,0.004127364605665207,0.004127364605665207,0.004071022849529982,0.004095543175935745,0,0.0,0.0
2026-07-08 09:00:00+00:00,0.004095540847629309,0.004097552038729191,0.004068661015480757,0.00408460758626461,0,0.0,0.0
2026-07-08 10:00:00+00:00,0.004084496293216944,0.004084545653313398,0.004038715735077858,0.004043102730065584,0,0.0,0.0
2026-07-08 11:00:00+00:00,0.004043177235871553,0.004044129978865385,0.00400392385199666,0.004044129978865385,0,0.0,0.0
2026-07-08 12:00:00+00:00,0.0040441229939460754,0.004049445502460003,0.004036907106637955,0.004043725319206715,0,0.0,0.0
2026-07-08 13:00:00+00:00,0.00404334207996726,0.004059554543346167,0.004028440918773413,0.004028440918773413,0,0.0,0.0
2026-07-08 14:00:00+00:00,0.004024919588118792,0.0040708258748054504,0.004024919588118792,0.0040708258748054504,0,0.0,0.0
2026-07-08 15:00:00+00:00,0.004068680573254824,0.004073277115821838,0.004041033796966076,0.004057934507727623,0,0.0,0.0
2026-07-08 16:00:00+00:00,0.004058871418237686,0.004094224888831377,0.004058871418237686,0.004093056079000235,103,0.0,0.0
2026-07-08 17:00:00+00:00,0.004094012081623077,0.004096471704542637,0.004090963862836361,0.004093751776963472,0,0.0,0.0
2026-07-08 18:00:00+00:00,0.0040939268656075,0.0041023786179721355,0.004084711894392967,0.004100036807358265,0,0.0,0.0
2026-07-08 19:00:00+00:00,0.004103298764675856,0.004105505999177694,0.004078532103449106,0.00408254936337471,0,0.0,0.0
2026-07-08 20:00:00+00:00,0.004081584047526121,0.004095215816050768,0.0040778955444693565,0.004081031307578087,3643,0.0,0.0
2026-07-08 21:00:00+00:00,0.0040810140781104565,0.0040826816111803055,0.004075168166309595,0.004079286940395832,0,0.0,0.0
2026-07-08 22:00:00+00:00,0.004079888574779034,0.0041001117788255215,0.004075725097209215,0.0041001117788255215,0,0.0,0.0
2026-07-08 23:00:00+00:00,0.004103753715753555,0.004105722066015005,0.00403498113155365,0.004035899881273508,0,0.0,0.0
2026-07-09 00:00:00+00:00,0.004035672172904015,0.0040465001948177814,0.004035306628793478,0.004035306628793478,499,0.0,0.0
2026-07-09 01:00:00+00:00,0.004033874720335007,0.004077853634953499,0.004033874720335007,0.004069196991622448,0,0.0,0.0
2026-07-09 02:00:00+00:00,0.0040708365850150585,0.004075139295309782,0.004050555173307657,0.004050577990710735,0,0.0,0.0
2026-07-09 03:00:00+00:00,0.004050577990710735,0.00406147725880146,0.004047490656375885,0.004060545936226845,0,0.0,0.0
2026-07-09 04:00:00+00:00,0.0040626139380037785,0.004069753922522068,0.004048987757414579,0.0040677995420992374,0,0.0,0.0
2026-07-09 05:00:00+00:00,0.004067908972501755,0.004105132073163986,0.004059820901602507,0.004105132073163986,16244,0.0,0.0
2026-07-09 06:00:00+00:00,0.004104900639504194,0.004110559355467558,0.004099375102669001,0.004107735585421324,0,0.0,0.0
2026-07-09 07:00:00+00:00,0.004107518587261438,0.004107518587261438,0.004097405355423689,0.004097683820873499,0,0.0,0.0
2026-07-09 08:00:00+00:00,0.004098907578736544,0.0041136713698506355,0.004098502453416586,0.0041106874123215675,5036,0.0,0.0
2026-07-09 09:00:00+00:00,0.004110610578209162,0.004152580164372921,0.004110610578209162,0.004152580164372921,0,0.0,0.0
2026-07-09 10:00:00+00:00,0.004158619325608015,0.004161044489592314,0.00414377823472023,0.004143878817558289,0,0.0,0.0
2026-07-09 11:00:00+00:00,0.004143944475799799,0.004166736267507076,0.004139459226280451,0.004149428103119135,0,0.0,0.0
2026-07-09 12:00:00+00:00,0.00414984580129385,0.004151666071265936,0.004135838244110346,0.004142806865274906,0,0.0,0.0
2026-07-09 13:00:00+00:00,0.00414281478151679,0.004154481925070286,0.004136702045798302,0.0041426075622439384,454,0.0,0.0
2026-07-09 14:00:00+00:00,0.004142832942306995,0.0041537657380104065,0.0041373553685843945,0.0041442131623625755,0,0.0,0.0
2026-07-09 15:00:00+00:00,0.004144878126680851,0.004146457649767399,0.004131263587623835,0.004131263587623835,0,0.0,0.0
2026-07-09 16:00:00+00:00,0.00413132319226861,0.004140607547014952,0.004130960442125797,0.004136808216571808,0,0.0,0.0
2026-07-09 17:00:00+00:00,0.004136808216571808,0.004145070910453796,0.004129968583583832,0.004136187024414539,7233,0.0,0.0
2026-07-09 18:00:00+00:00,0.0041362205520272255,0.004149075597524643,0.0041362205520272255,0.00414767861366272,0,0.0,0.0
2026-07-09 19:00:00+00:00,0.004147862549871206,0.004156587179750204,0.004143914207816124,0.0041516427882015705,0,0.0,0.0
2026-07-09 20:00:00+00:00,0.004152894951403141,0.0041604735888540745,0.0041498662903904915,0.004158115014433861,0,0.0,0.0
2026-07-09 21:00:00+00:00,0.00415812199935317,0.004167170263826847,0.004151544999331236,0.004167170263826847,7585,0.0,0.0
2026-07-09 22:00:00+00:00,0.004167351871728897,0.0041845738887786865,0.004167236387729645,0.0041845738887786865,5571,0.0,0.0
2026-07-09 23:00:00+00:00,0.004184664227068424,0.004189302679151297,0.004176434129476547,0.004186840262264013,0,0.0,0.0
2026-07-10 00:00:00+00:00,0.004182257689535618,0.004188374616205692,0.004148825537413359,0.0041540320962667465,4751,0.0,0.0
2026-07-10 01:00:00+00:00,0.004154029302299023,0.004207707941532135,0.004151773639023304,0.004207707941532135,6918,0.0,0.0
2026-07-10 02:00:00+00:00,0.004207645542919636,0.004207944963127375,0.004191629588603973,0.004204481840133667,3412,0.0,0.0
2026-07-10 03:00:00+00:00,0.004195227753371,0.004204918630421162,0.004181749187409878,0.004201186820864677,9591,0.0,0.0
2026-07-10 04:00:00+00:00,0.004192042630165815,0.004201727919280529,0.004182453267276287,0.004187868908047676,711,0.0,0.0
2026-07-10 05:00:00+00:00,0.0041841608472168446,0.004188884049654007,0.004182265140116215,0.004182866308838129,0,0.0,0.0
2026-07-10 06:00:00+00:00,0.004182868171483278,0.004183272365480661,0.004168679937720299,0.004179944284260273,3259,0.0,0.0
2026-07-10 07:00:00+00:00,0.004179651383310556,0.004179858602583408,0.004168604500591755,0.004179357551038265,0,0.0,0.0
2026-07-10 08:00:00+00:00,0.004179356154054403,0.004185857251286507,0.004166966769844294,0.004179453477263451,4925,0.0,0.0
2026-07-10 09:00:00+00:00,0.004181177355349064,0.004292367957532406,0.004181177355349064,0.004292367957532406,34738,0.0,0.0
2026-07-10 10:00:00+00:00,0.004292355850338936,0.004317230544984341,0.004236521665006876,0.004306469578295946,14195,0.0,0.0
2026-07-10 11:00:00+00:00,0.004306469578295946,0.004306469578295946,0.004292520694434643,0.004300457425415516,0,0.0,0.0
2026-07-10 12:00:00+00:00,0.004300462082028389,0.004309790208935738,0.004296411760151386,0.004301683511584997,0,0.0,0.0
2026-07-10 13:00:00+00:00,0.004301715642213821,0.004358027596026659,0.00429926160722971,0.004355665296316147,34245,0.0,0.0
2026-07-10 14:00:00+00:00,0.004358232021331787,0.004435988608747721,0.004350439645349979,0.004397989250719547,43842,0.0,0.0
2026-07-10 15:00:00+00:00,0.004397515673190355,0.004405986983329058,0.004289771430194378,0.004300826229155064,19739,0.0,0.0
2026-07-10 16:00:00+00:00,0.004301158245652914,0.004304225090891123,0.004229309502989054,0.0042443107813596725,22674,0.0,0.0
2026-07-10 17:00:00+00:00,0.0042443107813596725,0.004245663061738014,0.00422873068600893,0.004235061816871166,0,0.0,0.0
2026-07-10 18:00:00+00:00,0.004234990105032921,0.004234990105032921,0.004219405818730593,0.004219405818730593,977,0.0,0.0
2026-07-10 19:00:00+00:00,0.004219505470246077,0.0042249527759850025,0.00421663885936141,0.004223426338285208,523,0.0,0.0
2026-07-10 20:00:00+00:00,0.004223426338285208,0.0042314366437494755,0.00422207685187459,0.004228783305734396,0,0.0,0.0
2026-07-10 21:00:00+00:00,0.004228783305734396,0.004235484171658754,0.0042236787267029285,0.004228512290865183,0,0.0,0.0
2026-07-10 22:00:00+00:00,0.004228504840284586,0.004251571372151375,0.004228504840284586,0.004245060496032238,0,0.0,0.0
2026-07-10 23:00:00+00:00,0.004245094954967499,0.004263422917574644,0.004237579181790352,0.004256991669535637,6367,0.0,0.0
2026-07-11 00:00:00+00:00,0.004256810527294874,0.004268263466656208,0.00424833782017231,0.00425467174500227,0,0.0,0.0
2026-07-11 01:00:00+00:00,0.004254684783518314,0.004302383400499821,0.004253355786204338,0.004286212380975485,1730,0.0,0.0
2026-07-11 02:00:00+00:00,0.004301039967685938,0.004301899112761021,0.004280474968254566,0.004296091850847006,0,0.0,0.0
2026-07-11 03:00:00+00:00,0.004296406172215939,0.004302483517676592,0.0042869276367127895,0.004294214304536581,0,0.0,0.0
2026-07-11 04:00:00+00:00,0.004294195678085089,0.004299093037843704,0.004285896196961403,0.004287899471819401,0,0.0,0.0
2026-07-11 05:00:00+00:00,0.004286634735763073,0.004302552901208401,0.004282116889953613,0.004285037517547607,0,0.0,0.0
2026-07-11 06:00:00+00:00,0.004285037517547607,0.004302061162889004,0.004281729459762573,0.004284324590116739,0,0.0,0.0
2026-07-11 07:00:00+00:00,0.004284555558115244,0.0043013859540224075,0.004275708459317684,0.004276967141777277,0,0.0,0.0
2026-07-11 08:00:00+00:00,0.004276961088180542,0.0043013133108615875,0.004261854570358992,0.004278757609426975,0,0.0,0.0
2026-07-11 09:00:00+00:00,0.004278756678104401,0.004280993714928627,0.0042609903030097485,0.0042691947892308235,0,0.0,0.0
2026-07-11 10:00:00+00:00,0.004269013646990061,0.004279470071196556,0.004266844596713781,0.004278301727026701,0,0.0,0.0
2026-07-11 11:00:00+00:00,0.004270368721336126,0.004279224202036858,0.004262319765985012,0.004266045056283474,5277,0.0,0.0
2026-07-11 12:00:00+00:00,0.0042658098973333836,0.004265935625880957,0.0042565083131194115,0.00426277332007885,0,0.0,0.0
2026-07-11 13:00:00+00:00,0.0042626154609024525,0.004294638056308031,0.004257119260728359,0.00429053558036685,0,0.0,0.0
2026-07-11 14:00:00+00:00,0.004291904624551535,0.00430671963840723,0.004289679229259491,0.00430671963840723,0,0.0,0.0
2026-07-11 15:00:00+00:00,0.0043127755634486675,0.0043127755634486675,0.0042951772920787334,0.00429762527346611,0,0.0,0.0
2026-07-11 16:00:00+00:00,0.004302640911191702,0.004309384617954493,0.004292962606996298,0.004301215056329966,0,0.0,0.0
2026-07-11 17:00:00+00:00,0.004301709588617086,0.0043072812259197235,0.004285706207156181,0.00428673205897212,553,0.0,0.0
2026-07-11 18:00:00+00:00,0.00428673205897212,0.004291429650038481,0.004285816103219986,0.00428825942799449,1402,0.0,0.0
2026-07-11 19:00:00+00:00,0.004288624506443739,0.004293761216104031,0.004288624506443739,0.004290490876883268,0,0.0,0.0
2026-07-11 20:00:00+00:00,0.004290432669222355,0.004290751181542873,0.004276123363524675,0.004276287741959095,7376,0.0,0.0
2026-07-11 21:00:00+00:00,0.0042761689983308315,0.004278890788555145,0.004274324048310518,0.0042747799307107925,1310,0.0,0.0
2026-07-11 22:00:00+00:00,0.0042747086845338345,0.004285698756575584,0.004251361824572086,0.004252600949257612,5039,0.0,0.0
2026-07-11 23:00:00+00:00,0.004252548795193434,0.004252548795193434,0.00416255509480834,0.00416255509480834,16940,0.0,0.0
2026-07-12 00:00:00+00:00,0.00416100537404418,0.004179980605840683,0.0041608670726418495,0.004176650196313858,6063,0.0,0.0
2026-07-12 01:00:00+00:00,0.004167755134403706,0.004246946889907122,0.004167755134403706,0.00424585584551096,25065,0.0,0.0
2026-07-12 02:00:00+00:00,0.004246452823281288,0.0042943512089550495,0.0042385864071547985,0.0042943512089550495,14179,0.0,0.0
2026-07-12 03:00:00+00:00,0.004300353117287159,0.00431832717731595,0.004294912796467543,0.00431697815656662,298,0.0,0.0
2026-07-12 04:00:00+00:00,0.004314515274018049,0.0043921153992414474,0.004314506892114878,0.004380960948765278,20329,0.0,0.0
2026-07-12 05:00:00+00:00,0.004380960948765278,0.004387026187032461,0.004287829622626305,0.004297683015465736,31391,0.0,0.0
2026-07-12 06:00:00+00:00,0.004298289306461811,0.004315955564379692,0.0042982641607522964,0.004311415366828442,1691,0.0,0.0
2026-07-12 07:00:00+00:00,0.004307822324335575,0.004338855389505625,0.0043043228797614574,0.004330576863139868,5537,0.0,0.0
2026-07-12 08:00:00+00:00,0.004337295889854431,0.004354760516434908,0.004329182673245668,0.004332877695560455,0,0.0,0.0
2026-07-12 09:00:00+00:00,0.00433288374915719,0.004345022141933441,0.0043116300366818905,0.0043428572826087475,4252,0.0,0.0
2026-07-12 10:00:00+00:00,0.004338380880653858,0.004344613756984472,0.004326037131249905,0.004326037131249905,0,0.0,0.0
2026-07-12 11:00:00+00:00,0.004327051807194948,0.00436817854642868,0.004325041547417641,0.00436805933713913,12860,0.0,0.0
2026-07-12 12:00:00+00:00,0.004368051886558533,0.004368671681731939,0.004328597337007523,0.004342224448919296,11458,0.0,0.0
2026-07-12 13:00:00+00:00,0.004342218395322561,0.004345972556620836,0.004319785628467798,0.004336359910666943,0,0.0,0.0
2026-07-12 14:00:00+00:00,0.004326664377003908,0.0043355305679142475,0.004314107354730368,0.004315929487347603,0,0.0,0.0
2026-07-12 15:00:00+00:00,0.004315546713769436,0.004329849500209093,0.004298142157495022,0.004319337196648121,7912,0.0,0.0
2026-07-12 16:00:00+00:00,0.004325538408011198,0.004327182192355394,0.004302037879824638,0.004317902959883213,0,0.0,0.0
2026-07-12 17:00:00+00:00,0.004317867569625378,0.004317867569625378,0.004258188419044018,0.004272965714335442,4156,0.0,0.0
2026-07-12 18:00:00+00:00,0.004272970370948315,0.004278713371604681,0.004255368839949369,0.004263109527528286,0,0.0,0.0
2026-07-12 19:00:00+00:00,0.004279897548258305,0.004284299444407225,0.00426130834966898,0.004280882887542248,0,0.0,0.0
2026-07-12 20:00:00+00:00,0.0042808824218809605,0.0042836484499275684,0.004265781957656145,0.004267849959433079,0,0.0,0.0
2026-07-12 21:00:00+00:00,0.004267009440809488,0.004282775335013866,0.004248852841556072,0.004254186525940895,4527,0.0,0.0
2026-07-12 22:00:00+00:00,0.00425426010042429,0.004254959523677826,0.004173256456851959,0.0041841319762170315,1950,0.0,0.0
2026-07-12 23:00:00+00:00,0.004186304751783609,0.004201357252895832,0.0041782306507229805,0.0041913241147994995,85,0.0,0.0
2026-07-13 00:00:00+00:00,0.004194879904389381,0.0042109256610274315,0.00416826456785202,0.004188672639429569,0,0.0,0.0
2026-07-13 01:00:00+00:00,0.00418950105085969,0.004207047168165445,0.004165519494563341,0.004165519494563341,0,0.0,0.0
2026-07-13 02:00:00+00:00,0.004163000266999006,0.00416314834728837,0.0041280402801930904,0.004128205124288797,0,0.0,0.0
2026-07-13 03:00:00+00:00,0.004128462169319391,0.004144591744989157,0.004109501373022795,0.004113573580980301,3320,0.0,0.0
2026-07-13 04:00:00+00:00,0.0041135805658996105,0.004130791872739792,0.004110603593289852,0.004111149348318577,0,0.0,0.0
2026-07-13 05:00:00+00:00,0.00411130441352725,0.00415373407304287,0.004110421985387802,0.004148751962929964,0,0.0,0.0
2026-07-13 06:00:00+00:00,0.004144557286053896,0.004161669407039881,0.004127886146306992,0.004160773474723101,1922,0.0,0.0
2026-07-13 07:00:00+00:00,0.004160780925303698,0.004166706930845976,0.004142393358051777,0.004164848942309618,4406,0.0,0.0
2026-07-13 08:00:00+00:00,0.004164856858551502,0.004166907165199518,0.004144021775573492,0.004154834430664778,11264,0.0,0.0
2026-07-13 09:00:00+00:00,0.004154922440648079,0.00416605407372117,0.004143905825912952,0.00414733262732625,0,0.0,0.0
2026-07-13 10:00:00+00:00,0.00414316076785326,0.004157774616032839,0.004111299756914377,0.004153470043092966,17452,0.0,0.0
2026-07-13 11:00:00+00:00,0.004152972716838121,0.004152972716838121,0.004121730104088783,0.0041397204622626305,0,0.0,0.0
2026-07-13 12:00:00+00:00,0.004132709465920925,0.004134531132876873,0.0041111307218670845,0.00411990424618125,0,0.0,0.0
2026-07-13 13:00:00+00:00,0.004119778051972389,0.0041273306123912334,0.004107881337404251,0.0041082571260631084,130,0.0,0.0
2026-07-13 14:00:00+00:00,0.004104440566152334,0.004119716584682465,0.0041013737209141254,0.004119310062378645,1162,0.0,0.0
2026-07-13 15:00:00+00:00,0.004121031146496534,0.004131502006202936,0.0041185412555933,0.004130598157644272,0,0.0,0.0
2026-07-13 16:00:00+00:00,0.004128519911319017,0.004128519911319017,0.004103430081158876,0.004103430081158876,1831,0.0,0.0
2026-07-13 17:00:00+00:00,0.004103474318981171,0.004106190521270037,0.004094303119927645,0.004096727352589369,0,0.0,0.0
2026-07-13 18:00:00+00:00,0.004096762742847204,0.004101976286619902,0.004055431112647057,0.004057627636939287,24839,0.0,0.0
2026-07-13 19:00:00+00:00,0.004057618789374828,0.004097806289792061,0.004044004250317812,0.004055640660226345,27285,0.0,0.0
2026-07-13 20:00:00+00:00,0.004052810836583376,0.004052852280437946,0.00401980010792613,0.00401980010792613,0,0.0,0.0
2026-07-13 21:00:00+00:00,0.004020570311695337,0.004062704276293516,0.004020570311695337,0.00402638828381896,5407,0.0,0.0
2026-07-13 22:00:00+00:00,0.00402640039101243,0.0040311189368367195,0.004019823856651783,0.004029624164104462,0,0.0,0.0
2026-07-13 23:00:00+00:00,0.004029628820717335,0.004031379707157612,0.004022378474473953,0.004030690994113684,45,0.0,0.0
2026-07-14 00:00:00+00:00,0.004031593445688486,0.004049084614962339,0.0040293349884450436,0.004049084614962339,0,0.0,0.0
2026-07-14 01:00:00+00:00,0.004049177747219801,0.004060111939907074,0.004049177747219801,0.00405335146933794,0,0.0,0.0
2026-07-14 02:00:00+00:00,0.004052452277392149,0.004059383645653725,0.004049195908010006,0.004052501171827316,0,0.0,0.0
2026-07-14 03:00:00+00:00,0.004052686505019665,0.0040597873739898205,0.004047257360070944,0.004052807576954365,0,0.0,0.0
2026-07-14 04:00:00+00:00,0.004052457865327597,0.004060734994709492,0.004050892312079668,0.004059582017362118,11949,0.0,0.0
2026-07-14 05:00:00+00:00,0.004059803206473589,0.0041548279114067554,0.004059803206473589,0.0041548279114067554,14594,0.0,0.0
2026-07-14 06:00:00+00:00,0.004154952708631754,0.004186760634183884,0.004154952708631754,0.004186760634183884,6965,0.0,0.0
2026-07-14 07:00:00+00:00,0.004186664242297411,0.004188200458884239,0.00417937058955431,0.0041850716806948185,0,0.0,0.0
2026-07-14 08:00:00+00:00,0.004184708930552006,0.004198257811367512,0.004180905409157276,0.004191817250102758,0,0.0,0.0
2026-07-14 09:00:00+00:00,0.004191937856376171,0.004195524379611015,0.004186289384961128,0.00419175811111927,0,0.0,0.0
2026-07-14 10:00:00+00:00,0.004191884305328131,0.004191884305328131,0.004139964934438467,0.0041399854235351086,0,0.0,0.0
2026-07-14 11:00:00+00:00,0.004130828659981489,0.004134707618504763,0.004054682794958353,0.004058011807501316,11338,0.0,0.0
2026-07-14 12:00:00+00:00,0.0040580290369689465,0.004112077411264181,0.004056130535900593,0.004104328341782093,29788,0.0,0.0
2026-07-14 13:00:00+00:00,0.004104163497686386,0.004136381205171347,0.004104138817638159,0.004136381205171347,5224,0.0,0.0
2026-07-14 14:00:00+00:00,0.004139204975217581,0.004163069650530815,0.004114948213100433,0.004157509654760361,273,0.0,0.0
2026-07-14 15:00:00+00:00,0.0041593145579099655,0.0041643427684903145,0.00415296945720911,0.004161550663411617,0,0.0,0.0
2026-07-14 16:00:00+00:00,0.004161512479186058,0.004173656459897757,0.0041538747027516365,0.004154957830905914,0,0.0,0.0
2026-07-14 17:00:00+00:00,0.00415616761893034,0.0041638449765741825,0.0041520255617797375,0.0041521405801177025,0,0.0,0.0
2026-07-14 18:00:00+00:00,0.004145256709307432,0.004149612504988909,0.004135924391448498,0.004135924391448498,0,0.0,0.0
2026-07-14 19:00:00+00:00,0.004135903436690569,0.004139613825827837,0.0041129253804683685,0.0041129253804683685,0,0.0,0.0
2026-07-14 20:00:00+00:00,0.004113268572837114,0.004131672438234091,0.0041115740314126015,0.004131672438234091,7226,0.0,0.0
2026-07-14 21:00:00+00:00,0.004131672438234091,0.0041419826447963715,0.00412134500220418,0.004126099869608879,0,0.0,0.0
2026-07-14 22:00:00+00:00,0.004122194368392229,0.00413901824504137,0.0041208588518202305,0.004128045868128538,0,0.0,0.0
2026-07-14 23:00:00+00:00,0.004128030966967344,0.004128030966967344,0.004117841366678476,0.004120203200727701,943,0.0,0.0
2026-07-15 00:00:00+00:00,0.004114682786166668,0.004114783834666014,0.004101868718862534,0.0041054897010326385,957,0.0,0.0
2026-07-15 01:00:00+00:00,0.004101438447833061,0.004107843153178692,0.0040976922027766705,0.004102178383618593,6953,0.0,0.0
2026-07-15 02:00:00+00:00,0.004101692698895931,0.0041020577773451805,0.004087467212229967,0.004087467212229967,826,0.0,0.0
2026-07-15 03:00:00+00:00,0.004086880944669247,0.0040973168797791,0.004075276665389538,0.004075276665389538,0,0.0,0.0
2026-07-15 04:00:00+00:00,0.004079023841768503,0.004089516121894121,0.0040778364054858685,0.004081089980900288,0,0.0,0.0
2026-07-15 05:00:00+00:00,0.0040811216458678246,0.004090825095772743,0.004079516977071762,0.004089017864316702,0,0.0,0.0
2026-07-15 06:00:00+00:00,0.004089017864316702,0.004104258958250284,0.00408195611089468,0.004101654049009085,5494,0.0,0.0
2026-07-15 07:00:00+00:00,0.004101513419300318,0.0041115242056548595,0.004078216850757599,0.0040842387825250626,21462,0.0,0.0
2026-07-15 08:00:00+00:00,0.004090263042598963,0.0041086203418672085,0.004080339800566435,0.004087887238711119,19838,0.0,0.0
2026-07-15 09:00:00+00:00,0.004089034628123045,0.00410555861890316,0.004083747509866953,0.004092067945748568,2597,0.0,0.0
2026-07-15 10:00:00+00:00,0.004098556470125914,0.004109980538487434,0.004097986966371536,0.004102609120309353,0,0.0,0.0
2026-07-15 11:00:00+00:00,0.004102583508938551,0.004110064823180437,0.004097742028534412,0.00410503102466464,0,0.0,0.0
2026-07-15 12:00:00+00:00,0.004104978404939175,0.004128882195800543,0.004075598903000355,0.004128882195800543,0,0.0,0.0
2026-07-15 13:00:00+00:00,0.004128882195800543,0.004158567637205124,0.004122432321310043,0.004122432321310043,0,0.0,0.0
2026-07-15 14:00:00+00:00,0.004120306111872196,0.004134627524763346,0.004104195162653923,0.004114783834666014,0,0.0,0.0
2026-07-15 15:00:00+00:00,0.004115032497793436,0.00411559920758009,0.004101303871721029,0.004101303871721029,0,0.0,0.0
2026-07-15 16:00:00+00:00,0.004101276863366365,0.004108342807739973,0.004084150306880474,0.0040863677859306335,5347,0.0,0.0
2026-07-15 17:00:00+00:00,0.004086821340024471,0.004090401344001293,0.00407425919547677,0.004074996802955866,2272,0.0,0.0
2026-07-15 18:00:00+00:00,0.004076202865689993,0.004079077858477831,0.004071651492267847,0.004074856173247099,2381,0.0,0.0
2026-07-15 19:00:00+00:00,0.004074772819876671,0.0040783085860311985,0.004071404226124287,0.00407441146671772,2050,0.0,0.0
2026-07-15 20:00:00+00:00,0.004071077797561884,0.00411330908536911,0.004069704562425613,0.004112390801310539,1557,0.0,0.0
2026-07-15 21:00:00+00:00,0.004112265072762966,0.004121003672480583,0.00410572811961174,0.004109276458621025,107,0.0,0.0
2026-07-15 22:00:00+00:00,0.004109567031264305,0.00412214919924736,0.004104119725525379,0.004111249931156635,42,0.0,0.0
2026-07-15 23:00:00+00:00,0.004111228510737419,0.004112472292035818,0.004097959492355585,0.004102533217519522,1404,0.0,0.0
2026-07-16 00:00:00+00:00,0.004109014291316271,0.004113083239644766,0.004104169551283121,0.004109047818928957,913,0.0,0.0
2026-07-16 01:00:00+00:00,0.004109047818928957,0.004117232747375965,0.0041048345156013966,0.004114702809602022,0,0.0,0.0
2026-07-16 02:00:00+00:00,0.004114663228392601,0.004118232522159815,0.004104629158973694,0.004116854164749384,730,0.0,0.0
2026-07-16 03:00:00+00:00,0.004117073491215706,0.004118248354643583,0.004108727443963289,0.004111430607736111,1220,0.0,0.0
2026-07-16 04:00:00+00:00,0.004112466238439083,0.0041134534403681755,0.0040999422781169415,0.0041043986566364765,6190,0.0,0.0
2026-07-16 05:00:00+00:00,0.004104365594685078,0.004105764906853437,0.0040887692011892796,0.004091497976332903,2990,0.0,0.0
2026-07-16 06:00:00+00:00,0.004091608803719282,0.004117847420275211,0.004087669774889946,0.004091939888894558,0,0.0,0.0
2026-07-16 07:00:00+00:00,0.004091867711395025,0.004094500094652176,0.004029451869428158,0.004029613453894854,1920,0.0,0.0
2026-07-16 08:00:00+00:00,0.004029639530926943,0.004029639530926943,0.0038977586664259434,0.003919285722076893,47309,0.0,0.0
2026-07-16 09:00:00+00:00,0.003909916151314974,0.003933131229132414,0.003908675163984299,0.003923594485968351,9643,0.0,0.0
2026-07-16 10:00:00+00:00,0.00392338540405035,0.0039345743134617805,0.003918923903256655,0.003918923903256655,0,0.0,0.0
2026-07-16 11:00:00+00:00,0.003918904345482588,0.003925308119505644,0.003913360182195902,0.003916619811207056,1486,0.0,0.0
2026-07-16 12:00:00+00:00,0.003920882474631071,0.00394348194822669,0.0039208694361150265,0.003936240449547768,0,0.0,0.0
2026-07-16 13:00:00+00:00,0.003936035092920065,0.003938740119338036,0.003929210361093283,0.0039300392381846905,0,0.0,0.0
2026-07-16 14:00:00+00:00,0.0039298757910728455,0.003935384098440409,0.003925544209778309,0.003925548866391182,0,0.0,0.0
2026-07-16 15:00:00+00:00,0.003926009871065617,0.003936294000595808,0.00391924986615777,0.003921117167919874,6026,0.0,0.0
2026-07-16 16:00:00+00:00,0.003921973053365946,0.003935300745069981,0.003921065479516983,0.003926690202206373,0,0.0,0.0
2026-07-16 17:00:00+00:00,0.003926570061594248,0.003926570061594248,0.003910124767571688,0.003910124767571688,0,0.0,0.0
2026-07-16 18:00:00+00:00,0.003910112660378218,0.003915826790034771,0.0039018725510686636,0.003904145210981369,0,0.0,0.0
2026-07-16 19:00:00+00:00,0.003904215293005109,0.0039051705971360207,0.0038920557126402855,0.0038950005546212196,0,0.0,0.0
2026-07-16 20:00:00+00:00,0.0038988380692899227,0.0039011784829199314,0.0038957030046731234,0.003896889742463827,0,0.0,0.0
2026-07-16 21:00:00+00:00,0.0038963346742093563,0.003911536652594805,0.003891618922352791,0.0038980157114565372,0,0.0,0.0
2026-07-16 22:00:00+00:00,0.003897834336385131,0.0038990809116512537,0.0038883124943822622,0.0038883124943822622,0,0.0,0.0
2026-07-16 23:00:00+00:00,0.0038881709333509207,0.0038940543308854103,0.0038436665199697018,0.0038531734608113766,16715,0.0,0.0
2026-07-17 00:00:00+00:00,0.003850323613733053,0.003850323613733053,0.0038132958579808474,0.0038265057373791933,13934,0.0,0.0
2026-07-17 01:00:00+00:00,0.003820475423708558,0.003837272059172392,0.003811983624473214,0.0038149619940668344,3280,0.0,0.0
2026-07-17 02:00:00+00:00,0.003814967582002282,0.0038177084643393755,0.0037711241748183966,0.0037711241748183966,3687,0.0,0.0
2026-07-17 03:00:00+00:00,0.0037711241748183966,0.0037895815912634134,0.0037699353415519,0.003780034137889743,0,0.0,0.0
2026-07-17 04:00:00+00:00,0.0037799691781401634,0.0037847000639885664,0.003769732778891921,0.003778264857828617,0,0.0,0.0
2026-07-17 05:00:00+00:00,0.003778264857828617,0.0037783761508762836,0.003754583653062582,0.003756257938221097,0,0.0,0.0
2026-07-17 06:00:00+00:00,0.003756257938221097,0.0037652773316949606,0.003745788475498557,0.0037483172491192818,0,0.0,0.0
2026-07-17 07:00:00+00:00,0.0037508986424654722,0.0037508986424654722,0.0037201563827693462,0.0037201563827693462,0,0.0,0.0
2026-07-17 08:00:00+00:00,0.003720254637300968,0.003720254637300968,0.0036970165092498064,0.003713211277499795,0,0.0,0.0
2026-07-17 09:00:00+00:00,0.0037136857863515615,0.003738590283319354,0.0037136522587388754,0.0037364689633250237,0,0.0,0.0
2026-07-17 10:00:00+00:00,0.0037365376483649015,0.0037479056045413017,0.0037341290153563023,0.003739943727850914,0,0.0,0.0
2026-07-17 11:00:00+00:00,0.003739943727850914,0.0037588023114949465,0.00373942987062037,0.0037468215450644493,4129,0.0,0.0
2026-07-17 12:00:00+00:00,0.0037518145982176065,0.0037518145982176065,0.0037323024589568377,0.003740866668522358,0,0.0,0.0
2026-07-17 13:00:00+00:00,0.003734202589839697,0.003734202589839697,0.003679788438603282,0.0036898127291351557,4963,0.0,0.0
2026-07-17 14:00:00+00:00,0.0036898127291351557,0.0037116282619535923,0.003689757315441966,0.003698560409247875,1580,0.0,0.0
2026-07-17 15:00:00+00:00,0.003698560409247875,0.003698560409247875,0.0036783041432499886,0.003691934747621417,123,0.0,0.0
2026-07-17 16:00:00+00:00,0.0036919100675731897,0.0037036314606666565,0.0036807262804359198,0.0036972379311919212,3591,0.0,0.0
2026-07-17 17:00:00+00:00,0.003698845626786351,0.003699533175677061,0.0036863640416413546,0.003688922617584467,4375,0.0,0.0
2026-07-17 18:00:00+00:00,0.003688887460157275,0.003724294248968363,0.003682023612782359,0.0037182203959673643,13695,0.0,0.0
2026-07-17 19:00:00+00:00,0.0037182618398219347,0.003721516812220216,0.003697081468999386,0.0037006300408393145,0,0.0,0.0
2026-07-17 20:00:00+00:00,0.003700633766129613,0.003726552939042449,0.003700633766129613,0.003722751047462225,9452,0.0,0.0
2026-07-17 21:00:00+00:00,0.0037228656001389027,0.003769148141145706,0.0037228656001389027,0.0037512825801968575,8471,0.0,0.0
2026-07-17 22:00:00+00:00,0.0037512907292693853,0.0037512907292693853,0.003734327619895339,0.003741511842235923,0,0.0,0.0
2026-07-17 23:00:00+00:00,0.003741528606042266,0.0037451675161719322,0.003733985824510455,0.0037370454519987106,35,0.0,0.0
2026-07-18 00:00:00+00:00,0.0037371604703366756,0.003750639036297798,0.0037316931411623955,0.003735344158485532,0,0.0,0.0
2026-07-18 01:00:00+00:00,0.0037353625521063805,0.0037416559644043446,0.0037069113459438086,0.0037069113459438086,0,0.0,0.0
2026-07-18 02:00:00+00:00,0.0037083327770233154,0.0037144923117011786,0.003692938480526209,0.0037014069966971874,2116,0.0,0.0
2026-07-18 03:00:00+00:00,0.0037013764958828688,0.0037138555198907852,0.003695347812026739,0.003695347812026739,0,0.0,0.0
2026-07-18 04:00:00+00:00,0.0036953480448573828,0.0037035965360701084,0.0036792855244129896,0.0036810869351029396,0,0.0,0.0
2026-07-18 05:00:00+00:00,0.00368108949624002,0.0036894800141453743,0.0036717387847602367,0.003675680374726653,0,0.0,0.0
2026-07-18 06:00:00+00:00,0.003675680374726653,0.0036756806075572968,0.0036601549945771694,0.0036601549945771694,0,0.0,0.0
2026-07-18 07:00:00+00:00,0.00366015057079494,0.003665293799713254,0.0036554569378495216,0.0036634220741689205,0,0.0,0.0
2026-07-18 08:00:00+00:00,0.0036634220741689205,0.003675000509247184,0.003657652996480465,0.0036724728997796774,0,0.0,0.0
2026-07-18 09:00:00+00:00,0.003672474529594183,0.0036780298687517643,0.0036611396353691816,0.0036639675963670015,0,0.0,0.0
2026-07-18 10:00:00+00:00,0.003663974115625024,0.003663974115625024,0.0036556455306708813,0.0036599328741431236,0,0.0,0.0
2026-07-18 11:00:00+00:00,0.0036599328741431236,0.0036737588234245777,0.003659931244328618,0.0036737588234245777,0,0.0,0.0
2026-07-18 12:00:00+00:00,0.0036737588234245777,0.003720442531630397,0.0036737588234245777,0.003720442531630397,14118,0.0,0.0
2026-07-18 13:00:00+00:00,0.0037224111147224903,0.003726992290467024,0.0037084086798131466,0.0037084086798131466,0,0.0,0.0
2026-07-18 14:00:00+00:00,0.0037084061186760664,0.003767880145460367,0.003707639640197158,0.003752159420400858,11800,0.0,0.0
2026-07-18 15:00:00+00:00,0.003752154763787985,0.0037535501178354025,0.0037217512726783752,0.003730188589543104,0,0.0,0.0
2026-07-18 16:00:00+00:00,0.003730188589543104,0.003730188589543104,0.0037095705047249794,0.0037095705047249794,0,0.0,0.0
2026-07-18 17:00:00+00:00,0.00370956351980567,0.0037151442375034094,0.003703189315274358,0.0037149798590689898,0,0.0,0.0
2026-07-18 18:00:00+00:00,0.0037148797418922186,0.0037148797418922186,0.00370383239351213,0.00370530947111547,0,0.0,0.0
2026-07-18 19:00:00+00:00,0.00370529992505908,0.003710219170898199,0.0037042738404124975,0.003705159528180957,244,0.0,0.0
2026-07-18 20:00:00+00:00,0.003705158131197095,0.003707278287038207,0.0036856511142104864,0.003687272546812892,0,0.0,0.0
2026-07-18 21:00:00+00:00,0.003687273943796754,0.003694291692227125,0.003683494869619608,0.0036918669939041138,0,0.0,0.0
2026-07-18 22:00:00+00:00,0.0036918658297508955,0.003702830756083131,0.003686145879328251,0.003700300119817257,0,0.0,0.0
2026-07-18 23:00:00+00:00,0.0037003657780587673,0.003705743234604597,0.0036964337341487408,0.0037042838521301746,0,0.0,0.0
2026-07-19 00:00:00+00:00,0.0037034822162240744,0.003704686649143696,0.0036989361979067326,0.003700253088027239,0,0.0,0.0
2026-07-19 01:00:00+00:00,0.003700253088027239,0.0037028442602604628,0.0036949263885617256,0.0036979475989937782,0,0.0,0.0
2026-07-19 02:00:00+00:00,0.0036979662254452705,0.0037066484801471233,0.0036958721466362476,0.0037066484801471233,0,0.0,0.0
2026-07-19 03:00:00+00:00,0.0037066445220261812,0.0037066445220261812,0.003691890509799123,0.0036977699492126703,2531,0.0,0.0
2026-07-19 04:00:00+00:00,0.0036977564450353384,0.0037002572789788246,0.0036857204977422953,0.0036931768991053104,4044,0.0,0.0
2026-07-19 05:00:00+00:00,0.003693177131935954,0.0036996486596763134,0.0036925440654158592,0.003698313608765602,0,0.0,0.0
2026-07-19 06:00:00+00:00,0.0036983152385801077,0.003700957866385579,0.0036899070255458355,0.003700119210407138,0,0.0,0.0
2026-07-19 07:00:00+00:00,0.0037001187447458506,0.0037015024572610855,0.003696924075484276,0.0036983671598136425,2072,0.0,0.0
2026-07-19 08:00:00+00:00,0.0036983659956604242,0.0037008551880717278,0.0036974698305130005,0.0036983301397413015,0,0.0,0.0
2026-07-19 09:00:00+00:00,0.0036983301397413015,0.0037008009385317564,0.0036940397694706917,0.003694043029099703,4053,0.0,0.0
2026-07-19 10:00:00+00:00,0.0036940413992851973,0.0036987329367548227,0.0036931491922587156,0.003698395099490881,0,0.0,0.0
2026-07-19 11:00:00+00:00,0.0036983985919505358,0.0036983985919505358,0.0036928721237927675,0.0036964556202292442,5101,0.0,0.0
2026-07-19 12:00:00+00:00,0.0036943929735571146,0.0036953494418412447,0.003682016860693693,0.00368690537288785,0,0.0,0.0
2026-07-19 13:00:00+00:00,0.00368690537288785,0.0037068768870085478,0.003684157505631447,0.0037034188862890005,12871,0.0,0.0
2026-07-19 14:00:00+00:00,0.003703419351950288,0.0037105476949363947,0.0037028170190751553,0.003705739974975586,0,0.0,0.0
2026-07-19 15:00:00+00:00,0.0037057443987578154,0.003708381438627839,0.003697186941280961,0.0037017844151705503,0,0.0,0.0
2026-07-19 16:00:00+00:00,0.0037017783615738153,0.0037051874678581953,0.0036982190795242786,0.003699342720210552,1893,0.0,0.0
2026-07-19 17:00:00+00:00,0.0036993445828557014,0.0037018514703959227,0.003694231854751706,0.0036962847225368023,597,0.0,0.0
2026-07-19 18:00:00+00:00,0.0036962851881980896,0.0036997231654822826,0.0036760156508535147,0.0036760156508535147,12273,0.0,0.0
2026-07-19 19:00:00+00:00,0.00367600005120039,0.00367600005120039,0.0036106412298977375,0.0036106412298977375,14446,0.0,0.0
2026-07-19 20:00:00+00:00,0.0036105462349951267,0.003620397998020053,0.0036086824256926775,0.0036108787171542645,0,0.0,0.0
2026-07-19 21:00:00+00:00,0.00361088034696877,0.00362084130756557,0.003608651924878359,0.003609283361583948,3406,0.0,0.0
2026-07-19 22:00:00+00:00,0.003609283361583948,0.003621850162744522,0.0035984250716865063,0.0036008975002914667,10716,0.0,0.0
2026-07-19 23:00:00+00:00,0.0036008975002914667,0.0036127318162471056,0.003577058669179678,0.003577066818252206,1795,0.0,0.0
2026-07-20 00:00:00+00:00,0.003577066818252206,0.0036180049646645784,0.0035728844814002514,0.003582278499379754,20271,0.0,0.0
2026-07-20 01:00:00+00:00,0.003582271747291088,0.0035954928025603294,0.0035737156867980957,0.0035737298894673586,7247,0.0,0.0
2026-07-20 02:00:00+00:00,0.0035737298894673586,0.0035797625314444304,0.003569395514205098,0.003573531750589609,3767,0.0,0.0
2026-07-20 03:00:00+00:00,0.003573561320081353,0.00357858557254076,0.003571675159037113,0.003573603928089142,0,0.0,0.0
2026-07-20 04:00:00+00:00,0.003573603928089142,0.0035846412647515535,0.0035723319742828608,0.0035738195292651653,87,0.0,0.0
2026-07-20 05:00:00+00:00,0.003573784837499261,0.0035824114456772804,0.0035696367267519236,0.0035696367267519236,1373,0.0,0.0
2026-07-20 06:00:00+00:00,0.0035696367267519236,0.0035758530721068382,0.003567441599443555,0.0035706409253180027,1773,0.0,0.0
2026-07-20 07:00:00+00:00,0.0035706497728824615,0.0036050991620868444,0.0035688201896846294,0.0035749177914112806,12843,0.0,0.0
2026-07-20 08:00:00+00:00,0.003574926406145096,0.0035803921055048704,0.0035579504910856485,0.003560231998562813,3355,0.0,0.0
2026-07-20 09:00:00+00:00,0.003560231998562813,0.003581870114430785,0.0035569926258176565,0.0035796237643808126,5110,0.0,0.0
2026-07-20 10:00:00+00:00,0.0035797003656625748,0.0035888776183128357,0.003578035393729806,0.0035888776183128357,2323,0.0,0.0
2026-07-20 11:00:00+00:00,0.0035888864658772945,0.0036076707765460014,0.0035815679002553225,0.0036075592506676912,0,0.0,0.0
2026-07-20 12:00:00+00:00,0.0036076286341995,0.0036260716151446104,0.0036036367528140545,0.003609718754887581,0,0.0,0.0
2026-07-20 13:00:00+00:00,0.003609713399782777,0.003620351431891322,0.003577043768018484,0.003577043768018484,28518,0.0,0.0
2026-07-20 14:00:00+00:00,0.0035768598318099976,0.0035772600676864386,0.0035546990111470222,0.0035546990111470222,12540,0.0,0.0
2026-07-20 15:00:00+00:00,0.0035547264851629734,0.0036660905461758375,0.003554249880835414,0.0036660905461758375,86014,0.0,0.0
2026-07-20 16:00:00+00:00,0.0036483840085566044,0.0036503851879388094,0.003563115606084466,0.003571152687072754,42349,0.0,0.0
2026-07-20 17:00:00+00:00,0.0035724041517823935,0.0035783061757683754,0.003572290064767003,0.0035783061757683754,363,0.0,0.0
2026-07-20 18:00:00+00:00,0.0035786812659353018,0.003583997953683138,0.0035751790273934603,0.0035781695041805506,0,0.0,0.0
2026-07-20 19:00:00+00:00,0.0035781855694949627,0.003582263132557273,0.0035623579751700163,0.0035730255767703056,10123,0.0,0.0
2026-07-20 20:00:00+00:00,0.003574024885892868,0.003575845155864954,0.0035446437541395426,0.0035640487913042307,0,0.0,0.0
2026-07-20 21:00:00+00:00,0.003546553198248148,0.0035622254945337772,0.003546553198248148,0.003561735851690173,0,0.0,0.0
2026-07-20 22:00:00+00:00,0.0035610187333077192,0.003561476245522499,0.0035456796176731586,0.0035515036433935165,22200,0.0,0.0
2026-07-20 23:00:00+00:00,0.003552568145096302,0.0035607763566076756,0.003548758802935481,0.0035604394506663084,0,0.0,0.0
2026-07-21 00:00:00+00:00,0.0035595139488577843,0.003570839297026396,0.003554802853614092,0.0035697820130735636,0,0.0,0.0
2026-07-21 01:00:00+00:00,0.0035697880666702986,0.003571919398382306,0.003552686655893922,0.0035566152073442936,24763,0.0,0.0
2026-07-21 02:00:00+00:00,0.003559393808245659,0.003560212440788746,0.0035501867532730103,0.0035568790044635534,0,0.0,0.0
2026-07-21 03:00:00+00:00,0.0035572336055338383,0.003602973185479641,0.0035572336055338383,0.003602973185479641,32236,0.0,0.0
2026-07-21 04:00:00+00:00,0.0036012923810631037,0.0036151870153844357,0.0036000735126435757,0.003613132983446121,0,0.0,0.0
2026-07-21 05:00:00+00:00,0.0036151076201349497,0.0036657489836215973,0.003604354802519083,0.0036657489836215973,27920,0.0,0.0
2026-07-21 06:00:00+00:00,0.0036549733486026525,0.0036609270609915257,0.003628344973549247,0.0036334614269435406,10905,0.0,0.0
2026-07-21 07:00:00+00:00,0.003634096123278141,0.0036460848059505224,0.003631486091762781,0.003639670554548502,0,0.0,0.0
2026-07-21 08:00:00+00:00,0.003641068236902356,0.003641068236902356,0.0036144908517599106,0.0036144908517599106,0,0.0,0.0
2026-07-21 09:00:00+00:00,0.0036110517103224993,0.003620581468567252,0.003599274205043912,0.003619973547756672,0,0.0,0.0
2026-07-21 10:00:00+00:00,0.0036071650683879852,0.003619040362536907,0.003603351069614291,0.0036129115615040064,496,0.0,0.0
2026-07-21 11:00:00+00:00,0.0035936052445322275,0.0036160347517579794,0.0035909360740333796,0.003599778516218066,3737,0.0,0.0
2026-07-21 12:00:00+00:00,0.003601579926908016,0.003632581327110529,0.0035983198322355747,0.0036118938587605953,0,0.0,0.0
2026-07-21 13:00:00+00:00,0.0036173341795802116,0.0036396293435245752,0.003612913889810443,0.003627934493124485,0,0.0,0.0
2026-07-21 14:00:00+00:00,0.003627890720963478,0.0036371981259435415,0.0036193188279867172,0.0036371981259435415,0,0.0,0.0
2026-07-21 15:00:00+00:00,0.0036371476016938686,0.0040596360340714455,0.003622411284595728,0.004042188171297312,583021,0.0,0.0
2026-07-21 16:00:00+00:00,0.004032932221889496,0.004055962897837162,0.003836394287645817,0.0038751817774027586,236616,0.0,0.0
2026-07-21 17:00:00+00:00,0.0038689023349434137,0.003924501594156027,0.003856099909171462,0.003856099909171462,57200,0.0,0.0
2026-07-21 18:00:00+00:00,0.003854466136544943,0.003889879211783409,0.00382573832757771,0.0038589444011449814,73857,0.0,0.0
2026-07-21 19:00:00+00:00,0.00385899911634624,0.0038718415889889,0.003837914438918233,0.0038718415889889,56272,0.0,0.0
2026-07-21 20:00:00+00:00,0.0038737927097827196,0.0041728029027581215,0.0038450027350336313,0.004097853787243366,280303,0.0,0.0
2026-07-21 21:00:00+00:00,0.004097069147974253,0.004144324455410242,0.0039225476793944836,0.0039841351099312305,131606,0.0,0.0
2026-07-21 22:00:00+00:00,0.003979505505412817,0.004085146356374025,0.00395574327558279,0.00399858457967639,146635,0.0,0.0
2026-07-21 23:00:00+00:00,0.003999179694801569,0.004057115409523249,0.003928051795810461,0.003984934650361538,93238,0.0,0.0
2026-07-22 00:00:00+00:00,0.003984984941780567,0.004046415910124779,0.003844659775495529,0.003925236873328686,62057,0.0,0.0
2026-07-22 01:00:00+00:00,0.003862433135509491,0.003930208273231983,0.0037196523044258356,0.0037840979639440775,88949,0.0,0.0
2026-07-22 02:00:00+00:00,0.003784129163250327,0.003794162068516016,0.0037179486826062202,0.0037886989302933216,23214,0.0,0.0
2026-07-22 03:00:00+00:00,0.0037888060323894024,0.0037888060323894024,0.003717122133821249,0.003726560389623046,13834,0.0,0.0
2026-07-22 04:00:00+00:00,0.003729708958417177,0.0037898807786405087,0.0037242937833070755,0.00378987705335021,24621,0.0,0.0
2026-07-22 05:00:00+00:00,0.003786509856581688,0.003786509856581688,0.003711550962179899,0.0037334973458200693,7120,0.0,0.0
2026-07-22 06:00:00+00:00,0.003734318073838949,0.003769678296521306,0.003710660384967923,0.003742394270375371,18057,0.0,0.0
2026-07-22 07:00:00+00:00,0.003742168890312314,0.003784449305385351,0.0037157039623707533,0.0037212844472378492,39000,0.0,0.0
2026-07-22 08:00:00+00:00,0.0037213547620922327,0.0037881359457969666,0.003720577573403716,0.0037824015598744154,3900,0.0,0.0
2026-07-22 09:00:00+00:00,0.0037824015598744154,0.0037890479434281588,0.0037273706402629614,0.0037620319053530693,1406,0.0,0.0
2026-07-22 10:00:00+00:00,0.0037620319053530693,0.003824009094387293,0.0037505163345485926,0.003772532567381859,20375,0.0,0.0
2026-07-22 11:00:00+00:00,0.0038222293369472027,0.0038222293369472027,0.0037569315172731876,0.0037621217779815197,0,0.0,0.0
2026-07-22 12:00:00+00:00,0.0037620472721755505,0.003810834139585495,0.003760663792490959,0.0037893166299909353,39562,0.0,0.0
2026-07-22 13:00:00+00:00,0.0037893166299909353,0.0038690390065312386,0.0037893166299909353,0.003844399703666568,20185,0.0,0.0
2026-07-22 14:00:00+00:00,0.0038444562815129757,0.0038851615972816944,0.0038361167535185814,0.0038831117562949657,19599,0.0,0.0
2026-07-22 15:00:00+00:00,0.0038832733407616615,0.003981489222496748,0.0038339446764439344,0.0038339446764439344,0,0.0,0.0
2026-07-22 16:00:00+00:00,0.003834133967757225,0.003915600478649139,0.0038245341274887323,0.003915600478649139,0,0.0,0.0
2026-07-22 17:00:00+00:00,0.003915601875633001,0.003948776517063379,0.0039033975917845964,0.0039247688837349415,0,0.0,0.0
2026-07-22 18:00:00+00:00,0.003924863412976265,0.003955051768571138,0.0039044988807290792,0.0039538065902888775,0,0.0,0.0
2026-07-22 19:00:00+00:00,0.003957672044634819,0.003957691602408886,0.0039110342040658,0.0039523993618786335,0,0.0,0.0
2026-07-22 20:00:00+00:00,0.003952413331717253,0.003952413331717253,0.0038556759245693684,0.0038556759245693684,0,0.0,0.0
2026-07-22 21:00:00+00:00,0.0038866056129336357,0.0038866056129336357,0.003804547479376197,0.003859486896544695,0,0.0,0.0
2026-07-22 22:00:00+00:00,0.003859606571495533,0.0038647328037768602,0.003765303175896406,0.0038173634093254805,0,0.0,0.0
2026-07-22 23:00:00+00:00,0.0038173634093254805,0.0038233017548918724,0.0037636368069797754,0.0038113901391625404,184,0.0,0.0
2026-07-23 00:00:00+00:00,0.0038114029448479414,0.0038122902624309063,0.003762230509892106,0.003792524104937911,0,0.0,0.0
2026-07-23 01:00:00+00:00,0.003792497795075178,0.0037990249693393707,0.003707541385665536,0.003707541385665536,0,0.0,0.0
2026-07-23 02:00:00+00:00,0.003707541385665536,0.0037565375678241253,0.0036865517031401396,0.0036865517031401396,0,0.0,0.0
2026-07-23 03:00:00+00:00,0.0036873796489089727,0.0037227715365588665,0.0036554511170834303,0.003687412478029728,0,0.0,0.0
2026-07-23 04:00:00+00:00,0.0036631713155657053,0.0037037734873592854,0.003663048380985856,0.003694603219628334,0,0.0,0.0
2026-07-23 05:00:00+00:00,0.003694603219628334,0.00370601424947381,0.003641708055511117,0.003651778446510434,13429,0.0,0.0
2026-07-23 06:00:00+00:00,0.003651778446510434,0.0037328742910176516,0.003651778446510434,0.0037322635762393475,0,0.0,0.0
2026-07-23 07:00:00+00:00,0.0037322635762393475,0.0037360279820859432,0.003703448921442032,0.0037360279820859432,0,0.0,0.0
2026-07-23 08:00:00+00:00,0.0037361173890531063,0.0037622633390128613,0.003719854401424527,0.003719928441569209,0,0.0,0.0
2026-07-23 09:00:00+00:00,0.0037566935643553734,0.003758292179554701,0.003716211300343275,0.003716211300343275,0,0.0,0.0
2026-07-23 10:00:00+00:00,0.0037162082735449076,0.0037446017377078533,0.003697504522278905,0.003726649098098278,0,0.0,0.0
2026-07-23 11:00:00+00:00,0.003726649098098278,0.003735882928594947,0.003716867882758379,0.0037219631485641003,0,0.0,0.0
2026-07-23 12:00:00+00:00,0.003721959423273802,0.003725756425410509,0.003669138764962554,0.003681694157421589,0,0.0,0.0
2026-07-23 13:00:00+00:00,0.003681694157421589,0.0037015865091234446,0.0036532024387270212,0.003671906189993024,0,0.0,0.0
2026-07-23 14:00:00+00:00,0.003671850310638547,0.003678702749311924,0.0036545866169035435,0.003676756750792265,0,0.0,0.0
2026-07-23 15:00:00+00:00,0.003676756750792265,0.003677631728351116,0.0036564713809639215,0.0036564713809639215,0,0.0,0.0
2026-07-23 16:00:00+00:00,0.0036564713809639215,0.0036597505677491426,0.0036444792058318853,0.0036463760770857334,0,0.0,0.0
2026-07-23 17:00:00+00:00,0.003646421479061246,0.0036533945240080357,0.0036395310889929533,0.0036530981305986643,0,0.0,0.0
2026-07-23 18:00:00+00:00,0.0036530981305986643,0.003662937553599477,0.00363579741679132,0.0036401445977389812,3510,0.0,0.0
2026-07-23 19:00:00+00:00,0.003640118520706892,0.0036571179516613483,0.00363320205360651,0.003654449712485075,0,0.0,0.0
2026-07-23 20:00:00+00:00,0.003639156697317958,0.003662231843918562,0.0036372418981045485,0.0036372418981045485,0,0.0,0.0
2026-07-23 21:00:00+00:00,0.003636955749243498,0.003655417589470744,0.003635153640061617,0.003643185133114457,0,0.0,0.0
2026-07-23 22:00:00+00:00,0.0036429744213819504,0.0036568925715982914,0.003642353229224682,0.0036540906876325607,0,0.0,0.0
2026-07-23 23:00:00+00:00,0.0036540906876325607,0.0036541044246405363,0.003626145189628005,0.003626145189628005,196,0.0,0.0
2026-07-24 00:00:00+00:00,0.003626145189628005,0.0036283680237829685,0.0036171104293316603,0.0036283680237829685,7273,0.0,0.0
2026-07-24 01:00:00+00:00,0.0036283680237829685,0.0036439741961658,0.0036283680237829685,0.0036439741961658,0,0.0,0.0
2026-07-24 02:00:00+00:00,0.0036439010873436928,0.0036487949546426535,0.0036307412665337324,0.0036334702745079994,0,0.0,0.0
2026-07-24 03:00:00+00:00,0.0036333820316940546,0.0036686949897557497,0.0036333820316940546,0.0036623261403292418,0,0.0,0.0
2026-07-24 04:00:00+00:00,0.0036623261403292418,0.0036723450757563114,0.0036573316901922226,0.003668589284643531,0,0.0,0.0
2026-07-24 05:00:00+00:00,0.0036685883533209562,0.0036696051247417927,0.003658734494820237,0.003658734494820237,0,0.0,0.0
2026-07-24 06:00:00+00:00,0.003658734494820237,0.0036674486473202705,0.0036544017493724823,0.003664720570668578,0,0.0,0.0
2026-07-24 07:00:00+00:00,0.003664666786789894,0.0036683317739516497,0.0036526781041175127,0.003656119341030717,0,0.0,0.0
2026-07-24 08:00:00+00:00,0.003656119341030717,0.003659717971459031,0.0036073410883545876,0.0036301128566265106,32328,0.0,0.0
2026-07-24 09:00:00+00:00,0.003630010411143303,0.003630762454122305,0.0035970157478004694,0.0036004865542054176,7744,0.0,0.0
2026-07-24 10:00:00+00:00,0.0036000004038214684,0.003600900527089834,0.0035760761238634586,0.0035810174886137247,5852,0.0,0.0
2026-07-24 11:00:00+00:00,0.003581167431548238,0.0036148622166365385,0.003577031195163727,0.0036148622166365385,4376,0.0,0.0
2026-07-24 12:00:00+00:00,0.003614872694015503,0.0036263763904571533,0.0035939475055783987,0.003594569396227598,0,0.0,0.0
2026-07-24 13:00:00+00:00,0.00359458033926785,0.003614341374486685,0.0035786465741693974,0.003613391425460577,11312,0.0,0.0
2026-07-24 14:00:00+00:00,0.0036133918911218643,0.003614473855122924,0.003589767264202237,0.003596886992454529,0,0.0,0.0
2026-07-24 15:00:00+00:00,0.003596849972382188,0.003672512248158455,0.003595753340050578,0.003648051293566823,16774,0.0,0.0
2026-07-24 16:00:00+00:00,0.003648051293566823,0.003650207072496414,0.003599666990339756,0.0036003408022224903,2959,0.0,0.0
2026-07-24 17:00:00+00:00,0.003599245799705386,0.003599245799705386,0.0035863870289176702,0.0035894729662686586,0,0.0,0.0
2026-07-24 18:00:00+00:00,0.003602072596549988,0.003605183679610491,0.0035862564109265804,0.0035867781843990088,0,0.0,0.0
2026-07-24 19:00:00+00:00,0.0035952432081103325,0.0035952432081103325,0.0035781546030193567,0.003586044767871499,0,0.0,0.0
2026-07-24 20:00:00+00:00,0.0035859919153153896,0.0035876340698450804,0.003578225616365671,0.003584209131076932,0,0.0,0.0
2026-07-24 21:00:00+00:00,0.0035893183667212725,0.003601868636906147,0.0035843185614794493,0.0036009422037750483,0,0.0,0.0
2026-07-24 22:00:00+00:00,0.0036009422037750483,0.003602013224735856,0.0035864857491105795,0.0035964976996183395,0,0.0,0.0
2026-07-24 23:00:00+00:00,0.0035964970011264086,0.0036005484871566296,0.003587902057915926,0.0035896918270736933,0,0.0,0.0
2026-07-25 00:00:00+00:00,0.0035881586372852325,0.0035971077159047127,0.003585571190342307,0.0035855849273502827,0,0.0,0.0
2026-07-25 01:00:00+00:00,0.0035866210237145424,0.0035946592688560486,0.003583440789952874,0.003583440789952874,0,0.0,0.0
2026-07-25 02:00:00+00:00,0.0035835783928632736,0.0035896708723157644,0.0035824254155158997,0.0035824254155158997,0,0.0,0.0
2026-07-25 03:00:00+00:00,0.0035824254155158997,0.0035884100943803787,0.0035824254155158997,0.0035845329985022545,0,0.0,0.0
2026-07-25 04:00:00+00:00,0.003584345104172826,0.003585811471566558,0.003580812830477953,0.003581484779715538,0,0.0,0.0
2026-07-25 05:00:00+00:00,0.0035814903676509857,0.0036004935391247272,0.003581489436328411,0.003593703731894493,0,0.0,0.0
2026-07-25 06:00:00+00:00,0.0035935034975409508,0.0035935034975409508,0.003579735057428479,0.0035798412282019854,3688,0.0,0.0
2026-07-25 07:00:00+00:00,0.003576791612431407,0.003577058669179678,0.0035618680994957685,0.0035618680994957685,7466,0.0,0.0
2026-07-25 08:00:00+00:00,0.00356181338429451,0.00357101415283978,0.003559483215212822,0.003566621569916606,0,0.0,0.0
2026-07-25 09:00:00+00:00,0.003566621569916606,0.0035706134513020515,0.0035625833552330732,0.0035706134513020515,0,0.0,0.0
2026-07-25 10:00:00+00:00,0.003571863519027829,0.0035730565432459116,0.003564088838174939,0.0035695454571396112,0,0.0,0.0
2026-07-25 11:00:00+00:00,0.0035695380065590143,0.003573814406991005,0.0035658860579133034,0.0035658860579133034,0,0.0,0.0
2026-07-25 12:00:00+00:00,0.0035641405265778303,0.003571483539417386,0.0035639831330627203,0.0035639877896755934,0,0.0,0.0
2026-07-25 13:00:00+00:00,0.003566016210243106,0.003573191352188587,0.003563067177310586,0.003566303290426731,0,0.0,0.0
2026-07-25 14:00:00+00:00,0.0035663479939103127,0.0035678353160619736,0.003559170989319682,0.003562673693522811,0,0.0,0.0
2026-07-25 15:00:00+00:00,0.0035626727622002363,0.003575726877897978,0.0035593926440924406,0.003570304485037923,0,0.0,0.0
2026-07-25 16:00:00+00:00,0.00357033615000546,0.003599074436351657,0.0035654634702950716,0.0035990742035210133,0,0.0,0.0
2026-07-25 17:00:00+00:00,0.0035977151710540056,0.003603676101192832,0.003597505856305361,0.0036033429205417633,0,0.0,0.0
2026-07-25 18:00:00+00:00,0.00360150751657784,0.00360150751657784,0.003571978071704507,0.003573331981897354,0,0.0,0.0
2026-07-25 19:00:00+00:00,0.00357202161103487,0.0035736295394599438,0.0035691841039806604,0.0035691866651177406,0,0.0,0.0
2026-07-25 20:00:00+00:00,0.00356870424002409,0.00356870424002409,0.0035581120755523443,0.003560978453606367,1881,0.0,0.0
2026-07-25 21:00:00+00:00,0.0035585411824285984,0.00356730492785573,0.0035572233609855175,0.003560253418982029,0,0.0,0.0
2026-07-25 22:00:00+00:00,0.00356066832318902,0.0035662217997014523,0.0035590894985944033,0.0035606767050921917,0,0.0,0.0
2026-07-25 23:00:00+00:00,0.0035626471508294344,0.0035676832776516676,0.0035595311783254147,0.0035674807149916887,0,0.0,0.0
2026-07-26 00:00:00+00:00,0.0035663354210555553,0.0035740479361265898,0.0035631998907774687,0.003569296095520258,0,0.0,0.0
2026-07-26 01:00:00+00:00,0.0035713091492652893,0.0035713091492652893,0.003561039688065648,0.0035641866270452738,1347,0.0,0.0
2026-07-26 02:00:00+00:00,0.0035637756809592247,0.003569022286683321,0.003557812189683318,0.0035600827541202307,0,0.0,0.0
2026-07-26 03:00:00+00:00,0.0035599737893790007,0.003563258796930313,0.0035569765605032444,0.0035598159302026033,0,0.0,0.0
2026-07-26 04:00:00+00:00,0.003559814766049385,0.003567369654774666,0.003557770512998104,0.003563357051461935,0,0.0,0.0
2026-07-26 05:00:00+00:00,0.003563347738236189,0.003563347738236189,0.0035577521193772554,0.003561867866665125,394,0.0,0.0
2026-07-26 06:00:00+00:00,0.0035618662368506193,0.0035640569403767586,0.0035592112690210342,0.003559612901881337,0,0.0,0.0
2026-07-26 07:00:00+00:00,0.0035595744848251343,0.003563336795195937,0.0035503553226590157,0.0035540254320949316,0,0.0,0.0
2026-07-26 08:00:00+00:00,0.0035448053386062384,0.0035580755211412907,0.0035448053386062384,0.0035580755211412907,9268,0.0,0.0
2026-07-26 09:00:00+00:00,0.003558070631697774,0.003560381243005395,0.0035521811805665493,0.0035581274423748255,562,0.0,0.0
2026-07-26 10:00:00+00:00,0.0035581414122134447,0.0035712546668946743,0.0035581414122134447,0.0035664925817400217,7872,0.0,0.0
2026-07-26 11:00:00+00:00,0.003566598519682884,0.003572693793103099,0.003566598519682884,0.003569880733266473,2257,0.0,0.0
2026-07-26 12:00:00+00:00,0.003569849068298936,0.003571438603103161,0.0035641712602227926,0.003564292099326849,406,0.0,0.0
2026-07-26 13:00:00+00:00,0.003565056249499321,0.0035897025372833014,0.0035641640424728394,0.0035861795768141747,2107,0.0,0.0
2026-07-26 14:00:00+00:00,0.003586098086088896,0.003586130915209651,0.0035678651183843613,0.0035746158100664616,7574,0.0,0.0
2026-07-26 15:00:00+00:00,0.003572491928935051,0.003578492207452655,0.0035686513874679804,0.003575136885046959,0,0.0,0.0
2026-07-26 16:00:00+00:00,0.0035724693443626165,0.0035888736601918936,0.0035686062183231115,0.003588637337088585,0,0.0,0.0
2026-07-26 17:00:00+00:00,0.003588637802749872,0.00358912767842412,0.00358592183329165,0.00358592183329165,358,0.0,0.0
2026-07-26 18:00:00+00:00,0.00358592183329165,0.0035860182251781225,0.0035753895062953234,0.0035753895062953234,0,0.0,0.0
2026-07-26 19:00:00+00:00,0.0035753047559410334,0.0035780281759798527,0.0035673913080245256,0.003570158500224352,10,0.0,0.0
2026-07-26 20:00:00+00:00,0.003566596657037735,0.003574998350813985,0.0035587840247899294,0.0035748949740082026,0,0.0,0.0
2026-07-26 21:00:00+00:00,0.0035749583039432764,0.003579554846510291,0.0035699461586773396,0.0035787748638540506,6002,0.0,0.0
2026-07-26 22:00:00+00:00,0.0035787788219749928,0.0035853004083037376,0.003578082425519824,0.003581030759960413,2579,0.0,0.0
2026-07-26 23:00:00+00:00,0.003581099910661578,0.0035900031216442585,0.003581099910661578,0.003587734419852495,2672,0.0,0.0
2026-07-27 00:00:00+00:00,0.0035870554856956005,0.0035923118703067303,0.003585796570405364,0.003589456435292959,2974,0.0,0.0
2026-07-27 01:00:00+00:00,0.003588858526200056,0.003591290209442377,0.003587021492421627,0.0035880818031728268,0,0.0,0.0
2026-07-27 02:00:00+00:00,0.0035877625923603773,0.0035890559665858746,0.0035760754253715277,0.003577121067792177,9208,0.0,0.0
2026-07-27 03:00:00+00:00,0.003577121067792177,0.003577140625566244,0.003562469966709614,0.0035626336466521025,8034,0.0,0.0
2026-07-27 04:00:00+00:00,0.00356209184974432,0.0035690718796104193,0.003561486257240176,0.0035682511515915394,6121,0.0,0.0
2026-07-27 05:00:00+00:00,0.00356814032420516,0.00356814032420516,0.003548538777977228,0.003551457542926073,3224,0.0,0.0
2026-07-27 06:00:00+00:00,0.0035525455605238676,0.0035556519869714975,0.0035438796039670706,0.003543926402926445,641,0.0,0.0
2026-07-27 07:00:00+00:00,0.003543926402926445,0.0035492959432303905,0.003542928956449032,0.003544045379385352,0,0.0,0.0
2026-07-27 08:00:00+00:00,0.003544058883562684,0.00354468310251832,0.0035247181076556444,0.003526747226715088,0,0.0,0.0
2026-07-27 09:00:00+00:00,0.003526747226715088,0.003526747226715088,0.0035128481686115265,0.0035165150184184313,10683,0.0,0.0
2026-07-27 10:00:00+00:00,0.0035170488990843296,0.003525729523971677,0.0035117329098284245,0.003516022814437747,0,0.0,0.0
2026-07-27 11:00:00+00:00,0.003515450516715646,0.0035206780303269625,0.003511916846036911,0.00351314852014184,0,0.0,0.0
2026-07-27 12:00:00+00:00,0.003522488521412015,0.0035224994644522667,0.003494410775601864,0.0034992359578609467,0,0.0,0.0
2026-07-27 13:00:00+00:00,0.0034992359578609467,0.003505801083520055,0.00349915842525661,0.0035033614840358496,1266,0.0,0.0
2026-07-27 14:00:00+00:00,0.0035033891908824444,0.003509787144139409,0.00345783238299191,0.003462828230112791,0,0.0,0.0
2026-07-27 15:00:00+00:00,0.003462802153080702,0.00346765061840415,0.003441198728978634,0.003441198728978634,5547,0.0,0.0
2026-07-27 16:00:00+00:00,0.003441201290115714,0.0034447035286575556,0.0034301718696951866,0.0034380170982331038,3423,0.0,0.0
2026-07-27 17:00:00+00:00,0.0034365723840892315,0.00344331213273108,0.003435729769989848,0.0034399316646158695,0,0.0,0.0
2026-07-27 18:00:00+00:00,0.003439884167164564,0.003439884167164564,0.0034242114052176476,0.0034242114052176476,0,0.0,0.0
2026-07-27 19:00:00+00:00,0.0034242148976773024,0.0034312510397285223,0.0034239531960338354,0.0034245846327394247,2106,0.0,0.0
2026-07-27 20:00:00+00:00,0.003424575086683035,0.003427948569878936,0.003419282380491495,0.0034267506562173367,1361,0.0,0.0
2026-07-27 21:00:00+00:00,0.0034266277216374874,0.0034302545245736837,0.003422461450099945,0.003429240547120571,0,0.0,0.0
2026-07-27 22:00:00+00:00,0.0034291925840079784,0.00342921051196754,0.0033897145185619593,0.0033913024235516787,13895,0.0,0.0
2026-07-27 23:00:00+00:00,0.0033876553643494844,0.0033876553643494844,0.0033162347972393036,0.0033162347972393036,32507,0.0,0.0
2026-07-28 00:00:00+00:00,0.0033071315847337246,0.0033071315847337246,0.0032943207770586014,0.003301828633993864,5023,0.0,0.0
2026-07-28 01:00:00+00:00,0.0032990279141813517,0.003301207674667239,0.0032691711094230413,0.0032738724257797003,9936,0.0,0.0
2026-07-28 02:00:00+00:00,0.003270616289228201,0.0032882774248719215,0.0032645980827510357,0.003278335090726614,507,0.0,0.0
2026-07-28 03:00:00+00:00,0.0032819369807839394,0.003303086617961526,0.0032789744436740875,0.003303086617961526,0,0.0,0.0
2026-07-28 04:00:00+00:00,0.003303009085357189,0.003355854656547308,0.003303009085357189,0.003355854656547308,1835,0.0,0.0
2026-07-28 05:00:00+00:00,0.0033557384740561247,0.00339605868794024,0.003355171298608184,0.00339605868794024,4233,0.0,0.0
2026-07-28 06:00:00+00:00,0.003382208989933133,0.003408958436921239,0.003382208989933133,0.0034035376738756895,5991,0.0,0.0
2026-07-28 07:00:00+00:00,0.0034035732969641685,0.003426941344514489,0.003392586251720786,0.003400034038349986,4026,0.0,0.0
2026-07-28 08:00:00+00:00,0.0033999253064393997,0.003414603415876627,0.0033829566091299057,0.003385156160220504,0,0.0,0.0
2026-07-28 09:00:00+00:00,0.0033852667547762394,0.0033955289982259274,0.003377566346898675,0.0033853836357593536,0,0.0,0.0
2026-07-28 10:00:00+00:00,0.003385101445019245,0.003404669463634491,0.0033755602780729532,0.003386849071830511,3432,0.0,0.0
2026-07-28 11:00:00+00:00,0.003386849071830511,0.0033882190473377705,0.0033740203361958265,0.0033816550858318806,333,0.0,0.0
2026-07-28 12:00:00+00:00,0.003381787333637476,0.0033847300801426172,0.003375316271558404,0.003378690918907523,3316,0.0,0.0
2026-07-28 13:00:00+00:00,0.0033787463326007128,0.003384046023711562,0.0033388533629477024,0.0033397250808775425,2751,0.0,0.0
2026-07-28 14:00:00+00:00,0.0033426228910684586,0.0033438627142459154,0.003327213926240802,0.0033438513055443764,0,0.0,0.0
2026-07-28 15:00:00+00:00,0.0033438513055443764,0.003351723775267601,0.0033209512475878,0.003350841347128153,3443,0.0,0.0
2026-07-28 16:00:00+00:00,0.0033528285566717386,0.003359610680490732,0.0033483870793133974,0.0033484490122646093,0,0.0,0.0
2026-07-28 17:00:00+00:00,0.0033502927981317043,0.003350644139572978,0.003337303875014186,0.003340503666549921,2782,0.0,0.0
2026-07-28 18:00:00+00:00,0.0033404026180505753,0.0033489130437374115,0.0033353848848491907,0.003345635486766696,0,0.0,0.0
2026-07-28 19:00:00+00:00,0.0033455276861786842,0.0033461186103522778,0.0033314807806164026,0.0033344437833875418,9314,0.0,0.0
2026-07-28 20:00:00+00:00,0.003334426088258624,0.003354589221999049,0.0033343166578561068,0.0033497484400868416,0,0.0,0.0
2026-07-28 21:00:00+00:00,0.0033498064149171114,0.00335301854647696,0.0033376868814229965,0.0033503100275993347,0,0.0,0.0
2026-07-28 22:00:00+00:00,0.0033502939622849226,0.0033502939622849226,0.0033330931328237057,0.003334457753226161,0,0.0,0.0
2026-07-28 23:00:00+00:00,0.0033344083931297064,0.0033502131700515747,0.00333218346349895,0.003347615944221616,0,0.0,0.0
2026-07-29 00:00:00+00:00,0.003347615944221616,0.0033503191079944372,0.0033387430012226105,0.003348764730617404,0,0.0,0.0
2026-07-29 01:00:00+00:00,0.003348899306729436,0.0033520471770316362,0.0033269920386373997,0.0033269920386373997,0,0.0,0.0
2026-07-29 02:00:00+00:00,0.003327040933072567,0.0033273231238126755,0.003308102022856474,0.003308188635855913,0,0.0,0.0
2026-07-29 03:00:00+00:00,0.0033083329908549786,0.003318373579531908,0.0032366605009883642,0.0032366737723350525,10868,0.0,0.0
2026-07-29 04:00:00+00:00,0.00324082444421947,0.00324082444421947,0.003158841049298644,0.0031691116746515036,26606,0.0,0.0
2026-07-29 05:00:00+00:00,0.0031702788546681404,0.003172847907990217,0.003157525323331356,0.0031657179351896048,17746,0.0,0.0
2026-07-29 06:00:00+00:00,0.003165693022310734,0.0031762318685650826,0.003162509063258767,0.0031722141429781914,0,0.0,0.0
2026-07-29 07:00:00+00:00,0.00317215989343822,0.0031768677290529013,0.003156936727464199,0.0031633786857128143,1309,0.0,0.0
2026-07-29 08:00:00+00:00,0.003163538407534361,0.0031645670533180237,0.0031548405531793833,0.003160086227580905,0,0.0,0.0
2026-07-29 09:00:00+00:00,0.003160086227580905,0.003176136175170541,0.0031542466022074223,0.003171771764755249,9167,0.0,0.0
2026-07-29 10:00:00+00:00,0.003171813441440463,0.003177893115207553,0.00316882086917758,0.0031709368340671062,6980,0.0,0.0
2026-07-29 11:00:00+00:00,0.003170969197526574,0.0031751173082739115,0.003166003618389368,0.003167182207107544,0,0.0,0.0
2026-07-29 12:00:00+00:00,0.0031672215554863214,0.0031790942884981632,0.003166572190821171,0.003177415579557419,5291,0.0,0.0
2026-07-29 13:00:00+00:00,0.003177577629685402,0.0031967037357389927,0.003169354982674122,0.003195409430190921,0,0.0,0.0
2026-07-29 14:00:00+00:00,0.003195409430190921,0.003198264166712761,0.003180521773174405,0.0031899872701615095,5553,0.0,0.0
2026-07-29 15:00:00+00:00,0.0031899467576295137,0.003191534196957946,0.0031819501891732216,0.0031819501891732216,0,0.0,0.0
2026-07-29 16:00:00+00:00,0.0031817429699003696,0.003192898351699114,0.003180591855198145,0.0031885900534689426,2156,0.0,0.0
2026-07-29 17:00:00+00:00,0.0031885900534689426,0.003199891420081258,0.0031868380028754473,0.00319975265301764,0,0.0,0.0
2026-07-29 18:00:00+00:00,0.003199807135388255,0.003260842990130186,0.003199807135388255,0.0032607021275907755,11188,0.0,0.0
2026-07-29 19:00:00+00:00,0.003261430189013481,0.003261430189013481,0.0032393301371484995,0.0032393301371484995,0,0.0,0.0
2026-07-29 20:00:00+00:00,0.0032391685526818037,0.0032391685526818037,0.0032035293988883495,0.003217073157429695,0,0.0,0.0
2026-07-29 21:00:00+00:00,0.003208642825484276,0.003226096276193857,0.003205823013558984,0.0032141786068677902,8632,0.0,0.0
2026-07-29 22:00:00+00:00,0.003214197000488639,0.003220486454665661,0.003206493565812707,0.003220486454665661,0,0.0,0.0
2026-07-29 23:00:00+00:00,0.0032204824965447187,0.003236521268263459,0.0032082926481962204,0.0032339291647076607,13737,0.0,0.0
2026-07-30 00:00:00+00:00,0.0032341433688998222,0.0032569020986557007,0.0032335238065570593,0.0032546750735491514,3118,0.0,0.0
2026-07-30 01:00:00+00:00,0.0032546957954764366,0.003267433727160096,0.0032448351848870516,0.003267433727160096,0,0.0,0.0
2026-07-30 02:00:00+00:00,0.003267519874498248,0.003282413585111499,0.0032647056505084038,0.0032808289397507906,0,0.0,0.0
2026-07-30 03:00:00+00:00,0.0032810065895318985,0.00339901284314692,0.003245944855734706,0.003245944855734706,172398,0.0,0.0
2026-07-30 04:00:00+00:00,0.0032457555644214153,0.00325008830986917,0.0032300956081598997,0.0032300956081598997,0,0.0,0.0
2026-07-30 05:00:00+00:00,0.003229857189580798,0.0032615908421576023,0.003229857189580798,0.0032615908421576023,0,0.0,0.0
2026-07-30 06:00:00+00:00,0.0032618404366075993,0.003273356705904007,0.003253535134717822,0.003264565719291568,0,0.0,0.0
2026-07-30 07:00:00+00:00,0.003264983417466283,0.003272010711953044,0.0032504000701010227,0.003267836757004261,7718,0.0,0.0
2026-07-30 08:00:00+00:00,0.003278797259554267,0.0032802934292703867,0.0032640083227306604,0.0032740288879722357,0,0.0,0.0
2026-07-30 09:00:00+00:00,0.0032739618327468634,0.003292935434728861,0.0032738661393523216,0.0032813057769089937,4102,0.0,0.0
2026-07-30 10:00:00+00:00,0.0032812452409416437,0.003300487995147705,0.003280744655057788,0.0032907899003475904,0,0.0,0.0
2026-07-30 11:00:00+00:00,0.003290815046057105,0.003304273821413517,0.00328179937787354,0.003304273821413517,12106,0.0,0.0
2026-07-30 12:00:00+00:00,0.0033054016530513763,0.0033115423284471035,0.0032991652842611074,0.0032992903143167496,11671,0.0,0.0
2026-07-30 13:00:00+00:00,0.003301203018054366,0.0033178082667291164,0.003301203018054366,0.0033117840066552162,3260,0.0,0.0
2026-07-30 14:00:00+00:00,0.0033123288303613663,0.00331747904419899,0.003303621429949999,0.003309127176180482,0,0.0,0.0
2026-07-30 15:00:00+00:00,0.0033090237993746996,0.003311723470687866,0.003306784899905324,0.0033085474278777838,0,0.0,0.0
2026-07-30 16:00:00+00:00,0.003308813786134124,0.003316714195534587,0.003293504472821951,0.003295727539807558,8058,0.0,0.0
2026-07-30 17:00:00+00:00,0.0032962015829980373,0.0032996211666613817,0.0032933016773313284,0.0032991257030516863,0,0.0,0.0
2026-07-30 18:00:00+00:00,0.00329886213876307,0.0033010365441441536,0.003295545931905508,0.003295778064057231,0,0.0,0.0
2026-07-30 19:00:00+00:00,0.003295847913250327,0.0032959578093141317,0.003278553718701005,0.003279933240264654,5650,0.0,0.0
2026-07-30 20:00:00+00:00,0.0032798454631119967,0.003279946045950055,0.003263398539274931,0.003264116356149316,0,0.0,0.0
2026-07-30 21:00:00+00:00,0.0032638784032315016,0.0032805446535348892,0.003251737216487527,0.0032555831130594015,11055,0.0,0.0
2026-07-30 22:00:00+00:00,0.003255459712818265,0.0032566795125603676,0.0032268804498016834,0.003231581998988986,12042,0.0,0.0
2026-07-30 23:00:00+00:00,0.0032320842146873474,0.003255292074754834,0.003227330045774579,0.003227330045774579,36,0.0,0.0
2026-07-31 00:00:00+00:00,0.0032274259719997644,0.00323523860424757,0.0032218254636973143,0.0032278476282954216,0,0.0,0.0
2026-07-31 01:00:00+00:00,0.0032277165446430445,0.0032635026145726442,0.003226839704439044,0.003242290811613202,7070,0.0,0.0
2026-07-31 02:00:00+00:00,0.003242257982492447,0.003275321563705802,0.003242257982492447,0.003255921881645918,5526,0.0,0.0
2026-07-31 03:00:00+00:00,0.003255789168179035,0.0032773329876363277,0.0032525307033210993,0.0032531116157770157,0,0.0,0.0
2026-07-31 04:00:00+00:00,0.003253171220421791,0.0032532180193811655,0.0032341184560209513,0.003243416780605912,0,0.0,0.0
2026-07-31 05:00:00+00:00,0.0032404731027781963,0.003242083825170994,0.003229828318580985,0.0032374917063862085,7620,0.0,0.0
2026-07-31 06:00:00+00:00,0.0032377270981669426,0.0032779586035758257,0.003236746182665229,0.0032646094914525747,18269,0.0,0.0
2026-07-31 07:00:00+00:00,0.0032646094914525747,0.003285449929535389,0.0032624925952404737,0.003280813340097666,0,0.0,0.0
2026-07-31 08:00:00+00:00,0.0032830454874783754,0.0032856459729373455,0.003274648915976286,0.0032775960862636566,0,0.0,0.0
2026-07-31 09:00:00+00:00,0.003277447074651718,0.003281887387856841,0.0032386898528784513,0.003238976700231433,0,0.0,0.0
2026-07-31 10:00:00+00:00,0.003238976700231433,0.0032652297522872686,0.003238976700231433,0.0032596085220575333,17861,0.0,0.0
2026-07-31 11:00:00+00:00,0.0032597703393548727,0.0032605824526399374,0.0032379364129155874,0.0032385531812906265,0,0.0,0.0
2026-07-31 12:00:00+00:00,0.003238595323637128,0.003238669829443097,0.0032226270996034145,0.0032226270996034145,0,0.0,0.0
2026-07-31 13:00:00+00:00,0.0032226131297647953,0.003230304690077901,0.0032196829561144114,0.0032196829561144114,1478,0.0,0.0
2026-07-31 14:00:00+00:00,0.003219670383259654,0.003219670383259654,0.003164943540468812,0.003164943540468812,0,0.0,0.0
2026-07-31 15:00:00+00:00,0.003164666472002864,0.003170822514221072,0.003159404033794999,0.0031658345833420753,4712,0.0,0.0
2026-07-31 16:00:00+00:00,0.0031658345833420753,0.0031715964432805777,0.0031523562502115965,0.003153265221044421,1846,0.0,0.0
2026-07-31 17:00:00+00:00,0.0031533529981970787,0.003160750260576606,0.0031428998336195946,0.0031579940114170313,0,0.0,0.0
2026-07-31 18:00:00+00:00,0.0031578033231198788,0.003161712782457471,0.0031538342591375113,0.003159665735438466,0,0.0,0.0
2026-07-31 19:00:00+00:00,0.003159719053655863,0.003162635490298271,0.0031544307712465525,0.0031619092915207148,5172,0.0,0.0
2026-07-31 20:00:00+00:00,0.003161902539432049,0.003168922383338213,0.003161477390676737,0.00316555961035192,2206,0.0,0.0
2026-07-31 21:00:00+00:00,0.003165528643876314,0.00317021319642663,0.0031633563339710236,0.00317021319642663,0,0.0,0.0
2026-07-31 22:00:00+00:00,0.003170219948515296,0.003170219948515296,0.003167438320815563,0.0031688513699918985,0,0.0,0.0
2026-07-31 23:00:00+00:00,0.0031688539311289787,0.003171735443174839,0.003167839255183935,0.003171283518895507,698,0.0,0.0
2026-08-01 00:00:00+00:00,0.0031733366195112467,0.003182267537340522,0.003173260483890772,0.003181059844791889,2706,0.0,0.0
2026-08-01 01:00:00+00:00,0.003181059844791889,0.003181059844791889,0.00317831221036613,0.003179616993293166,0,0.0,0.0
2026-08-01 02:00:00+00:00,0.003179616993293166,0.0031882580369710922,0.0031794991809874773,0.003183868248015642,0,0.0,0.0
2026-08-01 03:00:00+00:00,0.003183854278177023,0.003189047332853079,0.0031806319020688534,0.003181791165843606,0,0.0,0.0
2026-08-01 04:00:00+00:00,0.0031818384304642677,0.00318273832090199,0.003175138495862484,0.0031799832358956337,0,0.0,0.0
2026-08-01 05:00:00+00:00,0.0031799841672182083,0.0031799888238310814,0.003173660719767213,0.0031764055602252483,0,0.0,0.0
2026-08-01 06:00:00+00:00,0.0031801608856767416,0.0031823855824768543,0.0031758914701640606,0.0031761943828314543,0,0.0,0.0
2026-08-01 07:00:00+00:00,0.003176196478307247,0.0031814579851925373,0.0031752828508615494,0.0031766812317073345,0,0.0,0.0
2026-08-01 08:00:00+00:00,0.003177548060193658,0.003181376028805971,0.0031730046030133963,0.003174794605001807,0,0.0,0.0
2026-08-01 09:00:00+00:00,0.0031747915782034397,0.0031756660901010036,0.0031476856674999,0.003155721351504326,9800,0.0,0.0
2026-08-01 10:00:00+00:00,0.003155709942802787,0.0031577625777572393,0.0031360257416963577,0.0031360257416963577,3994,0.0,0.0
2026-08-01 11:00:00+00:00,0.0031362962909042835,0.0031380965374410152,0.003133061807602644,0.003137001069262624,0,0.0,0.0
2026-08-01 12:00:00+00:00,0.0031370266806334257,0.003140075132250786,0.003135250648483634,0.003135250648483634,990,0.0,0.0
2026-08-01 13:00:00+00:00,0.0031352525111287832,0.0031403941102325916,0.0031352525111287832,0.0031403941102325916,0,0.0,0.0
2026-08-01 14:00:00+00:00,0.0031403969042003155,0.0031456369906663895,0.0031398062128573656,0.003142585279420018,0,0.0,0.0
2026-08-01 15:00:00+00:00,0.003142397617921233,0.003145293565467,0.003120117587968707,0.0031219490338116884,0,0.0,0.0
2026-08-01 16:00:00+00:00,0.0031229883898049593,0.0031282391864806414,0.003121756250038743,0.0031222249381244183,0,0.0,0.0
2026-08-01 17:00:00+00:00,0.003122229827567935,0.0031262484844774008,0.003110266523435712,0.003110266523435712,0,0.0,0.0
2026-08-01 18:00:00+00:00,0.003109938930720091,0.00311089213937521,0.0031010257080197334,0.0031025693751871586,3816,0.0,0.0
2026-08-01 19:00:00+00:00,0.0031039456371217966,0.0031137350015342236,0.003101784735918045,0.003106131451204419,0,0.0,0.0
2026-08-01 20:00:00+00:00,0.00310612958855927,0.0031137769110500813,0.003105168929323554,0.003108842298388481,6408,0.0,0.0
2026-08-01 21:00:00+00:00,0.003109310520812869,0.003111776662990451,0.003099048277363181,0.003102667164057493,3597,0.0,0.0
2026-08-01 22:00:00+00:00,0.003102667396888137,0.003102667396888137,0.0030941618606448174,0.0030941618606448174,4137,0.0,0.0
2026-08-01 23:00:00+00:00,0.0030941611621528864,0.0031001553870737553,0.0030941611621528864,0.0030987123027443886,1898,0.0,0.0
2026-08-02 00:00:00+00:00,0.0030995977576822042,0.0031002082396298647,0.0030933504458516836,0.0030974210239946842,2735,0.0,0.0
2026-08-02 01:00:00+00:00,0.0030974210239946842,0.0030983940232545137,0.003093563951551914,0.0030969923827797174,0,0.0,0.0
2026-08-02 02:00:00+00:00,0.0030969930812716484,0.003107604570686817,0.0030960203148424625,0.0031075868755578995,1215,0.0,0.0
2026-08-02 03:00:00+00:00,0.003110570600256324,0.003113783663138747,0.0031068359967321157,0.0031085736118257046,0,0.0,0.0
2026-08-02 04:00:00+00:00,0.00310857524164021,0.0031129433773458004,0.003107403637841344,0.0031075403094291687,111,0.0,0.0
2026-08-02 05:00:00+00:00,0.003107542870566249,0.0031121799256652594,0.0031037034932523966,0.0031083161011338234,7665,0.0,0.0
2026-08-02 06:00:00+00:00,0.003109885845333338,0.0031116402242332697,0.003106548683717847,0.0031098141334950924,0,0.0,0.0
2026-08-02 07:00:00+00:00,0.0031098101753741503,0.003111341269686818,0.0031045672949403524,0.0031107007525861263,0,0.0,0.0
2026-08-02 08:00:00+00:00,0.0031107007525861263,0.003111096564680338,0.0031043945346027613,0.003109330078586936,3336,0.0,0.0
2026-08-02 09:00:00+00:00,0.003109330777078867,0.0031121938955038786,0.003105379408225417,0.003110551740974188,0,0.0,0.0
2026-08-02 10:00:00+00:00,0.003106551943346858,0.003112579695880413,0.0031064150389283895,0.0031119685154408216,0,0.0,0.0
2026-08-02 11:00:00+00:00,0.0031060311011970043,0.0031110872514545918,0.0030761065427213907,0.0030779826920479536,14211,0.0,0.0
2026-08-02 12:00:00+00:00,0.0030779801309108734,0.0030827373266220093,0.0030709831044077873,0.0030778369400650263,0,0.0,0.0
2026-08-02 13:00:00+00:00,0.0030773004982620478,0.0030782315880060196,0.0030728525016456842,0.0030777580104768276,5072,0.0,0.0
2026-08-02 14:00:00+00:00,0.003078588517382741,0.003087538992986083,0.0030778252985328436,0.0030872265342622995,17147,0.0,0.0
2026-08-02 15:00:00+00:00,0.0030870395712554455,0.0030884717125445604,0.0030844416469335556,0.0030868479516357183,0,0.0,0.0
2026-08-02 16:00:00+00:00,0.0030868479516357183,0.0030884260777384043,0.0030833964701741934,0.0030881573911756277,1065,0.0,0.0
2026-08-02 17:00:00+00:00,0.0030887280590832233,0.0030901075806468725,0.0030833224300295115,0.0030834858771413565,2861,0.0,0.0
2026-08-02 18:00:00+00:00,0.0030834840144962072,0.0030895548406988382,0.003082633251324296,0.0030879827681928873,4378,0.0,0.0
2026-08-02 19:00:00+00:00,0.003087985096499324,0.003088161814957857,0.00308297760784626,0.0030864467844367027,0,0.0,0.0
2026-08-02 20:00:00+00:00,0.0030864537693560123,0.0030883143190294504,0.003082301001995802,0.0030849347822368145,0,0.0,0.0
2026-08-02 21:00:00+00:00,0.0030849347822368145,0.0030961118172854185,0.003084934549406171,0.003094037529081106,0,0.0,0.0
2026-08-02 22:00:00+00:00,0.003094238694757223,0.003098872723057866,0.0030926892068237066,0.0030949364881962538,0,0.0,0.0
2026-08-02 23:00:00+00:00,0.003094937652349472,0.0030957399867475033,0.0030913683585822582,0.003094908781349659,0,0.0,0.0
2026-08-03 00:00:00+00:00,0.0030950645450502634,0.0030994240660220385,0.003088130848482251,0.0030897236429154873,1314,0.0,0.0
2026-08-03 01:00:00+00:00,0.003089731093496084,0.0030912032816559076,0.003035834524780512,0.0030411353800445795,10867,0.0,0.0
2026-08-03 02:00:00+00:00,0.0030411353800445795,0.0030411353800445795,0.0030359227675944567,0.003037466434761882,0,0.0,0.0
2026-08-03 03:00:00+00:00,0.0030374564230442047,0.0030433395877480507,0.0030361751560121775,0.0030415337532758713,5657,0.0,0.0
2026-08-03 04:00:00+00:00,0.0030416776426136494,0.0030416776426136494,0.0030300533398985863,0.0030365262646228075,3938,0.0,0.0
2026-08-03 05:00:00+00:00,0.0030365262646228075,0.0030418599490076303,0.003032406559213996,0.0030402936972677708,0,0.0,0.0
2026-08-03 06:00:00+00:00,0.0030403267592191696,0.003042571945115924,0.0030283755622804165,0.003031331580132246,4397,0.0,0.0
2026-08-03 07:00:00+00:00,0.0030313131865113974,0.0030328230932354927,0.0030261350329965353,0.0030265836976468563,2723,0.0,0.0
2026-08-03 08:00:00+00:00,0.0030265841633081436,0.003027220955118537,0.0030174204148352146,0.0030201664194464684,0,0.0,0.0
2026-08-03 09:00:00+00:00,0.003020091215148568,0.0030201193876564503,0.0030138527508825064,0.0030159263405948877,0,0.0,0.0
2026-08-03 10:00:00+00:00,0.0030158786103129387,0.0030260924249887466,0.0030158786103129387,0.0030223813373595476,102,0.0,0.0
2026-08-03 11:00:00+00:00,0.0030223813373595476,0.003029888030141592,0.003021197859197855,0.003027971601113677,0,0.0,0.0
2026-08-03 12:00:00+00:00,0.0030273431912064552,0.0030317483469843864,0.0030267322435975075,0.003031671280041337,310,0.0,0.0
2026-08-03 13:00:00+00:00,0.003031142521649599,0.003067301120609045,0.0030304633546620607,0.003067301120609045,6677,0.0,0.0
2026-08-03 14:00:00+00:00,0.0030758879147469997,0.0030907364562153816,0.0030738681089133024,0.0030893823131918907,0,0.0,0.0
2026-08-03 15:00:00+00:00,0.0030893816146999598,0.0030918370466679335,0.0030831259209662676,0.0030851750634610653,0,0.0,0.0
2026-08-03 16:00:00+00:00,0.003085177158936858,0.0030928237829357386,0.003085177158936858,0.003089538775384426,0,0.0,0.0
2026-08-03 17:00:00+00:00,0.0030913138762116432,0.0030925848986953497,0.003086022101342678,0.003086068434640765,264,0.0,0.0
2026-08-03 18:00:00+00:00,0.003086068434640765,0.0030914535745978355,0.0030854239594191313,0.0030875448137521744,0,0.0,0.0
2026-08-03 19:00:00+00:00,0.0030875448137521744,0.003088883589953184,0.0030836269725114107,0.0030842632986605167,549,0.0,0.0
2026-08-03 20:00:00+00:00,0.0030849974136799574,0.0030849974136799574,0.0030761095695197582,0.003078482346609235,0,0.0,0.0
2026-08-03 21:00:00+00:00,0.003078482346609235,0.0030813005287200212,0.003074083011597395,0.0030808327719569206,0,0.0,0.0
2026-08-03 22:00:00+00:00,0.0030808362644165754,0.0030818183440715075,0.003073862288147211,0.003074773121625185,496,0.0,0.0
2026-08-03 23:00:00+00:00,0.0030747733544558287,0.0030782436951994896,0.00307376217097044,0.00307376217097044,19,0.0,0.0
2026-08-04 00:00:00+00:00,0.0030739225912839174,0.0030852854251861572,0.003072089981287718,0.003080853493884206,1024,0.0,0.0
2026-08-04 01:00:00+00:00,0.003080813679844141,0.00309160933829844,0.003075649728998542,0.003090714802965522,0,0.0,0.0
2026-08-04 02:00:00+00:00,0.0030914954841136932,0.003093844512477517,0.0030866728629916906,0.003087112680077553,717,0.0,0.0
2026-08-04 03:00:00+00:00,0.003087112680077553,0.0030963837634772062,0.0030808188021183014,0.003082208102568984,226,0.0,0.0
2026-08-04 04:00:00+00:00,0.0030821620021015406,0.00308620766736567,0.0030808818992227316,0.0030831978656351566,0,0.0,0.0
2026-08-04 05:00:00+00:00,0.0030831978656351566,0.0030831978656351566,0.003075786866247654,0.0030799899250268936,1874,0.0,0.0
2026-08-04 06:00:00+00:00,0.0030799899250268936,0.0030814448837190866,0.0030734010506421328,0.0030734010506421328,0,0.0,0.0
2026-08-04 07:00:00+00:00,0.0030735426116734743,0.0030782073736190796,0.0030683826189488173,0.0030782073736190796,1663,0.0,0.0
2026-08-04 08:00:00+00:00,0.0030782069079577923,0.0030789680313318968,0.00307394377887249,0.003075578948482871,0,0.0,0.0
2026-08-04 09:00:00+00:00,0.0030757442582398653,0.003079459071159363,0.003072098596021533,0.0030784490518271923,2143,0.0,0.0
2026-08-04 10:00:00+00:00,0.0030783668626099825,0.00307984440587461,0.003070743288844824,0.003073769388720393,0,0.0,0.0
2026-08-04 11:00:00+00:00,0.0030738012865185738,0.003076012711971998,0.003064848016947508,0.003068402875214815,5598,0.0,0.0
2026-08-04 12:00:00+00:00,0.0030644875951111317,0.0030749859288334846,0.0030644875951111317,0.0030718641355633736,2004,0.0,0.0
2026-08-04 13:00:00+00:00,0.0030718303751200438,0.0030741889495402575,0.003069110680371523,0.0030713649466633797,0,0.0,0.0
2026-08-04 14:00:00+00:00,0.0030713744927197695,0.0030792660545557737,0.0030553294345736504,0.0030792111065238714,19679,0.0,0.0
2026-08-04 15:00:00+00:00,0.0030791794415563345,0.0030816569924354553,0.0030096282716840506,0.003009893000125885,38121,0.0,0.0
2026-08-04 16:00:00+00:00,0.003009909065440297,0.003009909065440297,0.0030009818729013205,0.003007957711815834,7780,0.0,0.0
2026-08-04 17:00:00+00:00,0.003007957711815834,0.003010151442140341,0.003007256891578436,0.003010151442140341,0,0.0,0.0
2026-08-04 18:00:00+00:00,0.0030101912561804056,0.0030129230581223965,0.0030101346783339977,0.003011079505085945,848,0.0,0.0
2026-08-04 19:00:00+00:00,0.003011086257174611,0.003012528643012047,0.003010677872225642,0.0030112757813185453,0,0.0,0.0
2026-08-04 20:00:00+00:00,0.0030104806646704674,0.0030154394917190075,0.0030089919455349445,0.003012317232787609,1190,0.0,0.0
2026-08-04 21:00:00+00:00,0.0030123190954327583,0.0030137570574879646,0.0030112110543996096,0.0030127763748168945,0,0.0,0.0
2026-08-04 22:00:00+00:00,0.0030127738136798143,0.0030296205077320337,0.003012534696608782,0.0030296205077320337,5702,0.0,0.0
2026-08-04 23:00:00+00:00,0.003029630286619067,0.0030453756917268038,0.003029630286619067,0.0030428434256464243,1696,0.0,0.0
2026-08-05 00:00:00+00:00,0.0030428485479205847,0.003046626690775156,0.0030402401462197304,0.0030429898761212826,0,0.0,0.0
2026-08-05 01:00:00+00:00,0.00304290815256536,0.003044563578441739,0.0030401223339140415,0.0030437686946243048,0,0.0,0.0
2026-08-05 02:00:00+00:00,0.0030437898822128773,0.003044391982257366,0.003039345610886812,0.0030420725233852863,656,0.0,0.0
2026-08-05 03:00:00+00:00,0.0030420804396271706,0.00304386205971241,0.0030260691419243813,0.003028502920642495,0,0.0,0.0
2026-08-05 04:00:00+00:00,0.0030288530979305506,0.003032622393220663,0.0030272079166024923,0.003032509470358491,0,0.0,0.0
2026-08-05 05:00:00+00:00,0.0030324214603751898,0.003040070878341794,0.0030322575476020575,0.0030399123206734657,435,0.0,0.0
2026-08-05 06:00:00+00:00,0.0030399097595363855,0.0030428923200815916,0.003035350004211068,0.0030408273451030254,437,0.0,0.0
2026-08-05 07:00:00+00:00,0.0030407605227082968,0.0030459731351584196,0.0030407605227082968,0.003042927710339427,386,0.0,0.0
2026-08-05 08:00:00+00:00,0.003042947966605425,0.0030471645295619965,0.0030422110576182604,0.0030471645295619965,2330,0.0,0.0
2026-08-05 09:00:00+00:00,0.0030471852514892817,0.0030510439537465572,0.003045789198949933,0.003048028564080596,0,0.0,0.0
2026-08-05 10:00:00+00:00,0.0030474013183265924,0.0030514257960021496,0.0030473845545202494,0.0030496579129248857,0,0.0,0.0
2026-08-05 11:00:00+00:00,0.00304966839030385,0.0030519329011440277,0.00304966839030385,0.0030513822566717863,0,0.0,0.0
2026-08-05 12:00:00+00:00,0.0030513822566717863,0.0030532998498529196,0.003050275146961212,0.0030516223050653934,0,0.0,0.0
2026-08-05 13:00:00+00:00,0.0030516223050653934,0.0030522618908435106,0.0030484646558761597,0.0030504027381539345,0,0.0,0.0
2026-08-05 14:00:00+00:00,0.0030503536108881235,0.0030514646787196398,0.0030459756962955,0.0030483987648040056,0,0.0,0.0
2026-08-05 15:00:00+00:00,0.0030465400777757168,0.0030488022603094578,0.003043622709810734,0.0030443069990724325,0,0.0,0.0
2026-08-05 16:00:00+00:00,0.0030440923292189837,0.0030468099284917116,0.0030424839351326227,0.003042875789105892,0,0.0,0.0
2026-08-05 17:00:00+00:00,0.0030427398160099983,0.00305307749658823,0.003040773095563054,0.003053047228604555,0,0.0,0.0
2026-08-05 18:00:00+00:00,0.0030529876239597797,0.003054786240682006,0.0030516786500811577,0.003054786240682006,503,0.0,0.0
2026-08-05 19:00:00+00:00,0.003054786240682006,0.00305627821944654,0.0030493526719510555,0.0030494355596601963,515,0.0,0.0
2026-08-05 20:00:00+00:00,0.0030494355596601963,0.0030526621267199516,0.003048495389521122,0.0030517056584358215,0,0.0,0.0
2026-08-05 21:00:00+00:00,0.0030521140433847904,0.0030538146384060383,0.0030499333515763283,0.0030502669978886843,587,0.0,0.0
2026-08-05 22:00:00+00:00,0.00305037759244442,0.0030532539822161198,0.003047157544642687,0.003047157544642687,0,0.0,0.0
2026-08-05 23:00:00+00:00,0.0030471589416265488,0.003048412501811981,0.0030448241159319878,0.0030480134300887585,5,0.0,0.0
2026-08-06 00:00:00+00:00,0.003047606209293008,0.003047606209293008,0.0030456038657575846,0.003047511214390397,0,0.0,0.0
2026-08-06 01:00:00+00:00,0.003047511214390397,0.0030475265812128782,0.0030397993978112936,0.003040594281628728,905,0.0,0.0
2026-08-06 02:00:00+00:00,0.0030434797517955303,0.0030438879039138556,0.0030323341488838196,0.0030347220599651337,0,0.0,0.0
2026-08-06 03:00:00+00:00,0.0030363008845597506,0.00303761032409966,0.0030318982899188995,0.0030318982899188995,1376,0.0,0.0
2026-08-06 04:00:00+00:00,0.0030318982899188995,0.0030367642175406218,0.0030316885095089674,0.0030367642175406218,2111,0.0,0.0
2026-08-06 05:00:00+00:00,0.00303683546371758,0.003057423047721386,0.003035653615370393,0.003057423047721386,4390,0.0,0.0
2026-08-06 06:00:00+00:00,0.003057007910683751,0.003058504080399871,0.003047786420211196,0.0030504330061376095,699,0.0,0.0
2026-08-06 07:00:00+00:00,0.003050330327823758,0.003058212110772729,0.003048966871574521,0.003055632347241044,2114,0.0,0.0
2026-08-06 08:00:00+00:00,0.003055970650166273,0.0030588398221880198,0.0030528539791703224,0.0030560253653675318,0,0.0,0.0
2026-08-06 09:00:00+00:00,0.003056077053770423,0.003066271310672164,0.0030553110409528017,0.0030574060510843992,1297,0.0,0.0
2026-08-06 10:00:00+00:00,0.003057370660826564,0.0030598388984799385,0.0030548933427780867,0.003056896850466728,0,0.0,0.0
2026-08-06 11:00:00+00:00,0.0030559406150132418,0.0030608761589974165,0.003055318258702755,0.003057466819882393,1761,0.0,0.0
2026-08-06 12:00:00+00:00,0.003057466819882393,0.0030640678014606237,0.0030566419009119272,0.0030614344868808985,142,0.0,0.0
2026-08-06 13:00:00+00:00,0.0030614356510341167,0.0030900302808731794,0.0030614356510341167,0.0030897401738911867,14973,0.0,0.0
2026-08-06 14:00:00+00:00,0.0030897490214556456,0.0031025265343487263,0.003086366457864642,0.003101078327745199,0,0.0,0.0
2026-08-06 15:00:00+00:00,0.003101078327745199,0.003110619029030204,0.0031000261660665274,0.0031086644157767296,7307,0.0,0.0
2026-08-06 16:00:00+00:00,0.0031072653364390135,0.003113080747425556,0.003106586867943406,0.003113080747425556,782,0.0,0.0
2026-08-06 17:00:00+00:00,0.003113080747425556,0.00312447315081954,0.003113080747425556,0.0031175874173641205,148,0.0,0.0
2026-08-06 18:00:00+00:00,0.0031175874173641205,0.0031186656560748816,0.0031118819024413824,0.0031124388333410025,2678,0.0,0.0
2026-08-06 19:00:00+00:00,0.003112560836598277,0.0031142730731517076,0.0031105580274015665,0.0031115366145968437,0,0.0,0.0
2026-08-06 20:00:00+00:00,0.0031115245074033737,0.0031166858971118927,0.0031098867766559124,0.0031118951737880707,0,0.0,0.0
2026-08-06 21:00:00+00:00,0.0031120111234486103,0.003137175925076008,0.0031104779336601496,0.003137175925076008,4154,0.0,0.0
2026-08-06 22:00:00+00:00,0.0031368799973279238,0.0031437070574611425,0.0031299497932195663,0.0031299497932195663,0,0.0,0.0
2026-08-06 23:00:00+00:00,0.0031299623660743237,0.0031341579742729664,0.0031285230070352554,0.0031327283941209316,0,0.0,0.0
2026-08-07 00:00:00+00:00,0.003133229911327362,0.003137738211080432,0.0031253607012331486,0.003133082762360573,261,0.0,0.0
2026-08-07 01:00:00+00:00,0.003133082762360573,0.0031375500839203596,0.0031306445598602295,0.0031375500839203596,0,0.0,0.0
2026-08-07 02:00:00+00:00,0.0031375500839203596,0.003143061650916934,0.0031375500839203596,0.003143061650916934,0,0.0,0.0
2026-08-07 03:00:00+00:00,0.003143027424812317,0.003147254465147853,0.003143027424812317,0.0031433480326086283,0,0.0,0.0
2026-08-07 04:00:00+00:00,0.0031433480326086283,0.0031486728694289923,0.003114171326160431,0.003114171326160431,12190,0.0,0.0
2026-08-07 05:00:00+00:00,0.0031141340732574463,0.003119555301964283,0.0031110774725675583,0.003119555301964283,0,0.0,0.0
2026-08-07 06:00:00+00:00,0.003119537141174078,0.003124088980257511,0.0031168577261269093,0.0031194284092634916,0,0.0,0.0
2026-08-07 07:00:00+00:00,0.0031194668263196945,0.003125076415017247,0.0031165718100965023,0.0031236144714057446,0,0.0,0.0
2026-08-07 08:00:00+00:00,0.0031250908505171537,0.003129142802208662,0.0031210065353661776,0.0031249788589775562,6261,0.0,0.0
2026-08-07 09:00:00+00:00,0.0031249704770743847,0.00312617514282465,0.0031189247965812683,0.0031240989919751883,0,0.0,0.0
2026-08-07 10:00:00+00:00,0.0031241069082170725,0.003128630109131336,0.0031151394359767437,0.0031184093095362186,458,0.0,0.0
2026-08-07 11:00:00+00:00,0.003120006527751684,0.003125672461465001,0.003120006527751684,0.003125672461465001,0,0.0,0.0
2026-08-07 12:00:00+00:00,0.0031257669907063246,0.0031257669907063246,0.003121843794360757,0.003123992821201682,5147,0.0,0.0
2026-08-07 13:00:00+00:00,0.003123992821201682,0.003123992821201682,0.0031170921865850687,0.003119186032563448,0,0.0,0.0
2026-08-07 14:00:00+00:00,0.0031190812587738037,0.003122566035017371,0.0031189252622425556,0.0031189252622425556,7761,0.0,0.0
2026-08-07 15:00:00+00:00,0.003117262851446867,0.0031195594929158688,0.0031101536005735397,0.003113259095698595,0,0.0,0.0
2026-08-07 16:00:00+00:00,0.003113259095698595,0.003114246064797044,0.003105205250903964,0.003105205250903964,0,0.0,0.0
2026-08-07 17:00:00+00:00,0.003105205250903964,0.0031073240097612143,0.0030962477903813124,0.0030988079961389303,2023,0.0,0.0
2026-08-07 18:00:00+00:00,0.0030988079961389303,0.0030996801797300577,0.003096172586083412,0.003096172586083412,0,0.0,0.0
2026-08-07 19:00:00+00:00,0.0030962140299379826,0.0031055717263370752,0.003096026135608554,0.0031016443390399218,2995,0.0,0.0
2026-08-07 20:00:00+00:00,0.0031016443390399218,0.0031067305244505405,0.0030994967091828585,0.0031013202387839556,0,0.0,0.0
2026-08-07 21:00:00+00:00,0.0031013202387839556,0.0031013202387839556,0.0030933970119804144,0.003099501598626375,189,0.0,0.0
2026-08-07 22:00:00+00:00,0.0030995323322713375,0.003099770750850439,0.003095382358878851,0.0030980294104665518,0,0.0,0.0
2026-08-07 23:00:00+00:00,0.00309803057461977,0.00309803057461977,0.0030893273651599884,0.0030922326259315014,3594,0.0,0.0
2026-08-08 00:00:00+00:00,0.0030922326259315014,0.003092927159741521,0.003088529221713543,0.0030908985063433647,88,0.0,0.0
2026-08-08 01:00:00+00:00,0.003090948099270463,0.0030941185541450977,0.0030896940734237432,0.003089777659624815,0,0.0,0.0
2026-08-08 02:00:00+00:00,0.0030897774267941713,0.0030918496195226908,0.0030897771939635277,0.00309143983758986,3948,0.0,0.0
2026-08-08 03:00:00+00:00,0.003091527847573161,0.0030948312487453222,0.003091034246608615,0.0030940885189920664,3155,0.0,0.0
2026-08-08 04:00:00+00:00,0.0030940885189920664,0.0030967264901846647,0.0030940885189920664,0.003095306223258376,0,0.0,0.0
2026-08-08 05:00:00+00:00,0.003095306223258376,0.003097743261605501,0.0030933860689401627,0.0030959835276007652,0,0.0,0.0
2026-08-08 06:00:00+00:00,0.003095123451203108,0.0030970040243119,0.003092212835326791,0.003092212835326791,0,0.0,0.0
2026-08-08 07:00:00+00:00,0.0030929038766771555,0.003096232423558831,0.003091848222538829,0.003091848222538829,0,0.0,0.0
2026-08-08 08:00:00+00:00,0.0030918484553694725,0.003096780041232705,0.0030912980437278748,0.003095571883022785,0,0.0,0.0
2026-08-08 09:00:00+00:00,0.0030943690799176693,0.0030966070480644703,0.003092562546953559,0.003092816798016429,968,0.0,0.0
2026-08-08 10:00:00+00:00,0.003092816798016429,0.00309904501773417,0.0030924982856959105,0.0030976792331784964,0,0.0,0.0
2026-08-08 11:00:00+00:00,0.003097648499533534,0.0030999218579381704,0.0030956713017076254,0.0030986396595835686,0,0.0,0.0
2026-08-08 12:00:00+00:00,0.0030986396595835686,0.0031013109255582094,0.0030935206450521946,0.0031013109255582094,0,0.0,0.0
2026-08-08 13:00:00+00:00,0.0031013113912194967,0.0031060567125678062,0.003097702283412218,0.0030988745857030153,0,0.0,0.0
2026-08-08 14:00:00+00:00,0.003098397981375456,0.0031051782425493,0.003098397981375456,0.0031030981335788965,0,0.0,0.0
2026-08-08 15:00:00+00:00,0.0031038993038237095,0.0031096087768673897,0.0031024657655507326,0.003108509350568056,0,0.0,0.0
2026-08-08 16:00:00+00:00,0.003108565928414464,0.0031153340823948383,0.003108565928414464,0.0031119200866669416,0,0.0,0.0
2026-08-08 17:00:00+00:00,0.0031119179911911488,0.0031211194582283497,0.003111058846116066,0.003119346220046282,0,0.0,0.0
2026-08-08 18:00:00+00:00,0.003119346685707569,0.0031234854832291603,0.0031172072049230337,0.0031211075838655233,1303,0.0,0.0
2026-08-08 19:00:00+00:00,0.0031214638147503138,0.0031256629154086113,0.0031191660091280937,0.0031256629154086113,0,0.0,0.0
2026-08-08 20:00:00+00:00,0.0031241222750395536,0.0031249814201146364,0.003117587883025408,0.0031249814201146364,0,0.0,0.0
2026-08-08 21:00:00+00:00,0.0031249814201146364,0.003126629628241062,0.003119779285043478,0.0031214808113873005,0,0.0,0.0
2026-08-08 22:00:00+00:00,0.0031214822083711624,0.0031245292630046606,0.003119277535006404,0.003120624693110585,0,0.0,0.0
2026-08-08 23:00:00+00:00,0.003120624925941229,0.0031233506742864847,0.0031200468074530363,0.003120922250673175,181,0.0,0.0
2026-08-09 00:00:00+00:00,0.0031209238804876804,0.0031224226113408804,0.003118162974715233,0.0031198945362120867,0,0.0,0.0
2026-08-09 01:00:00+00:00,0.0031192577444016933,0.0031198563519865274,0.0031092639546841383,0.003109639510512352,2617,0.0,0.0
2026-08-09 02:00:00+00:00,0.0031101072672754526,0.003112139878794551,0.0031086159870028496,0.0031097412575036287,0,0.0,0.0
2026-08-09 03:00:00+00:00,0.0031097617466002703,0.0031127678230404854,0.0031082385685294867,0.0031097501050680876,0,0.0,0.0
2026-08-09 04:00:00+00:00,0.0031104469671845436,0.003114239079877734,0.003109634155407548,0.0031119943596422672,551,0.0,0.0
2026-08-09 05:00:00+00:00,0.003111753612756729,0.003120021428912878,0.003111469792202115,0.0031182209495455027,3554,0.0,0.0
2026-08-09 06:00:00+00:00,0.0031182197853922844,0.0031199988443404436,0.0031165415421128273,0.0031199988443404436,1147,0.0,0.0
2026-08-09 07:00:00+00:00,0.003116895677521825,0.0031221879180520773,0.00311631103977561,0.0031221879180520773,17,0.0,0.0
2026-08-09 08:00:00+00:00,0.0031221879180520773,0.0031246673315763474,0.0031170642469078302,0.0031180635560303926,0,0.0,0.0
2026-08-09 09:00:00+00:00,0.00312338606454432,0.0031241420656442642,0.0031178041826933622,0.0031212239991873503,0,0.0,0.0
2026-08-09 10:00:00+00:00,0.003120801644399762,0.0031241290271282196,0.003118999768048525,0.003123318310827017,3617,0.0,0.0
2026-08-09 11:00:00+00:00,0.003123318310827017,0.0031278394162654877,0.0031217816285789013,0.003124810988083482,6783,0.0,0.0
2026-08-09 12:00:00+00:00,0.003124810988083482,0.0031336452811956406,0.0031246969010680914,0.003130814991891384,2426,0.0,0.0
2026-08-09 13:00:00+00:00,0.003130975179374218,0.0031517657916992903,0.003130424302071333,0.003150315023958683,9320,0.0,0.0
2026-08-09 14:00:00+00:00,0.003150315722450614,0.0031571947038173676,0.003150269156321883,0.0031564172822982073,0,0.0,0.0
2026-08-09 15:00:00+00:00,0.003156689228489995,0.0031656890641897917,0.003155719954520464,0.003164933994412422,0,0.0,0.0
2026-08-09 16:00:00+00:00,0.0031648632138967514,0.0031890186946839094,0.0031631989404559135,0.0031865909695625305,22756,0.0,0.0
2026-08-09 17:00:00+00:00,0.003188507631421089,0.0032372402492910624,0.003188507631421089,0.0032349976245313883,28231,0.0,0.0
2026-08-09 18:00:00+00:00,0.003234968287870288,0.003234995063394308,0.0031672585755586624,0.0031672585755586624,16038,0.0,0.0
2026-08-09 19:00:00+00:00,0.003167251590639353,0.003167251590639353,0.003074950072914362,0.0030749512370675802,10560,0.0,0.0
2026-08-09 20:00:00+00:00,0.0030743293464183807,0.0030743293464183807,0.003028565552085638,0.003028565552085638,26074,0.0,0.0
2026-08-09 21:00:00+00:00,0.0030290503054857254,0.0030290503054857254,0.002951486734673381,0.002951486734673381,47551,0.0,0.0
2026-08-09 22:00:00+00:00,0.002952788257971406,0.002982073463499546,0.0029484990518540144,0.0029484990518540144,48531,0.0,0.0
2026-08-09 23:00:00+00:00,0.002948319772258401,0.002956610871478915,0.0029433867894113064,0.002952186856418848,16189,0.0,0.0
2026-08-10 00:00:00+00:00,0.002952186856418848,0.002954455092549324,0.00294240890070796,0.0029544357676059008,13055,0.0,0.0
2026-08-10 01:00:00+00:00,0.002953610382974148,0.0029536630026996136,0.0029385199304670095,0.0029409793205559254,7756,0.0,0.0
2026-08-10 02:00:00+00:00,0.00294102868065238,0.0029528806917369366,0.00294102868065238,0.00294215208850801,10804,0.0,0.0
2026-08-10 03:00:00+00:00,0.0029424424283206463,0.002950844122096896,0.002938487334176898,0.002942485734820366,16928,0.0,0.0
2026-08-10 04:00:00+00:00,0.0029437020421028137,0.002947751432657242,0.0029386444948613644,0.0029426354449242353,5049,0.0,0.0
2026-08-10 05:00:00+00:00,0.0029426354449242353,0.0029529777821153402,0.002942511113360524,0.002945837564766407,3437,0.0,0.0
2026-08-10 06:00:00+00:00,0.002945837564766407,0.002949218498542905,0.002939127618446946,0.0029484329279512167,687,0.0,0.0
2026-08-10 07:00:00+00:00,0.0029492212925106287,0.0029492329340428114,0.0029363264329731464,0.0029375473968684673,20233,0.0,0.0
2026-08-10 08:00:00+00:00,0.0029374135192483664,0.002950297435745597,0.002936633536592126,0.002940325066447258,20045,0.0,0.0
2026-08-10 09:00:00+00:00,0.00294101401232183,0.002953805262222886,0.0029313673730939627,0.0029330116230994463,36147,0.0,0.0
2026-08-10 10:00:00+00:00,0.0029332570265978575,0.0029332570265978575,0.002914997050538659,0.0029177407268434763,36453,0.0,0.0
2026-08-10 11:00:00+00:00,0.002915231743827462,0.002916329773142934,0.0028986327815800905,0.0029029848519712687,68655,0.0,0.0
2026-08-10 12:00:00+00:00,0.0028974844608455896,0.002905423054471612,0.0028927938546985388,0.0029029652941972017,10343,0.0,0.0
2026-08-10 13:00:00+00:00,0.002902810461819172,0.002938380930572748,0.002902810461819172,0.002938380930572748,14111,0.0,0.0
2026-08-10 14:00:00+00:00,0.0029385010711848736,0.00295029254630208,0.0029311662074178457,0.0029379373881965876,6878,0.0,0.0
2026-08-10 15:00:00+00:00,0.0029399418272078037,0.002971505746245384,0.002924790373072028,0.002931739669293165,89191,0.0,0.0
2026-08-10 16:00:00+00:00,0.0029317308217287064,0.0029317308217287064,0.0029100014362484217,0.00291088642552495,0,0.0,0.0
2026-08-10 17:00:00+00:00,0.0029102012049406767,0.0029255461413413286,0.0029049741569906473,0.002920938190072775,0,0.0,0.0
2026-08-10 18:00:00+00:00,0.0029209500644356012,0.002921965206041932,0.0029122107662260532,0.00291790091432631,0,0.0,0.0
2026-08-10 19:00:00+00:00,0.00291783781722188,0.0029182995203882456,0.002905674045905471,0.002905674045905471,0,0.0,0.0
2026-08-10 20:00:00+00:00,0.002905669156461954,0.0029065932612866163,0.002897763391956687,0.002897763391956687,0,0.0,0.0
2026-08-10 21:00:00+00:00,0.0028979245107620955,0.0028990753926336765,0.002883520908653736,0.0028914129361510277,0,0.0,0.0
2026-08-10 22:00:00+00:00,0.0028914071153849363,0.002894110046327114,0.0028835339471697807,0.0028878296725451946,0,0.0,0.0
2026-08-10 23:00:00+00:00,0.0028880371246486902,0.002888043876737356,0.0028690530452877283,0.0028690530452877283,0,0.0,0.0
2026-08-11 00:00:00+00:00,0.0028756200335919857,0.0028757655527442694,0.0028560389764606953,0.0028567584231495857,4383,0.0,0.0
2026-08-11 01:00:00+00:00,0.0028568000998347998,0.002864166395738721,0.0028308157343417406,0.002838775282725692,23745,0.0,0.0
2026-08-11 02:00:00+00:00,0.0028386821504682302,0.0028386942576617002,0.002824588678777218,0.0028367098420858383,2116,0.0,0.0
2026-08-11 03:00:00+00:00,0.002835314953699708,0.002843052614480257,0.0028325244784355164,0.0028343424201011658,0,0.0,0.0
2026-08-11 04:00:00+00:00,0.0028354681562632322,0.002838651416823268,0.0028247013688087463,0.002831159858033061,0,0.0,0.0
2026-08-11 05:00:00+00:00,0.0028235779609531164,0.0028407690115273,0.002823066897690296,0.0028397475834935904,5293,0.0,0.0
2026-08-11 06:00:00+00:00,0.00283981766551733,0.0028402265161275864,0.0028143960516899824,0.002821178175508976,4758,0.0,0.0
2026-08-11 07:00:00+00:00,0.0028211530297994614,0.0028538077604025602,0.0028107056859880686,0.0028538077604025602,0,0.0,0.0
2026-08-11 08:00:00+00:00,0.002854759804904461,0.002856455510482192,0.0028297388926148415,0.0028511155396699905,0,0.0,0.0
2026-08-11 09:00:00+00:00,0.0028504065703600645,0.0028513651341199875,0.002831151708960533,0.0028332783840596676,0,0.0,0.0
2026-08-11 10:00:00+00:00,0.0028358949348330498,0.002846211427822709,0.002833004342392087,0.002845102921128273,0,0.0,0.0
2026-08-11 11:00:00+00:00,0.002845102921128273,0.0028491560369729996,0.00284015154466033,0.0028403878677636385,0,0.0,0.0
2026-08-11 12:00:00+00:00,0.0028405040502548218,0.002848341129720211,0.0028342781588435173,0.0028342781588435173,0,0.0,0.0
2026-08-11 13:00:00+00:00,0.0028351556975394487,0.0028543563093990088,0.0028334783855825663,0.0028543563093990088,0,0.0,0.0
2026-08-11 14:00:00+00:00,0.002854146994650364,0.002862385008484125,0.0028442530892789364,0.0028442530892789364,0,0.0,0.0
2026-08-11 15:00:00+00:00,0.0028409932274371386,0.0028413243126124144,0.0028049051761627197,0.0028057098388671875,0,0.0,0.0
2026-08-11 16:00:00+00:00,0.0028057738672941923,0.0028115033637732267,0.002804374322295189,0.0028094309382140636,0,0.0,0.0
2026-08-11 17:00:00+00:00,0.002809358760714531,0.002809777855873108,0.002800955204293132,0.0028013777919113636,0,0.0,0.0
2026-08-11 18:00:00+00:00,0.0028013777919113636,0.0028098407201468945,0.0028005163185298443,0.002808752004057169,0,0.0,0.0
2026-08-11 19:00:00+00:00,0.002808811841532588,0.002808811841532588,0.0027972266543656588,0.0027972266543656588,0,0.0,0.0
2026-08-11 20:00:00+00:00,0.0027972066309303045,0.0028227565344423056,0.0027972066309303045,0.002806384116411209,172,0.0,0.0
2026-08-11 21:00:00+00:00,0.0028058052994310856,0.0028141934890300035,0.0027557031717151403,0.0027557031717151403,27810,0.0,0.0
2026-08-11 22:00:00+00:00,0.0027554973494261503,0.0027649824041873217,0.002745300065726042,0.0027532964013516903,3881,0.0,0.0
2026-08-11 23:00:00+00:00,0.002753295237198472,0.0027536789420992136,0.0027421258855611086,0.002749459585174918,0,0.0,0.0
2026-08-12 00:00:00+00:00,0.0027524707838892937,0.0027605718933045864,0.002744564786553383,0.0027585397474467754,0,0.0,0.0
2026-08-12 01:00:00+00:00,0.0027585397474467754,0.0027653921861201525,0.002750772051513195,0.0027653921861201525,0,0.0,0.0
2026-08-12 02:00:00+00:00,0.002765506971627474,0.002777144545689225,0.002758778166025877,0.002773046726360917,0,0.0,0.0
2026-08-12 03:00:00+00:00,0.0027728460263460875,0.0027753550093621016,0.0027582808397710323,0.0027647537644952536,4955,0.0,0.0
2026-08-12 04:00:00+00:00,0.002763368422165513,0.0027755550108850002,0.0027629900723695755,0.002770081628113985,725,0.0,0.0
2026-08-12 05:00:00+00:00,0.002770073711872101,0.002783499425277114,0.002767109777778387,0.002783499425277114,0,0.0,0.0
2026-08-12 06:00:00+00:00,0.002783399075269699,0.002785536227747798,0.0027721060905605555,0.0027721060905605555,0,0.0,0.0
2026-08-12 07:00:00+00:00,0.0027721060905605555,0.0027798523660749197,0.0027721060905605555,0.002779050264507532,0,0.0,0.0
2026-08-12 08:00:00+00:00,0.0027791927568614483,0.0027855888474732637,0.0027784137055277824,0.0027854000218212605,0,0.0,0.0
2026-08-12 09:00:00+00:00,0.0027854000218212605,0.002796680200845003,0.0027808230370283127,0.0027959200087934732,0,0.0,0.0
2026-08-12 10:00:00+00:00,0.0027998746372759342,0.0027998746372759342,0.0027685919776558876,0.0027685919776558876,4161,0.0,0.0
2026-08-12 11:00:00+00:00,0.002768706064671278,0.002769333543255925,0.002763252006843686,0.0027640622574836016,3272,0.0,0.0
2026-08-12 12:00:00+00:00,0.002764080883935094,0.002771302592009306,0.0027567644137889147,0.002760405885055661,12378,0.0,0.0
2026-08-12 13:00:00+00:00,0.002760285744443536,0.002771308645606041,0.002760285744443536,0.0027660755440592766,0,0.0,0.0
2026-08-12 14:00:00+00:00,0.002766167279332876,0.0027664341032505035,0.002739366376772523,0.002739366376772523,1180,0.0,0.0
2026-08-12 15:00:00+00:00,0.002741470467299223,0.002741470467299223,0.0027248128317296505,0.002725378843024373,0,0.0,0.0
2026-08-12 16:00:00+00:00,0.002730249660089612,0.0027307632844895124,0.0027230270206928253,0.0027230270206928253,0,0.0,0.0
2026-08-12 17:00:00+00:00,0.002723015146329999,0.0027272060979157686,0.002723015146329999,0.0027261865325272083,0,0.0,0.0
2026-08-12 18:00:00+00:00,0.002726201666519046,0.002730089006945491,0.0027028778567910194,0.0027028778567910194,14148,0.0,0.0
2026-08-12 19:00:00+00:00,0.0027028885670006275,0.0027028885670006275,0.0026233617682009935,0.0026243713218718767,15905,0.0,0.0
2026-08-12 20:00:00+00:00,0.0026243056636303663,0.002629227237775922,0.0026204807218164206,0.002624328015372157,5379,0.0,0.0
2026-08-12 21:00:00+00:00,0.0026243154425174,0.0026329723186790943,0.0026203556917607784,0.002628696383908391,0,0.0,0.0
2026-08-12 22:00:00+00:00,0.00262356735765934,0.00262356735765934,0.002610002411529422,0.0026159801054745913,2915,0.0,0.0
2026-08-12 23:00:00+00:00,0.0026159801054745913,0.0026305702049285173,0.0026159638073295355,0.0026228902861475945,0,0.0,0.0
2026-08-13 00:00:00+00:00,0.002623129403218627,0.0026437481865286827,0.002623129403218627,0.0026311674155294895,6115,0.0,0.0
2026-08-13 01:00:00+00:00,0.0026311674155294895,0.0026369872502982616,0.0026255801785737276,0.002631322480738163,2221,0.0,0.0
2026-08-13 02:00:00+00:00,0.002631294308230281,0.002642089733853936,0.0026291022077202797,0.002642089733853936,13380,0.0,0.0
2026-08-13 03:00:00+00:00,0.002641984261572361,0.002641984261572361,0.002628489164635539,0.0026301092002540827,4056,0.0,0.0
2026-08-13 04:00:00+00:00,0.0026300984900444746,0.002633900148794055,0.0026217529084533453,0.0026325704529881477,0,0.0,0.0
2026-08-13 05:00:00+00:00,0.0026326675433665514,0.0026326675433665514,0.00262345839291811,0.00262345839291811,0,0.0,0.0
2026-08-13 06:00:00+00:00,0.0026233948301523924,0.0026250870432704687,0.002618747763335705,0.0026228190399706364,3946,0.0,0.0
2026-08-13 07:00:00+00:00,0.0026228190399706364,0.002627024659886956,0.00262040039524436,0.002621543128043413,587,0.0,0.0
2026-08-13 08:00:00+00:00,0.002621543128043413,0.0026294675190001726,0.0026201626751571894,0.002623655367642641,1818,0.0,0.0
2026-08-13 09:00:00+00:00,0.002620513318106532,0.0026282398030161858,0.0025994121097028255,0.0025994465686380863,22105,0.0,0.0
2026-08-13 10:00:00+00:00,0.0025994540192186832,0.00260588969103992,0.00259400368668139,0.0026005508843809366,7309,0.0,0.0
2026-08-13 11:00:00+00:00,0.0026034775655716658,0.0026079898234456778,0.002599885454401374,0.0026059735100716352,2420,0.0,0.0
2026-08-13 12:00:00+00:00,0.0026047148276120424,0.002613906981423497,0.0026024666149169207,0.0026136753149330616,0,0.0,0.0
2026-08-13 13:00:00+00:00,0.0026141887065023184,0.002632270799949765,0.0026136792730540037,0.002632270799949765,16727,0.0,0.0
2026-08-13 14:00:00+00:00,0.0026326512452214956,0.002648542867973447,0.0026309869717806578,0.002645742380991578,0,0.0,0.0
2026-08-13 15:00:00+00:00,0.002645736327394843,0.002645736327394843,0.002637485507875681,0.002637485507875681,0,0.0,0.0
2026-08-13 16:00:00+00:00,0.0026373278815299273,0.0026373278815299273,0.0026192329823970795,0.0026204322930425406,6286,0.0,0.0
2026-08-13 17:00:00+00:00,0.002618789207190275,0.0026219470892101526,0.0026145048905164003,0.0026202709414064884,0,0.0,0.0
2026-08-13 18:00:00+00:00,0.0026202304288744926,0.002622176194563508,0.0026185796596109867,0.002622176194563508,0,0.0,0.0
2026-08-13 19:00:00+00:00,0.0026220723520964384,0.002623968757688999,0.0026205237954854965,0.0026231862138956785,0,0.0,0.0
2026-08-13 20:00:00+00:00,0.0026234721299260855,0.0026278311852365732,0.002620281418785453,0.0026268649380654097,0,0.0,0.0
2026-08-13 21:00:00+00:00,0.002626873552799225,0.0026306784711778164,0.002624164568260312,0.002630282426252961,0,0.0,0.0
2026-08-13 22:00:00+00:00,0.002629185328260064,0.0026416745968163013,0.0026291487738490105,0.0026400743518024683,0,0.0,0.0
2026-08-13 23:00:00+00:00,0.0026404010131955147,0.002669957000762224,0.002637211699038744,0.002654584590345621,26753,0.0,0.0
2026-08-14 00:00:00+00:00,0.002649309579282999,0.0026517112273722887,0.0026270218659192324,0.0026293403934687376,0,0.0,0.0
2026-08-14 01:00:00+00:00,0.0026301199104636908,0.00263687944971025,0.0026292025577276945,0.0026292025577276945,0,0.0,0.0
2026-08-14 02:00:00+00:00,0.0026292114052921534,0.002632199553772807,0.002617254387587309,0.0026256197597831488,0,0.0,0.0
2026-08-14 03:00:00+00:00,0.002625606954097748,0.002627055160701275,0.0026087076403200626,0.0026139672845602036,0,0.0,0.0
2026-08-14 04:00:00+00:00,0.0026139626279473305,0.002620656741783023,0.002611410804092884,0.002615645295009017,5017,0.0,0.0
2026-08-14 05:00:00+00:00,0.0026153221260756254,0.0026205582544207573,0.0026143179275095463,0.0026165235321968794,0,0.0,0.0
2026-08-14 06:00:00+00:00,0.0026164676528424025,0.0026164676528424025,0.0026013837195932865,0.0026013837195932865,8881,0.0,0.0
2026-08-14 07:00:00+00:00,0.002601656597107649,0.002601656597107649,0.002593693556264043,0.002593693556264043,9135,0.0,0.0
2026-08-14 08:00:00+00:00,0.00259389472194016,0.0025971822906285524,0.002569937612861395,0.0025772983208298683,7820,0.0,0.0
2026-08-14 09:00:00+00:00,0.00257727294228971,0.0025796720292419195,0.0025698242243379354,0.0025703234132379293,0,0.0,0.0
2026-08-14 10:00:00+00:00,0.0025689781177788973,0.002570375567302108,0.002567119197919965,0.002570375567302108,0,0.0,0.0
2026-08-14 11:00:00+00:00,0.002568118507042527,0.0025712123606354,0.002566038630902767,0.002568228170275688,0,0.0,0.0
2026-08-14 12:00:00+00:00,0.0025655829813331366,0.002567181596532464,0.0025624234694987535,0.002562779700383544,1873,0.0,0.0
2026-08-14 13:00:00+00:00,0.002562937093898654,0.0025713560171425343,0.002562937093898654,0.0025713560171425343,0,0.0,0.0
2026-08-14 14:00:00+00:00,0.0025713553186506033,0.0025713553186506033,0.0025634304620325565,0.002568207448348403,0,0.0,0.0
2026-08-14 15:00:00+00:00,0.002563144313171506,0.0025644798297435045,0.002557705156505108,0.002558206208050251,870,0.0,0.0
2026-08-14 16:00:00+00:00,0.0025580849032849073,0.002578409155830741,0.0025580849032849073,0.002578409155830741,0,0.0,0.0
2026-08-14 17:00:00+00:00,0.002578416373580694,0.0025836648419499397,0.002576332539319992,0.0025768138002604246,3551,0.0,0.0
2026-08-14 18:00:00+00:00,0.0025766987819224596,0.002582686021924019,0.0025562047958374023,0.0025568108540028334,0,0.0,0.0
2026-08-14 19:00:00+00:00,0.002556844847276807,0.002556844847276807,0.0024889009073376656,0.0024889009073376656,18276,0.0,0.0
2026-08-14 20:00:00+00:00,0.0024835793301463127,0.0024949293583631516,0.002482391893863678,0.002493864856660366,22213,0.0,0.0
2026-08-14 21:00:00+00:00,0.0024940306320786476,0.002505617681890726,0.0024846247397363186,0.002489163540303707,3335,0.0,0.0
2026-08-14 22:00:00+00:00,0.002488985424861312,0.0024958637077361345,0.002484087599441409,0.002488885074853897,0,0.0,0.0
2026-08-14 23:00:00+00:00,0.0024836217053234577,0.002496817847713828,0.0024836151860654354,0.002485426841303706,108,0.0,0.0
2026-08-15 00:00:00+00:00,0.0024852859787642956,0.0024866722524166107,0.0024491476360708475,0.0024629507679492235,21465,0.0,0.0
2026-08-15 01:00:00+00:00,0.002463066251948476,0.0024724409449845552,0.002456915332004428,0.0024724409449845552,1243,0.0,0.0
2026-08-15 02:00:00+00:00,0.002472441177815199,0.002479983028024435,0.0024695824831724167,0.002479983028024435,3646,0.0,0.0
2026-08-15 03:00:00+00:00,0.0024782882537692785,0.002482278738170862,0.002475396730005741,0.002482278738170862,0,0.0,0.0
2026-08-15 04:00:00+00:00,0.0024792696349322796,0.002486657816916704,0.002478394890204072,0.0024783951230347157,0,0.0,0.0
2026-08-15 05:00:00+00:00,0.0024783958215266466,0.002485328819602728,0.002478046575561166,0.002479629823938012,3360,0.0,0.0
2026-08-15 06:00:00+00:00,0.002479629823938012,0.0024872208014130592,0.002479629823938012,0.0024811902549117804,0,0.0,0.0
2026-08-15 07:00:00+00:00,0.0024811921175569296,0.0024828065652400255,0.002477227943018079,0.0024824487045407295,0,0.0,0.0
2026-08-15 08:00:00+00:00,0.002479728078469634,0.002479728078469634,0.0024742751847952604,0.0024762132670730352,0,0.0,0.0
2026-08-15 09:00:00+00:00,0.002476011635735631,0.002492642728611827,0.002476011635735631,0.0024897961411625147,14137,0.0,0.0
2026-08-15 10:00:00+00:00,0.002489799866452813,0.002490968443453312,0.0024841036647558212,0.002484111115336418,0,0.0,0.0
2026-08-15 11:00:00+00:00,0.002487853169441223,0.0024923712480813265,0.002487852703779936,0.0024912944063544273,0,0.0,0.0
2026-08-15 12:00:00+00:00,0.0024913204833865166,0.002500278176739812,0.0024886627215892076,0.0024897053372114897,8838,0.0,0.0
2026-08-15 13:00:00+00:00,0.0024897640105336905,0.002494352636858821,0.002485143020749092,0.002487953519448638,5304,0.0,0.0
2026-08-15 14:00:00+00:00,0.0024879525881260633,0.0024910378269851208,0.002476122695952654,0.002476122695952654,1961,0.0,0.0
2026-08-15 15:00:00+00:00,0.002476290799677372,0.00252155470661819,0.002476290799677372,0.0024873025249689817,72098,0.0,0.0
2026-08-15 16:00:00+00:00,0.0024873025249689817,0.0025051988195627928,0.002485438250005245,0.0024855437222868204,21205,0.0,0.0
2026-08-15 17:00:00+00:00,0.002485488308593631,0.002494924468919635,0.002481113187968731,0.002481336472555995,0,0.0,0.0
2026-08-15 18:00:00+00:00,0.002481302013620734,0.0024856654927134514,0.0024735538754612207,0.0024735538754612207,0,0.0,0.0
2026-08-15 19:00:00+00:00,0.0024735559709370136,0.0024752989411354065,0.002471633953973651,0.002472551306709647,0,0.0,0.0
2026-08-15 20:00:00+00:00,0.0024725773837417364,0.0024782803375273943,0.0024717452470213175,0.002472239313647151,0,0.0,0.0
2026-08-15 21:00:00+00:00,0.002472239313647151,0.00247787544503808,0.002471641870215535,0.002477264264598489,0,0.0,0.0
2026-08-15 22:00:00+00:00,0.002477265428751707,0.0024864759761840105,0.002473454922437668,0.002484338590875268,0,0.0,0.0
2026-08-15 23:00:00+00:00,0.0024843388237059116,0.0024843388237059116,0.0024748060386627913,0.0024813285563141108,0,0.0,0.0
2026-08-16 00:00:00+00:00,0.0024820961989462376,0.0024827662855386734,0.0024708323180675507,0.0024712588638067245,0,0.0,0.0
2026-08-16 01:00:00+00:00,0.0024712563026696444,0.002471914514899254,0.0024605535436421633,0.0024605535436421633,368,0.0,0.0
2026-08-16 02:00:00+00:00,0.002457698341459036,0.002459409646689892,0.0024483411107212305,0.002458331873640418,0,0.0,0.0
2026-08-16 03:00:00+00:00,0.002454422414302826,0.0024596783332526684,0.00243938947096467,0.002442898927256465,10502,0.0,0.0
2026-08-16 04:00:00+00:00,0.002443628152832389,0.0024502291344106197,0.002443393226712942,0.0024474994279444218,0,0.0,0.0
2026-08-16 05:00:00+00:00,0.002447501290589571,0.002458821749314666,0.0024474782403558493,0.002449891297146678,5133,0.0,0.0
2026-08-16 06:00:00+00:00,0.002449888037517667,0.0024533187970519066,0.0024486964102834463,0.0024533187970519066,8318,0.0,0.0
2026-08-16 07:00:00+00:00,0.0024533187970519066,0.00245994352735579,0.002449210500344634,0.002456499030813575,0,0.0,0.0
2026-08-16 08:00:00+00:00,0.0024576543364673853,0.002463090233504772,0.002454785630106926,0.0024622175842523575,0,0.0,0.0
2026-08-16 09:00:00+00:00,0.002462215954437852,0.002464404795318842,0.0024575835559517145,0.002460101153701544,0,0.0,0.0
2026-08-16 10:00:00+00:00,0.0024600967299193144,0.0024612287525087595,0.0024566983338445425,0.0024594892747700214,174,0.0,0.0
2026-08-16 11:00:00+00:00,0.0024593411944806576,0.002462210599333048,0.0024568592198193073,0.0024568592198193073,0,0.0,0.0
2026-08-16 12:00:00+00:00,0.0024568596854805946,0.002457275288179517,0.0024541006423532963,0.0024542859755456448,0,0.0,0.0
2026-08-16 13:00:00+00:00,0.002454801695421338,0.002456090645864606,0.002451695268973708,0.002451908541843295,0,0.0,0.0
2026-08-16 14:00:00+00:00,0.0024517234414815903,0.002456876914948225,0.0024501571897417307,0.002456876914948225,0,0.0,0.0
2026-08-16 15:00:00+00:00,0.0024560138117522,0.002456301124766469,0.002451349515467882,0.0024554412811994553,0,0.0,0.0
2026-08-16 16:00:00+00:00,0.0024554284755140543,0.002478969981893897,0.0024554284755140543,0.00247355829924345,0,0.0,0.0
2026-08-16 17:00:00+00:00,0.0024763469118624926,0.002477052388712764,0.0024712462909519672,0.0024721650406718254,3603,0.0,0.0
2026-08-16 18:00:00+00:00,0.0024714358150959015,0.0024750703014433384,0.002471254440024495,0.002471254440024495,918,0.0,0.0
2026-08-16 19:00:00+00:00,0.0024712663143873215,0.0024721913505345583,0.0024681247305125,0.0024695792235434055,0,0.0,0.0
2026-08-16 20:00:00+00:00,0.0024695745669305325,0.0024725596886128187,0.0024690977297723293,0.0024722900707274675,0,0.0,0.0
2026-08-16 21:00:00+00:00,0.0024722886737436056,0.0024722886737436056,0.0024418847169727087,0.0024418854154646397,2891,0.0,0.0
2026-08-16 22:00:00+00:00,0.0024418856482952833,0.0024472062941640615,0.002441044431179762,0.0024414798244833946,0,0.0,0.0
2026-08-16 23:00:00+00:00,0.0024414786603301764,0.0024527269415557384,0.0024407613091170788,0.0024448903277516365,367,0.0,0.0
2026-08-17 00:00:00+00:00,0.0024448097683489323,0.0024541893508285284,0.0024448097683489323,0.002450442174449563,0,0.0,0.0
2026-08-17 01:00:00+00:00,0.002450440311804414,0.0024628618266433477,0.0024500496219843626,0.002457144670188427,0,0.0,0.0
2026-08-17 02:00:00+00:00,0.002457137918099761,0.0024664876982569695,0.002456712769344449,0.0024664876982569695,0,0.0,0.0
2026-08-17 03:00:00+00:00,0.0024665375240147114,0.002468234160915017,0.0024599337484687567,0.0024599337484687567,0,0.0,0.0
2026-08-17 04:00:00+00:00,0.0024599244352430105,0.0024621968623250723,0.0024587055668234825,0.0024621968623250723,232,0.0,0.0
2026-08-17 05:00:00+00:00,0.002462187083438039,0.0024625416845083237,0.002458198694512248,0.002458242466673255,0,0.0,0.0
2026-08-17 06:00:00+00:00,0.002458951435983181,0.002461138414219022,0.002457967260852456,0.002458830364048481,0,0.0,0.0
2026-08-17 07:00:00+00:00,0.002458833856508136,0.002463969402015209,0.002458833856508136,0.0024638017639517784,0,0.0,0.0
2026-08-17 08:00:00+00:00,0.0024637964088469744,0.002465372672304511,0.0024577686563134193,0.002461600350216031,0,0.0,0.0
2026-08-17 09:00:00+00:00,0.002461380558088422,0.0024661095812916756,0.002457392169162631,0.0024597239680588245,695,0.0,0.0
2026-08-17 10:00:00+00:00,0.002459735842421651,0.0024639717303216457,0.0024568806402385235,0.0024579521268606186,5284,0.0,0.0
2026-08-17 11:00:00+00:00,0.002457153284922242,0.0024662937503308058,0.002457153284922242,0.0024662937503308058,137,0.0,0.0
2026-08-17 12:00:00+00:00,0.0024662332143634558,0.0024690446443855762,0.002464119577780366,0.002466089790686965,0,0.0,0.0
2026-08-17 13:00:00+00:00,0.0024657496251165867,0.002477882197126746,0.002465570578351617,0.002477779518812895,1562,0.0,0.0
2026-08-17 14:00:00+00:00,0.002477946924045682,0.002487094374373555,0.002475963905453682,0.0024868075270205736,727,0.0,0.0
2026-08-17 15:00:00+00:00,0.0024850121699273586,0.0024892869405448437,0.002479338087141514,0.0024797609075903893,2738,0.0,0.0
2026-08-17 16:00:00+00:00,0.0024798738304525614,0.0024798738304525614,0.0024746679700911045,0.0024746679700911045,0,0.0,0.0
2026-08-17 17:00:00+00:00,0.0024746842682361603,0.002477050758898258,0.0024715315084904432,0.0024738784413784742,0,0.0,0.0
2026-08-17 18:00:00+00:00,0.002473869128152728,0.002474586945027113,0.0024711338337510824,0.002471980405971408,1306,0.0,0.0
2026-08-17 19:00:00+00:00,0.0024719948414713144,0.0024729978758841753,0.0024641177151352167,0.0024641177151352167,0,0.0,0.0
2026-08-17 20:00:00+00:00,0.0024641414638608694,0.0024692146107554436,0.0024636522866785526,0.0024641682393848896,0,0.0,0.0
2026-08-17 21:00:00+00:00,0.0024640830233693123,0.002465056022629142,0.0024633065331727266,0.00246462132781744,0,0.0,0.0
2026-08-17 22:00:00+00:00,0.0024646157398819923,0.002465795259922743,0.002461903728544712,0.002461903728544712,0,0.0,0.0
2026-08-17 23:00:00+00:00,0.00246191187761724,0.0024644043296575546,0.00246191187761724,0.0024642362259328365,0,0.0,0.0
2026-08-18 00:00:00+00:00,0.002463462296873331,0.0024740530643612146,0.002460402436554432,0.0024610543623566628,21861,0.0,0.0
2026-08-18 01:00:00+00:00,0.0024608680978417397,0.002464239951223135,0.0024524847976863384,0.0024524847976863384,0,0.0,0.0
2026-08-18 02:00:00+00:00,0.0024524847976863384,0.0024524847976863384,0.002442700555548072,0.002442700555548072,15928,0.0,0.0
2026-08-18 03:00:00+00:00,0.002407701686024666,0.002410563640296459,0.0023936377838253975,0.002401952166110277,30999,0.0,0.0
2026-08-18 04:00:00+00:00,0.0024060052819550037,0.0024101051967591047,0.0024024280719459057,0.0024040332064032555,0,0.0,0.0
2026-08-18 05:00:00+00:00,0.0024061750154942274,0.0024061750154942274,0.0023921416141092777,0.0023930147290229797,10105,0.0,0.0
2026-08-18 06:00:00+00:00,0.0023870784789323807,0.002395777963101864,0.0023866165429353714,0.002395777963101864,3018,0.0,0.0
2026-08-18 07:00:00+00:00,0.002395777963101864,0.002395777963101864,0.0023861138615757227,0.002388382563367486,0,0.0,0.0
2026-08-18 08:00:00+00:00,0.002388911321759224,0.002388911321759224,0.0023752395063638687,0.0023787429090589285,7802,0.0,0.0
2026-08-18 09:00:00+00:00,0.002378687495365739,0.0023821135982871056,0.002376517280936241,0.002379498677328229,0,0.0,0.0
2026-08-18 10:00:00+00:00,0.002379539655521512,0.002379539655521512,0.0023646841291338205,0.0023681377060711384,9812,0.0,0.0
2026-08-18 11:00:00+00:00,0.00236829393543303,0.0023727864027023315,0.0023671668022871017,0.0023727864027023315,0,0.0,0.0
2026-08-18 12:00:00+00:00,0.0023727950174361467,0.002379033248871565,0.0023707179352641106,0.002379033248871565,1363,0.0,0.0
2026-08-18 13:00:00+00:00,0.002379015786573291,0.0023813240695744753,0.002377438358962536,0.002380324061959982,0,0.0,0.0
2026-08-18 14:00:00+00:00,0.0023801366332918406,0.0023905886337161064,0.002376076765358448,0.002389769069850445,9806,0.0,0.0
2026-08-18 15:00:00+00:00,0.002389725763350725,0.0023980706464499235,0.002389725763350725,0.0023980706464499235,0,0.0,0.0
2026-08-18 16:00:00+00:00,0.0023980706464499235,0.0023982408456504345,0.0023899581283330917,0.0023899581283330917,0,0.0,0.0
2026-08-18 17:00:00+00:00,0.00238926918245852,0.002397598698735237,0.00238906336016953,0.0023932598996907473,0,0.0,0.0
2026-08-18 18:00:00+00:00,0.0023932699114084244,0.0023932699114084244,0.0023810432758182287,0.0023819436319172382,1530,0.0,0.0
2026-08-18 19:00:00+00:00,0.0023819529451429844,0.0026355665177106857,0.0023484514094889164,0.0023484514094889164,1149968,0.0,0.0
2026-08-18 20:00:00+00:00,0.002354962285608053,0.002386352512985468,0.002339858328923583,0.002371946582570672,97486,0.0,0.0
2026-08-18 21:00:00+00:00,0.002373893279582262,0.002415422350168228,0.002366433385759592,0.002415422350168228,25847,0.0,0.0
2026-08-18 22:00:00+00:00,0.002415422350168228,0.002483093412593007,0.0024152540136128664,0.0024777965154498816,72585,0.0,0.0
2026-08-18 23:00:00+00:00,0.0024794703349471092,0.002488244092091918,0.002478392096236348,0.0024850766640156507,15988,0.0,0.0
2026-08-19 00:00:00+00:00,0.002485056174919009,0.002485056174919009,0.0024345056153833866,0.0024396653752774,0,0.0,0.0
2026-08-19 01:00:00+00:00,0.002439515432342887,0.002449834020808339,0.0024226615205407143,0.002449834020808339,32834,0.0,0.0
2026-08-19 02:00:00+00:00,0.0024506577756255865,0.0025015687569975853,0.0024506577756255865,0.002490284852683544,23644,0.0,0.0
2026-08-19 03:00:00+00:00,0.002490284852683544,0.0024906557518988848,0.002474728738889098,0.002486018929630518,0,0.0,0.0
2026-08-19 04:00:00+00:00,0.002485876437276602,0.002498217858374119,0.0024786966387182474,0.0024893670342862606,0,0.0,0.0
2026-08-19 05:00:00+00:00,0.0024892608635127544,0.0024892608635127544,0.002481267787516117,0.0024825171567499638,0,0.0,0.0
2026-08-19 06:00:00+00:00,0.0024827730376273394,0.0024911758955568075,0.002475437242537737,0.002488282974809408,41165,0.0,0.0
2026-08-19 07:00:00+00:00,0.0024883837904781103,0.0024883837904781103,0.0024781953543424606,0.002483425894752145,11020,0.0,0.0
2026-08-19 08:00:00+00:00,0.0024838820099830627,0.0024993098340928555,0.0024776896461844444,0.0024866985622793436,0,0.0,0.0
2026-08-19 09:00:00+00:00,0.0024868748150765896,0.0024911395739763975,0.0024791911710053682,0.002484735334292054,0,0.0,0.0
2026-08-19 10:00:00+00:00,0.0024838238023221493,0.002485846169292927,0.0024796840734779835,0.002485846169292927,0,0.0,0.0
2026-08-19 11:00:00+00:00,0.002485862700268626,0.002490921411663294,0.0024793792981654406,0.002489016856998205,11440,0.0,0.0
2026-08-19 12:00:00+00:00,0.0024888156913220882,0.0024890031199902296,0.0024567032232880592,0.0024581647012382746,24711,0.0,0.0
2026-08-19 13:00:00+00:00,0.002458160277456045,0.0024949591606855392,0.002458160277456045,0.0024816899094730616,47334,0.0,0.0
2026-08-19 14:00:00+00:00,0.002481654053553939,0.0024826026055961847,0.002476900350302458,0.0024826026055961847,1234,0.0,0.0
2026-08-19 15:00:00+00:00,0.002482411451637745,0.002559143118560314,0.0024775138590484858,0.002531771082431078,100992,0.0,0.0
2026-08-19 16:00:00+00:00,0.002528977580368519,0.002536230953410268,0.0024814873468130827,0.0024874084629118443,1534,0.0,0.0
2026-08-19 17:00:00+00:00,0.0024874473456293344,0.0024891900829970837,0.0024824044667184353,0.002488157944753766,0,0.0,0.0
2026-08-19 18:00:00+00:00,0.0024847628083080053,0.0024908448103815317,0.0024830573238432407,0.0024865258019417524,35613,0.0,0.0
2026-08-19 19:00:00+00:00,0.002486244309693575,0.0025030907709151506,0.0024823585990816355,0.002494855783879757,0,0.0,0.0
2026-08-19 20:00:00+00:00,0.00249461829662323,0.0025121928192675114,0.0024832498747855425,0.0025121928192675114,0,0.0,0.0
2026-08-19 21:00:00+00:00,0.0025033887941390276,0.0026412014849483967,0.0025033887941390276,0.0026332219131290913,32584,0.0,0.0
2026-08-19 22:00:00+00:00,0.0026332775596529245,0.002651993650943041,0.002633232157677412,0.002638611476868391,0,0.0,0.0
2026-08-19 23:00:00+00:00,0.00263314601033926,0.0026390794664621353,0.002615572651848197,0.002615572651848197,0,0.0,0.0
2026-08-20 00:00:00+00:00,0.002615612931549549,0.002643431769683957,0.0026076596695929766,0.0026230765506625175,0,0.0,0.0
2026-08-20 01:00:00+00:00,0.002623282838612795,0.002632689895108342,0.0026071241591125727,0.0026125984732061625,0,0.0,0.0
2026-08-20 02:00:00+00:00,0.002611821284517646,0.0026188117917627096,0.002597048645839095,0.0026044691912829876,0,0.0,0.0
2026-08-20 03:00:00+00:00,0.0026044691912829876,0.0026170273777097464,0.002599682193249464,0.002605688525363803,0,0.0,0.0
2026-08-20 04:00:00+00:00,0.002605688525363803,0.002659270539879799,0.002605427522212267,0.002659270539879799,0,0.0,0.0
2026-08-20 05:00:00+00:00,0.0026593105867505074,0.002684389241039753,0.0026593105867505074,0.002675814786925912,5769,0.0,0.0
2026-08-20 06:00:00+00:00,0.0026761898770928383,0.002687062369659543,0.0026761898770928383,0.0026857343036681414,0,0.0,0.0
2026-08-20 07:00:00+00:00,0.0026857343036681414,0.002688294043764472,0.0026310544926673174,0.002643558429554105,15130,0.0,0.0
2026-08-20 08:00:00+00:00,0.0026430494617670774,0.0026742846239358187,0.0026403237134218216,0.0026742846239358187,0,0.0,0.0
2026-08-20 09:00:00+00:00,0.002674253424629569,0.0026839575730264187,0.002648700028657913,0.002681972924619913,3079,0.0,0.0
2026-08-20 10:00:00+00:00,0.002670220797881484,0.0027237641625106335,0.002670220797881484,0.002720664953812957,19814,0.0,0.0
2026-08-20 11:00:00+00:00,0.0027205587830394506,0.0027205587830394506,0.0026971257757395506,0.0027168288361281157,3664,0.0,0.0
2026-08-20 12:00:00+00:00,0.0027160109020769596,0.0027160109020769596,0.002673134207725525,0.0026783361099660397,0,0.0,0.0
2026-08-20 13:00:00+00:00,0.0026728291995823383,0.0026888265274465084,0.0026017616037279367,0.0026888265274465084,47956,0.0,0.0
2026-08-20 14:00:00+00:00,0.002693786984309554,0.0026942244730889797,0.002504761330783367,0.0025228899903595448,943762,0.0,0.0
2026-08-20 15:00:00+00:00,0.0025211360771209,0.0025211360771209,0.00244291708804667,0.0024435161612927914,51321,0.0,0.0
2026-08-20 16:00:00+00:00,0.002443529199808836,0.0024499171413481236,0.0024295859038829803,0.00243323459289968,56995,0.0,0.0
2026-08-20 17:00:00+00:00,0.0024332182947546244,0.002485095988959074,0.0024331347085535526,0.002485095988959074,41230,0.0,0.0
2026-08-20 18:00:00+00:00,0.002488313242793083,0.002489742124453187,0.002451409585773945,0.002451409585773945,0,0.0,0.0
2026-08-20 19:00:00+00:00,0.002451428212225437,0.002463283482939005,0.0023954734206199646,0.0023954734206199646,0,0.0,0.0
2026-08-20 20:00:00+00:00,0.0023942093830555677,0.0024062858428806067,0.0022589867003262043,0.002266853116452694,19763,0.0,0.0
2026-08-20 21:00:00+00:00,0.002264065435156226,0.002264065435156226,0.0021828673779964447,0.0021888441406190395,84212,0.0,0.0
2026-08-20 22:00:00+00:00,0.0021806301083415747,0.002272383775562048,0.0021766407880932093,0.0022267212625592947,211383,0.0,0.0
2026-08-20 23:00:00+00:00,0.002228721510618925,0.002242517191916704,0.0022039657924324274,0.002220136346295476,152224,0.0,0.0
2026-08-21 00:00:00+00:00,0.002220225753262639,0.002285016467794776,0.002220225753262639,0.0022683024872094393,91182,0.0,0.0
2026-08-21 01:00:00+00:00,0.00226834905333817,0.002326477784663439,0.0022674123756587505,0.00232641096226871,56671,0.0,0.0
2026-08-21 02:00:00+00:00,0.0023280689492821693,0.0023715896531939507,0.002327938796952367,0.0023659139405936003,33956,0.0,0.0
2026-08-21 03:00:00+00:00,0.002366397762671113,0.0024088528007268906,0.0023656655102968216,0.0024068797938525677,33906,0.0,0.0
2026-08-21 04:00:00+00:00,0.002406677696853876,0.0024189690593630075,0.002397113246843219,0.002397113246843219,26788,0.0,0.0
2026-08-21 05:00:00+00:00,0.002405803184956312,0.0024362618569284678,0.002405803184956312,0.0024209904950112104,13879,0.0,0.0
2026-08-21 06:00:00+00:00,0.0024154551792889833,0.0024246142711490393,0.002406690502539277,0.002416724804788828,21101,0.0,0.0
2026-08-21 07:00:00+00:00,0.002416851231828332,0.0025075352750718594,0.002409977139905095,0.002504071220755577,49571,0.0,0.0
2026-08-21 08:00:00+00:00,0.002504833275452256,0.0026642237789928913,0.0025035759899765253,0.0026642237789928913,109151,0.0,0.0
2026-08-21 09:00:00+00:00,0.0026723078917711973,0.0026813659351319075,0.002557619707658887,0.0026233091484755278,82322,0.0,0.0
2026-08-21 10:00:00+00:00,0.0026224313769489527,0.0026272316463291645,0.0025930453557521105,0.0026233112439513206,0,0.0,0.0
2026-08-21 11:00:00+00:00,0.00262368842959404,0.0027117272838950157,0.00262368842959404,0.002690408146008849,48565,0.0,0.0
2026-08-21 12:00:00+00:00,0.002690408146008849,0.0027077640406787395,0.0026728648226708174,0.0027061838191002607,16130,0.0,0.0
2026-08-21 13:00:00+00:00,0.0027061987202614546,0.0027068867348134518,0.0026732368860393763,0.002675299532711506,0,0.0,0.0
2026-08-21 14:00:00+00:00,0.002682644175365567,0.0026919865049421787,0.0026641967706382275,0.0026821859646588564,0,0.0,0.0
2026-08-21 15:00:00+00:00,0.0026821282226592302,0.0035847362596541643,0.0026815091259777546,0.0030136273708194494,2258006,0.0,0.0
2026-08-21 16:00:00+00:00,0.0030717249028384686,0.003193941665813327,0.0030227394308894873,0.003027689643204212,456539,0.0,0.0
2026-08-21 17:00:00+00:00,0.003027689643204212,0.003267007414251566,0.0030154003761708736,0.003181745996698737,220872,0.0,0.0
2026-08-21 18:00:00+00:00,0.003180733183398843,0.0032175551168620586,0.0030234346631914377,0.0030234346631914377,127720,0.0,0.0
2026-08-21 19:00:00+00:00,0.0030221235938370228,0.00309310806915164,0.003016372909769416,0.00309310806915164,57971,0.0,0.0
2026-08-21 20:00:00+00:00,0.003108981065452099,0.0036642025224864483,0.003069770522415638,0.0036642025224864483,581609,0.0,0.0
2026-08-21 21:00:00+00:00,0.0036642025224864483,0.003939453978091478,0.0036339808721095324,0.0036895840894430876,1629800,0.0,0.0
