Datetime,Open,High,Low,Close,Volume,Dividends,Stock Splits
2026-06-26 00:00:00+00:00,59709.78125,59813.80859375,59542.01171875,59572.1015625,0,0.0,0.0
2026-06-26 01:00:00+00:00,59565.9609375,59688.3515625,59133.91015625,59340.98828125,334405632,0.0,0.0
2026-06-26 02:00:00+00:00,59360.0,59363.25,58271.25,58461.8203125,1555865600,0.0,0.0
2026-06-26 03:00:00+00:00,58475.9609375,60022.01171875,58251.0,59945.390625,1210122240,0.0,0.0
2026-06-26 04:00:00+00:00,59930.51953125,60123.37890625,59747.171875,59830.921875,1309093888,0.0,0.0
2026-06-26 05:00:00+00:00,59835.53125,59948.30859375,59645.98828125,59860.01953125,0,0.0,0.0
2026-06-26 06:00:00+00:00,59841.359375,60353.828125,59617.96875,60233.0390625,1359286272,0.0,0.0
2026-06-26 07:00:00+00:00,60238.46875,60641.96875,60190.359375,60432.1015625,510152704,0.0,0.0
2026-06-26 08:00:00+00:00,60431.94140625,60461.98046875,60050.80078125,60147.3515625,1147498496,0.0,0.0
2026-06-26 09:00:00+00:00,60162.109375,60162.109375,59479.73046875,59644.0,351313920,0.0,0.0
2026-06-26 10:00:00+00:00,59638.9296875,59761.7890625,59149.48046875,59226.2890625,336900096,0.0,0.0
2026-06-26 11:00:00+00:00,59230.0,59483.96875,59180.390625,59321.6796875,75190272,0.0,0.0
2026-06-26 12:00:00+00:00,59328.01953125,59886.0,58885.01171875,59087.03125,781398016,0.0,0.0
2026-06-26 13:00:00+00:00,59104.80078125,60093.01171875,58550.0,60058.609375,0,0.0,0.0
2026-06-26 14:00:00+00:00,60014.171875,60165.75,59307.21875,59499.96875,0,0.0,0.0
2026-06-26 15:00:00+00:00,59510.828125,60408.03125,59493.8515625,60234.01171875,0,0.0,0.0
2026-06-26 16:00:00+00:00,60226.921875,60463.98828125,59871.359375,59950.078125,0,0.0,0.0
2026-06-26 17:00:00+00:00,59937.1484375,60186.01171875,59858.8984375,59929.0,34332672,0.0,0.0
2026-06-26 18:00:00+00:00,59930.69921875,60064.73046875,59473.390625,59563.23046875,282058752,0.0,0.0
2026-06-26 19:00:00+00:00,59574.51171875,59990.0,59513.7890625,59716.0,226521088,0.0,0.0
2026-06-26 20:00:00+00:00,59700.30078125,59890.69140625,59491.48046875,59620.51171875,676999168,0.0,0.0
2026-06-26 21:00:00+00:00,59605.75,59962.76953125,59578.21875,59826.01171875,0,0.0,0.0
2026-06-26 22:00:00+00:00,59812.26171875,59991.2890625,59665.140625,59957.98828125,0,0.0,0.0
2026-06-26 23:00:00+00:00,59951.51953125,60025.73046875,59842.80078125,59999.28125,1499136,0.0,0.0
2026-06-27 00:00:00+00:00,60011.08984375,60107.5703125,59790.01171875,59974.7109375,0,0.0,0.0
2026-06-27 01:00:00+00:00,59974.69921875,59985.30078125,59837.7109375,59854.171875,0,0.0,0.0
2026-06-27 02:00:00+00:00,59847.91015625,60279.41015625,59826.5390625,60190.19921875,0,0.0,0.0
2026-06-27 03:00:00+00:00,60173.37890625,60309.58984375,60063.87109375,60205.5,0,0.0,0.0
2026-06-27 04:00:00+00:00,60209.76953125,60386.1015625,60120.390625,60149.98046875,0,0.0,0.0
2026-06-27 05:00:00+00:00,60145.8515625,60217.890625,60039.96875,60143.98828125,0,0.0,0.0
2026-06-27 06:00:00+00:00,60143.98828125,60409.8984375,60021.8984375,60274.12890625,0,0.0,0.0
2026-06-27 07:00:00+00:00,60285.05078125,60477.5390625,60201.01171875,60451.640625,0,0.0,0.0
2026-06-27 08:00:00+00:00,60451.6484375,60451.6484375,60272.71875,60353.69140625,0,0.0,0.0
2026-06-27 09:00:00+00:00,60353.69140625,60395.98046875,60195.7890625,60312.76171875,0,0.0,0.0
2026-06-27 10:00:00+00:00,60314.0,60395.08984375,60279.390625,60317.98828125,0,0.0,0.0
2026-06-27 11:00:00+00:00,60317.98828125,60349.7109375,60103.98828125,60264.73046875,0,0.0,0.0
2026-06-27 12:00:00+00:00,60258.890625,60329.98828125,60153.98046875,60324.4296875,0,0.0,0.0
2026-06-27 13:00:00+00:00,60328.46875,60547.12890625,60287.26171875,60485.03125,0,0.0,0.0
2026-06-27 14:00:00+00:00,60487.01171875,60614.62890625,60407.05859375,60510.21875,0,0.0,0.0
2026-06-27 15:00:00+00:00,60516.80859375,60837.8203125,60464.609375,60740.03125,0,0.0,0.0
2026-06-27 16:00:00+00:00,60741.0,60741.05078125,60569.640625,60710.390625,0,0.0,0.0
2026-06-27 17:00:00+00:00,60708.0,60716.55078125,60336.0390625,60424.0703125,0,0.0,0.0
2026-06-27 18:00:00+00:00,60424.0703125,60475.421875,60346.26171875,60475.421875,0,0.0,0.0
2026-06-27 19:00:00+00:00,60457.51171875,60508.5,59982.44921875,60077.6484375,0,0.0,0.0
2026-06-27 20:00:00+00:00,60084.8984375,60203.91015625,60084.8984375,60193.25,0,0.0,0.0
2026-06-27 21:00:00+00:00,60199.37890625,60378.4609375,60044.26171875,60102.51171875,0,0.0,0.0
2026-06-27 22:00:00+00:00,60073.9296875,60158.55859375,59785.48828125,60135.01171875,444544000,0.0,0.0
2026-06-27 23:00:00+00:00,60132.109375,60224.94140625,59856.66015625,59934.83984375,0,0.0,0.0
2026-06-28 00:00:00+00:00,59934.83984375,60102.359375,59916.01171875,60044.01953125,664351744,0.0,0.0
2026-06-28 01:00:00+00:00,60056.1796875,60179.98828125,59905.69921875,60130.640625,96689152,0.0,0.0
2026-06-28 02:00:00+00:00,60131.140625,60248.328125,59972.94921875,60051.23828125,0,0.0,0.0
2026-06-28 03:00:00+00:00,60074.0,60193.25,60072.80078125,60105.91015625,0,0.0,0.0
2026-06-28 04:00:00+00:00,60107.96875,60147.37109375,60010.0,60046.140625,385690624,0.0,0.0
2026-06-28 05:00:00+00:00,60049.91015625,60049.91015625,59688.359375,59892.01171875,63910912,0.0,0.0
2026-06-28 06:00:00+00:00,59892.03125,59941.0,59716.01171875,59908.69140625,0,0.0,0.0
2026-06-28 07:00:00+00:00,59906.75,60173.78125,59906.75,60132.0,462761984,0.0,0.0
2026-06-28 08:00:00+00:00,60127.83984375,60428.87890625,60049.05078125,60278.94921875,0,0.0,0.0
2026-06-28 09:00:00+00:00,60292.30859375,60366.2109375,60159.55078125,60169.78125,578987008,0.0,0.0
2026-06-28 10:00:00+00:00,60169.78125,60196.30859375,59982.12109375,60076.80859375,159224832,0.0,0.0
2026-06-28 11:00:00+00:00,60075.94140625,60281.98828125,60034.140625,60251.96875,0,0.0,0.0
2026-06-28 12:00:00+00:00,60251.9609375,60329.4296875,60098.41015625,60207.828125,576043008,0.0,0.0
2026-06-28 13:00:00+00:00,60190.2109375,60201.30078125,59902.5390625,59976.9609375,0,0.0,0.0
2026-06-28 14:00:00+00:00,59990.328125,60156.53125,59924.1796875,59939.2890625,558025728,0.0,0.0
2026-06-28 15:00:00+00:00,59939.2890625,60035.98828125,59739.3984375,59802.48828125,0,0.0,0.0
2026-06-28 16:00:00+00:00,59807.03125,59853.6015625,59507.8203125,59600.01171875,1151919104,0.0,0.0
2026-06-28 17:00:00+00:00,59593.51171875,59752.53125,59318.0390625,59493.109375,0,0.0,0.0
2026-06-28 18:00:00+00:00,59483.3515625,59608.80078125,59414.30859375,59520.0703125,51046400,0.0,0.0
2026-06-28 19:00:00+00:00,59520.44921875,59581.75,59185.05078125,59391.66015625,0,0.0,0.0
2026-06-28 20:00:00+00:00,59382.12890625,59664.76171875,59382.12890625,59559.05078125,43827200,0.0,0.0
2026-06-28 21:00:00+00:00,59559.05078125,59666.94921875,59231.16015625,59339.51171875,62955520,0.0,0.0
2026-06-28 22:00:00+00:00,59349.28125,59796.0,58852.0,58970.828125,685200384,0.0,0.0
2026-06-28 23:00:00+00:00,58947.83984375,59752.609375,58914.1796875,59472.30078125,367500288,0.0,0.0
2026-06-29 00:00:00+00:00,59478.7890625,59600.0,58904.12109375,59575.140625,271134720,0.0,0.0
2026-06-29 01:00:00+00:00,59562.12109375,59585.58984375,59119.19921875,59342.5703125,522912768,0.0,0.0
2026-06-29 02:00:00+00:00,59333.4296875,59700.609375,58830.0,59653.359375,740288512,0.0,0.0
2026-06-29 03:00:00+00:00,59663.0,60092.28125,59663.0,59942.828125,793997312,0.0,0.0
2026-06-29 04:00:00+00:00,59948.4609375,59954.16015625,59645.0,59729.94921875,230713344,0.0,0.0
2026-06-29 05:00:00+00:00,59743.0,60002.55859375,59290.5390625,60002.55859375,225832960,0.0,0.0
2026-06-29 06:00:00+00:00,60012.69140625,60229.76953125,59952.359375,59983.2890625,642805760,0.0,0.0
2026-06-29 07:00:00+00:00,59984.53125,60072.87109375,59830.55078125,59932.609375,182245376,0.0,0.0
2026-06-29 08:00:00+00:00,59929.6484375,59993.12109375,59644.8984375,59740.37109375,490702848,0.0,0.0
2026-06-29 09:00:00+00:00,59741.71875,60009.96875,59707.05078125,59968.19921875,603439104,0.0,0.0
2026-06-29 10:00:00+00:00,59975.30859375,60219.8515625,59975.30859375,60000.78125,261091328,0.0,0.0
2026-06-29 11:00:00+00:00,59996.671875,60091.7109375,59703.87890625,59870.91015625,448428032,0.0,0.0
2026-06-29 12:00:00+00:00,59895.21875,60687.30078125,59533.578125,59857.66015625,2574807040,0.0,0.0
2026-06-29 13:00:00+00:00,59865.0,60220.01171875,59231.28125,59455.55859375,1973649408,0.0,0.0
2026-06-29 14:00:00+00:00,59459.12109375,59594.359375,58899.37890625,59348.71875,2392729600,0.0,0.0
2026-06-29 15:00:00+00:00,59331.05078125,59828.69140625,58968.28125,59705.76171875,1329614848,0.0,0.0
2026-06-29 16:00:00+00:00,59716.0390625,59857.19921875,59471.98828125,59784.91015625,83300352,0.0,0.0
2026-06-29 17:00:00+00:00,59777.76953125,60570.46875,59775.8203125,60318.44921875,881305600,0.0,0.0
2026-06-29 18:00:00+00:00,60298.16015625,60433.30078125,60091.3984375,60198.05078125,1005604864,0.0,0.0
2026-06-29 19:00:00+00:00,60188.44140625,60454.0,60058.73828125,60331.28125,255422464,0.0,0.0
2026-06-29 20:00:00+00:00,60327.140625,60453.66015625,60197.6796875,60197.6796875,110905344,0.0,0.0
2026-06-29 21:00:00+00:00,60205.98828125,60490.80078125,60163.01953125,60390.921875,0,0.0,0.0
2026-06-29 22:00:00+00:00,60390.0,60427.98828125,60250.98046875,60261.9609375,0,0.0,0.0
2026-06-29 23:00:00+00:00,60258.08984375,60290.48828125,60116.2890625,60161.5390625,0,0.0,0.0
2026-06-30 00:00:00+00:00,60152.37109375,60180.01171875,59596.9296875,59744.66015625,65521664,0.0,0.0
2026-06-30 01:00:00+00:00,59753.12109375,59959.01953125,59684.73828125,59845.33984375,0,0.0,0.0
2026-06-30 02:00:00+00:00,59853.9609375,59943.98828125,59649.98046875,59842.5703125,0,0.0,0.0
2026-06-30 03:00:00+00:00,59842.5703125,59923.98046875,59488.0,59515.140625,173938688,0.0,0.0
2026-06-30 04:00:00+00:00,59502.98828125,59590.5390625,59312.0,59385.2890625,650977280,0.0,0.0
2026-06-30 05:00:00+00:00,59385.28125,59555.98828125,59252.890625,59545.328125,379592704,0.0,0.0
2026-06-30 06:00:00+00:00,59551.37890625,59616.21875,59414.6484375,59493.98828125,219621376,0.0,0.0
2026-06-30 07:00:00+00:00,59493.98046875,59533.98828125,59341.4609375,59430.01171875,170274816,0.0,0.0
2026-06-30 08:00:00+00:00,59427.01171875,59456.6796875,59094.0,59208.859375,470360064,0.0,0.0
2026-06-30 09:00:00+00:00,59195.01171875,59324.69921875,59152.921875,59276.01171875,0,0.0,0.0
2026-06-30 10:00:00+00:00,59282.44921875,59323.3515625,59190.2890625,59238.12890625,940587008,0.0,0.0
2026-06-30 11:00:00+00:00,59239.12109375,59314.01171875,59016.73828125,59076.8203125,172445696,0.0,0.0
2026-06-30 12:00:00+00:00,59075.6484375,59081.98828125,58284.359375,58284.359375,0,0.0,0.0
2026-06-30 13:00:00+00:00,58322.078125,58683.21875,58132.69921875,58630.01953125,604747776,0.0,0.0
2026-06-30 14:00:00+00:00,58557.21875,59159.140625,58308.578125,58369.94921875,0,0.0,0.0
2026-06-30 15:00:00+00:00,58362.25,58680.0,58076.8984375,58267.41015625,54192128,0.0,0.0
2026-06-30 16:00:00+00:00,58273.6015625,58501.0390625,58146.48828125,58391.33984375,441067520,0.0,0.0
2026-06-30 17:00:00+00:00,58393.71875,58506.28125,58215.51171875,58325.9609375,0,0.0,0.0
2026-06-30 18:00:00+00:00,58325.94921875,58588.98828125,58255.12109375,58580.44921875,202768384,0.0,0.0
2026-06-30 19:00:00+00:00,58572.05078125,58736.109375,58484.91015625,58726.3515625,334125056,0.0,0.0
2026-06-30 20:00:00+00:00,58671.4609375,58785.73828125,58558.01171875,58630.890625,0,0.0,0.0
2026-06-30 21:00:00+00:00,58630.859375,58673.48046875,58411.76953125,58541.55078125,288337920,0.0,0.0
2026-06-30 22:00:00+00:00,58562.37109375,58696.62109375,58418.3515625,58513.921875,0,0.0,0.0
2026-06-30 23:00:00+00:00,58509.55078125,58564.01171875,58453.9296875,58523.9296875,486479872,0.0,0.0
2026-07-01 00:00:00+00:00,58541.55078125,58646.98046875,58213.4609375,58486.37109375,0,0.0,0.0
2026-07-01 01:00:00+00:00,58486.8515625,58913.87109375,57720.73046875,58677.828125,1558396928,0.0,0.0
2026-07-01 02:00:00+00:00,58686.30859375,59075.1796875,58575.98828125,58991.01171875,841719808,0.0,0.0
2026-07-01 03:00:00+00:00,58994.3203125,59206.12109375,58750.83984375,59101.48828125,296198144,0.0,0.0
2026-07-01 04:00:00+00:00,59096.26953125,59357.75,58969.921875,59237.640625,0,0.0,0.0
2026-07-01 05:00:00+00:00,59237.640625,59289.01171875,59028.96875,59060.8984375,0,0.0,0.0
2026-07-01 06:00:00+00:00,59064.12890625,59070.8203125,58446.1484375,58666.6484375,0,0.0,0.0
2026-07-01 07:00:00+00:00,58687.94140625,58738.0,58514.75,58686.91015625,0,0.0,0.0
2026-07-01 08:00:00+00:00,58680.8984375,58904.109375,58419.8984375,58894.01953125,0,0.0,0.0
2026-07-01 09:00:00+00:00,58896.0,58990.0390625,58767.03125,58865.859375,257419264,0.0,0.0
2026-07-01 10:00:00+00:00,58868.5390625,58868.5390625,58536.44921875,58577.41015625,269875200,0.0,0.0
2026-07-01 11:00:00+00:00,58580.30859375,58673.76171875,58467.73046875,58536.73828125,0,0.0,0.0
2026-07-01 12:00:00+00:00,58558.5,58589.12109375,58253.23046875,58451.3984375,0,0.0,0.0
2026-07-01 13:00:00+00:00,58447.94140625,59433.0390625,58446.0,59433.0390625,0,0.0,0.0
2026-07-01 14:00:00+00:00,59392.12890625,60016.0,59210.55078125,59464.890625,1430386688,0.0,0.0
2026-07-01 15:00:00+00:00,59462.890625,60472.01953125,59446.01953125,60087.69921875,1287467008,0.0,0.0
2026-07-01 16:00:00+00:00,60104.0,60178.0703125,59801.16015625,59856.9609375,0,0.0,0.0
2026-07-01 17:00:00+00:00,59860.48046875,60175.03125,59720.0,60129.41015625,184954880,0.0,0.0
2026-07-01 18:00:00+00:00,60123.51953125,60232.05859375,59958.3515625,60115.6796875,0,0.0,0.0
2026-07-01 19:00:00+00:00,60104.76953125,60282.75,59937.078125,59965.1796875,87269376,0.0,0.0
2026-07-01 20:00:00+00:00,59992.19921875,60117.94921875,59803.640625,60067.87109375,0,0.0,0.0
2026-07-01 21:00:00+00:00,60069.76171875,60763.26171875,60059.6484375,60752.328125,1591775232,0.0,0.0
2026-07-01 22:00:00+00:00,60748.3203125,61248.01171875,60289.01953125,60416.87890625,1772191744,0.0,0.0
2026-07-01 23:00:00+00:00,60403.28125,60403.28125,59916.3203125,59963.44140625,0,0.0,0.0
2026-07-02 00:00:00+00:00,59950.48828125,59964.0,59521.75,59682.5,1579261952,0.0,0.0
2026-07-02 01:00:00+00:00,59689.46875,60252.03125,59650.21875,60112.25,0,0.0,0.0
2026-07-02 02:00:00+00:00,60109.23046875,60416.0,59953.98046875,60353.87890625,221962240,0.0,0.0
2026-07-02 03:00:00+00:00,60361.98828125,61042.421875,60236.91015625,60985.76953125,0,0.0,0.0
2026-07-02 04:00:00+00:00,60979.19140625,60980.55078125,60658.0,60707.98828125,1351475200,0.0,0.0
2026-07-02 05:00:00+00:00,60707.98828125,60794.01171875,60413.0,60425.98828125,736124928,0.0,0.0
2026-07-02 06:00:00+00:00,60433.58984375,60570.98828125,60176.44921875,60190.01171875,104833024,0.0,0.0
2026-07-02 07:00:00+00:00,60185.890625,60199.01171875,60026.37109375,60058.91015625,1167106048,0.0,0.0
2026-07-02 08:00:00+00:00,60064.01171875,60472.0,60043.94921875,60436.0,49397760,0.0,0.0
2026-07-02 09:00:00+00:00,60432.62109375,61330.01171875,60297.23046875,61096.640625,1578389504,0.0,0.0
2026-07-02 10:00:00+00:00,61089.16015625,61276.140625,60961.75,61179.08984375,900554752,0.0,0.0
2026-07-02 11:00:00+00:00,61180.98828125,61306.578125,61052.1484375,61287.37890625,604639232,0.0,0.0
2026-07-02 12:00:00+00:00,61228.21875,61539.98828125,61085.51171875,61472.48046875,774189056,0.0,0.0
2026-07-02 13:00:00+00:00,61488.76953125,61984.0,61438.0,61855.9296875,751341568,0.0,0.0
2026-07-02 14:00:00+00:00,61873.828125,62128.671875,61331.87109375,61633.96875,0,0.0,0.0
2026-07-02 15:00:00+00:00,61613.25,61765.12890625,61355.609375,61540.359375,0,0.0,0.0
2026-07-02 16:00:00+00:00,61548.37109375,61742.05859375,61094.66015625,61621.98828125,86687744,0.0,0.0
2026-07-02 17:00:00+00:00,61603.98046875,61883.0390625,61565.80078125,61604.62109375,548573184,0.0,0.0
2026-07-02 18:00:00+00:00,61613.23828125,61807.94921875,61600.8984375,61699.16015625,248262656,0.0,0.0
2026-07-02 19:00:00+00:00,61696.16015625,61700.7109375,61390.078125,61436.01171875,0,0.0,0.0
2026-07-02 20:00:00+00:00,61446.08984375,61524.0,61269.0,61511.8203125,85016576,0.0,0.0
2026-07-02 21:00:00+00:00,61517.01953125,61577.3203125,61443.19140625,61517.0703125,0,0.0,0.0
2026-07-02 22:00:00+00:00,61498.1484375,61528.23046875,61364.44921875,61398.1484375,0,0.0,0.0
2026-07-02 23:00:00+00:00,61376.01953125,61528.0,61275.58984375,61484.03125,0,0.0,0.0
2026-07-03 00:00:00+00:00,61482.46875,61501.37890625,61162.7890625,61221.05859375,0,0.0,0.0
2026-07-03 01:00:00+00:00,61220.921875,61647.76171875,61200.3203125,61503.578125,0,0.0,0.0
2026-07-03 02:00:00+00:00,61513.01171875,61582.73828125,61217.26953125,61353.0390625,42131456,0.0,0.0
2026-07-03 03:00:00+00:00,61340.8515625,61493.8203125,61240.3515625,61350.9296875,0,0.0,0.0
2026-07-03 04:00:00+00:00,61350.9609375,61445.98046875,61254.5,61366.03125,0,0.0,0.0
2026-07-03 05:00:00+00:00,61355.609375,61706.140625,61355.05078125,61623.2890625,0,0.0,0.0
2026-07-03 06:00:00+00:00,61623.30078125,61770.0,61536.7109375,61631.12890625,0,0.0,0.0
2026-07-03 07:00:00+00:00,61631.140625,61782.33984375,61584.58984375,61679.98828125,0,0.0,0.0
2026-07-03 08:00:00+00:00,61681.58984375,61829.76953125,61478.01171875,61507.0390625,0,0.0,0.0
2026-07-03 09:00:00+00:00,61510.37109375,61705.0,61443.8203125,61640.05078125,0,0.0,0.0
2026-07-03 10:00:00+00:00,61636.9609375,61955.9296875,61597.66015625,61844.03125,0,0.0,0.0
2026-07-03 11:00:00+00:00,61825.62109375,62009.6796875,61775.55859375,61949.171875,0,0.0,0.0
2026-07-03 12:00:00+00:00,61948.0390625,62087.91015625,61797.359375,61904.828125,0,0.0,0.0
2026-07-03 13:00:00+00:00,61920.3203125,62156.140625,61869.48828125,62051.1484375,0,0.0,0.0
2026-07-03 14:00:00+00:00,62037.359375,62206.76171875,61645.98828125,62098.96875,0,0.0,0.0
2026-07-03 15:00:00+00:00,62102.640625,62304.0,61753.44140625,61862.58984375,0,0.0,0.0
2026-07-03 16:00:00+00:00,61867.87109375,62065.98828125,61854.171875,62040.01953125,0,0.0,0.0
2026-07-03 17:00:00+00:00,62045.2890625,62228.30078125,62009.640625,62136.671875,0,0.0,0.0
2026-07-03 18:00:00+00:00,62148.23828125,62188.1796875,62064.0,62149.98828125,0,0.0,0.0
2026-07-03 19:00:00+00:00,62149.98828125,62256.0390625,62095.87890625,62151.328125,0,0.0,0.0
2026-07-03 20:00:00+00:00,62164.12109375,62817.51953125,62131.48828125,62715.23046875,642357248,0.0,0.0
2026-07-03 21:00:00+00:00,62727.828125,62872.05078125,62459.4296875,62669.3984375,0,0.0,0.0
2026-07-03 22:00:00+00:00,62668.23046875,62684.55078125,62471.6484375,62512.80859375,957353984,0.0,0.0
2026-07-03 23:00:00+00:00,62512.7890625,62644.30078125,62468.55859375,62554.140625,0,0.0,0.0
2026-07-04 00:00:00+00:00,62520.23046875,62881.33984375,62518.140625,62693.98828125,322349056,0.0,0.0
2026-07-04 01:00:00+00:00,62693.359375,62693.359375,62342.87109375,62403.51171875,195698688,0.0,0.0
2026-07-04 02:00:00+00:00,62418.62890625,62520.01953125,62369.12109375,62481.94921875,0,0.0,0.0
2026-07-04 03:00:00+00:00,62481.94921875,62674.01171875,62423.21875,62564.0390625,0,0.0,0.0
2026-07-04 04:00:00+00:00,62564.0390625,62682.9296875,62533.23828125,62639.41015625,0,0.0,0.0
2026-07-04 05:00:00+00:00,62625.609375,62625.609375,62381.0703125,62412.41015625,0,0.0,0.0
2026-07-04 06:00:00+00:00,62412.3984375,62508.6015625,62274.16015625,62434.8203125,0,0.0,0.0
2026-07-04 07:00:00+00:00,62434.8203125,62560.9609375,62404.5703125,62511.62890625,0,0.0,0.0
2026-07-04 08:00:00+00:00,62511.640625,62607.94140625,62452.921875,62497.37890625,0,0.0,0.0
2026-07-04 09:00:00+00:00,62502.4296875,62523.9609375,62351.73046875,62429.0390625,0,0.0,0.0
2026-07-04 10:00:00+00:00,62429.0390625,62486.0,62383.73046875,62450.078125,0,0.0,0.0
2026-07-04 11:00:00+00:00,62434.6796875,62498.0,62404.7890625,62428.51953125,0,0.0,0.0
2026-07-04 12:00:00+00:00,62426.1015625,62630.69140625,62426.1015625,62604.671875,0,0.0,0.0
2026-07-04 13:00:00+00:00,62604.66015625,62698.359375,62483.62109375,62538.0,0,0.0,0.0
2026-07-04 14:00:00+00:00,62535.3984375,62680.4296875,62535.3984375,62644.8203125,0,0.0,0.0
2026-07-04 15:00:00+00:00,62650.26953125,62956.8984375,62640.01171875,62881.21875,19519488,0.0,0.0
2026-07-04 16:00:00+00:00,62885.8203125,62917.7890625,62730.359375,62865.87890625,0,0.0,0.0
2026-07-04 17:00:00+00:00,62860.01171875,63356.12109375,62745.76171875,63221.1484375,509429760,0.0,0.0
2026-07-04 18:00:00+00:00,63230.94140625,63291.19140625,63043.23046875,63113.3515625,459352064,0.0,0.0
2026-07-04 19:00:00+00:00,63113.33984375,63398.73046875,63066.078125,63238.1796875,0,0.0,0.0
2026-07-04 20:00:00+00:00,63232.41015625,63340.1796875,63103.05078125,63180.55859375,0,0.0,0.0
2026-07-04 21:00:00+00:00,63187.8515625,63402.87109375,63151.4609375,63237.71875,0,0.0,0.0
2026-07-04 22:00:00+00:00,63237.98828125,63258.33984375,63105.6015625,63127.6796875,0,0.0,0.0
2026-07-04 23:00:00+00:00,63139.98828125,63181.5703125,62881.28125,63083.890625,129052672,0.0,0.0
2026-07-05 00:00:00+00:00,63086.44921875,63086.4609375,62869.2890625,62930.55078125,0,0.0,0.0
2026-07-05 01:00:00+00:00,62932.55859375,62986.73046875,62743.25,62831.6796875,0,0.0,0.0
2026-07-05 02:00:00+00:00,62822.76171875,62859.71875,62550.51171875,62639.98046875,78422016,0.0,0.0
2026-07-05 03:00:00+00:00,62641.03125,62738.30078125,62592.26171875,62711.2109375,0,0.0,0.0
2026-07-05 04:00:00+00:00,62708.78125,62894.0703125,62658.01953125,62776.4296875,101457920,0.0,0.0
2026-07-05 05:00:00+00:00,62747.5,62752.421875,62601.1015625,62679.01171875,0,0.0,0.0
2026-07-05 06:00:00+00:00,62687.51171875,62769.26953125,62613.73046875,62722.05859375,0,0.0,0.0
2026-07-05 07:00:00+00:00,62722.0703125,63001.37890625,62662.6015625,62958.44140625,0,0.0,0.0
2026-07-05 08:00:00+00:00,62958.16015625,63041.4296875,62841.0703125,62858.3515625,0,0.0,0.0
2026-07-05 09:00:00+00:00,62869.76953125,62876.75,62408.0,62569.5,105627648,0.0,0.0
2026-07-05 10:00:00+00:00,62558.87109375,62701.8203125,62488.19921875,62700.7890625,86398976,0.0,0.0
2026-07-05 11:00:00+00:00,62700.78125,62739.609375,62557.87109375,62575.6015625,84828160,0.0,0.0
2026-07-05 12:00:00+00:00,62597.921875,62716.9609375,62512.98046875,62692.421875,225087488,0.0,0.0
2026-07-05 13:00:00+00:00,62692.421875,62764.23046875,62600.6796875,62738.80859375,72845312,0.0,0.0
2026-07-05 14:00:00+00:00,62738.80078125,62763.80078125,62600.0,62758.87109375,0,0.0,0.0
2026-07-05 15:00:00+00:00,62758.87109375,62885.87890625,62621.25,62686.171875,0,0.0,0.0
2026-07-05 16:00:00+00:00,62686.171875,62711.87109375,62542.55078125,62571.0,516942848,0.0,0.0
2026-07-05 17:00:00+00:00,62582.51171875,62765.53125,62547.94140625,62571.3984375,0,0.0,0.0
2026-07-05 18:00:00+00:00,62571.3984375,62814.0,62563.7890625,62764.58984375,0,0.0,0.0
2026-07-05 19:00:00+00:00,62746.3984375,62823.8515625,62672.16015625,62716.7109375,0,0.0,0.0
2026-07-05 20:00:00+00:00,62713.51171875,62781.41015625,62643.5,62673.9296875,0,0.0,0.0
2026-07-05 21:00:00+00:00,62673.9296875,63163.3515625,62552.7890625,63034.921875,224936960,0.0,0.0
2026-07-05 22:00:00+00:00,63019.96875,63848.51953125,62952.12109375,63682.0703125,1796741120,0.0,0.0
2026-07-05 23:00:00+00:00,63674.0,63938.05078125,63508.0,63583.51953125,690151424,0.0,0.0
2026-07-06 00:00:00+00:00,63581.19140625,63705.6484375,63294.0,63697.48046875,230195200,0.0,0.0
2026-07-06 01:00:00+00:00,63696.94921875,63851.48046875,63483.87890625,63510.62890625,83992576,0.0,0.0
2026-07-06 02:00:00+00:00,63508.19921875,63605.0703125,63305.3984375,63388.3203125,332650496,0.0,0.0
2026-07-06 03:00:00+00:00,63385.859375,63432.12890625,63076.30078125,63232.33984375,442503168,0.0,0.0
2026-07-06 04:00:00+00:00,63232.109375,63329.0,63121.51953125,63206.76171875,582404096,0.0,0.0
2026-07-06 05:00:00+00:00,63199.21875,63207.98828125,62896.03125,63048.44140625,576561152,0.0,0.0
2026-07-06 06:00:00+00:00,63048.87890625,63084.55078125,62913.5703125,62917.98046875,337324032,0.0,0.0
2026-07-06 07:00:00+00:00,62915.16015625,63053.75,62822.0390625,63024.26953125,168265728,0.0,0.0
2026-07-06 08:00:00+00:00,63024.26953125,63175.578125,62768.48828125,62833.37890625,0,0.0,0.0
2026-07-06 09:00:00+00:00,62833.37890625,62851.171875,62564.05078125,62597.66015625,720941056,0.0,0.0
2026-07-06 10:00:00+00:00,62597.66015625,62970.890625,62591.69921875,62756.26953125,0,0.0,0.0
2026-07-06 11:00:00+00:00,62765.48828125,62934.0,62421.8515625,62421.8515625,685877248,0.0,0.0
2026-07-06 12:00:00+00:00,62412.0,62412.0,61610.96875,61691.80859375,2682660864,0.0,0.0
2026-07-06 13:00:00+00:00,61675.44921875,61982.25,61268.37109375,61710.359375,3159451648,0.0,0.0
2026-07-06 14:00:00+00:00,61702.94921875,62330.6015625,61664.921875,61992.48828125,2389997568,0.0,0.0
2026-07-06 15:00:00+00:00,61999.98828125,63510.7109375,61997.76171875,63489.828125,2379450368,0.0,0.0
2026-07-06 16:00:00+00:00,63512.05078125,63808.9296875,63352.5,63691.23046875,3002511360,0.0,0.0
2026-07-06 17:00:00+00:00,63681.62890625,63896.37109375,63524.01171875,63536.16015625,849530880,0.0,0.0
2026-07-06 18:00:00+00:00,63545.76953125,63832.01953125,63511.44921875,63650.0,573980672,0.0,0.0
2026-07-06 19:00:00+00:00,63652.08984375,63848.55859375,63610.05078125,63681.8984375,158543872,0.0,0.0
2026-07-06 20:00:00+00:00,63692.96875,63850.03125,63539.69921875,63784.6015625,351186944,0.0,0.0
2026-07-06 21:00:00+00:00,63784.6015625,64596.55078125,63764.80078125,64440.0390625,1361907712,0.0,0.0
2026-07-06 22:00:00+00:00,64438.01171875,64438.01171875,64104.55078125,64197.62890625,0,0.0,0.0
2026-07-06 23:00:00+00:00,64197.8203125,64285.5,63979.80078125,64001.83984375,0,0.0,0.0
2026-07-07 00:00:00+00:00,64006.01171875,64272.921875,63975.4296875,64153.7890625,0,0.0,0.0
2026-07-07 01:00:00+00:00,64145.23828125,64145.23828125,63744.01953125,63796.44140625,201445376,0.0,0.0
2026-07-07 02:00:00+00:00,63788.55078125,63855.4296875,63249.33984375,63280.26953125,126971904,0.0,0.0
2026-07-07 03:00:00+00:00,63276.48828125,63362.7109375,63101.01953125,63140.03125,383225856,0.0,0.0
2026-07-07 04:00:00+00:00,63132.8984375,63229.98828125,63010.390625,63048.37890625,360407040,0.0,0.0
2026-07-07 05:00:00+00:00,63048.37890625,63213.0,62745.91015625,63075.3203125,0,0.0,0.0
2026-07-07 06:00:00+00:00,63073.48828125,63342.5390625,62937.12890625,63285.0,587661312,0.0,0.0
2026-07-07 07:00:00+00:00,63283.01953125,63387.91015625,63024.8515625,63035.4609375,204738560,0.0,0.0
2026-07-07 08:00:00+00:00,63047.671875,63134.16015625,62955.828125,63045.73828125,0,0.0,0.0
2026-07-07 09:00:00+00:00,63045.73828125,63274.83984375,63002.55859375,63187.8984375,17764352,0.0,0.0
2026-07-07 10:00:00+00:00,63198.37890625,63400.98828125,63173.859375,63222.921875,0,0.0,0.0
2026-07-07 11:00:00+00:00,63172.76953125,63388.98828125,63060.12890625,63345.58984375,0,0.0,0.0
2026-07-07 12:00:00+00:00,63345.26171875,63797.12890625,63333.0,63418.30078125,0,0.0,0.0
2026-07-07 13:00:00+00:00,63409.98828125,63415.9609375,62929.578125,62973.55859375,0,0.0,0.0
2026-07-07 14:00:00+00:00,62980.0,63557.69140625,62609.94921875,63506.8984375,145612800,0.0,0.0
2026-07-07 15:00:00+00:00,63477.69921875,64050.25,63316.01953125,63878.109375,0,0.0,0.0
2026-07-07 16:00:00+00:00,63890.73828125,64198.19921875,63760.01171875,63936.87109375,0,0.0,0.0
2026-07-07 17:00:00+00:00,63923.98828125,64189.55859375,63848.25,64135.98828125,0,0.0,0.0
2026-07-07 18:00:00+00:00,64122.3203125,64126.53125,63632.03125,63632.03125,373235712,0.0,0.0
2026-07-07 19:00:00+00:00,63653.66015625,63846.37109375,63334.01171875,63752.01171875,936026112,0.0,0.0
2026-07-07 20:00:00+00:00,63793.7890625,63863.69140625,63566.69921875,63655.94921875,0,0.0,0.0
2026-07-07 21:00:00+00:00,63659.30859375,63817.5,63296.7109375,63388.91015625,0,0.0,0.0
2026-07-07 22:00:00+00:00,63382.25,63613.12890625,63190.37109375,63505.0703125,0,0.0,0.0
2026-07-07 23:00:00+00:00,63502.23046875,63670.69140625,63275.98828125,63325.01171875,0,0.0,0.0
2026-07-08 00:00:00+00:00,63322.05859375,63696.2109375,63269.26953125,63571.75,96026624,0.0,0.0
2026-07-08 01:00:00+00:00,63572.30859375,63604.51171875,62886.5,62992.421875,287655936,0.0,0.0
2026-07-08 02:00:00+00:00,62978.5703125,63010.33984375,62487.0390625,62936.359375,743124992,0.0,0.0
2026-07-08 03:00:00+00:00,62955.890625,63049.21875,62651.66015625,62718.58984375,0,0.0,0.0
2026-07-08 04:00:00+00:00,62714.0390625,62857.640625,62632.3515625,62748.16015625,0,0.0,0.0
2026-07-08 05:00:00+00:00,62744.30859375,62821.5,62499.98828125,62588.76171875,0,0.0,0.0
2026-07-08 06:00:00+00:00,62584.19921875,62693.01953125,62427.7890625,62605.8984375,0,0.0,0.0
2026-07-08 07:00:00+00:00,62615.08984375,62845.98828125,62493.578125,62834.44140625,0,0.0,0.0
2026-07-08 08:00:00+00:00,62811.53125,62887.01953125,61834.3984375,61950.21875,1443497984,0.0,0.0
2026-07-08 09:00:00+00:00,61945.3984375,62110.4296875,61683.6796875,62001.80859375,1313728512,0.0,0.0
2026-07-08 10:00:00+00:00,62019.390625,62131.62109375,61844.2109375,62128.01171875,298932224,0.0,0.0
2026-07-08 11:00:00+00:00,62117.05859375,62331.05859375,62000.0,62245.44140625,259733504,0.0,0.0
2026-07-08 12:00:00+00:00,62249.3203125,62360.5,61895.98046875,61895.98046875,0,0.0,0.0
2026-07-08 13:00:00+00:00,61900.2109375,62028.62109375,61565.359375,61871.6484375,0,0.0,0.0
2026-07-08 14:00:00+00:00,61872.578125,62113.5,61642.609375,61826.44140625,0,0.0,0.0
2026-07-08 15:00:00+00:00,61838.1015625,61848.0,61470.921875,61632.8984375,0,0.0,0.0
2026-07-08 16:00:00+00:00,61638.1796875,62087.640625,61622.0,62045.7890625,0,0.0,0.0
2026-07-08 17:00:00+00:00,62042.01171875,62340.55078125,61966.6796875,62041.98828125,0,0.0,0.0
2026-07-08 18:00:00+00:00,62050.05859375,62302.0,61982.5703125,62126.23046875,0,0.0,0.0
2026-07-08 19:00:00+00:00,62137.9609375,62237.2890625,62012.5,62229.0703125,0,0.0,0.0
2026-07-08 20:00:00+00:00,62199.1015625,62260.73046875,62035.6484375,62059.55859375,0,0.0,0.0
2026-07-08 21:00:00+00:00,62060.37109375,62186.4296875,61912.05078125,62132.1015625,163348480,0.0,0.0
2026-07-08 22:00:00+00:00,62140.96875,62289.48828125,62123.98828125,62283.3515625,0,0.0,0.0
2026-07-08 23:00:00+00:00,62283.3515625,62299.890625,62119.01953125,62237.69921875,0,0.0,0.0
2026-07-09 00:00:00+00:00,62237.7109375,62263.58984375,62006.5703125,62084.53125,0,0.0,0.0
2026-07-09 01:00:00+00:00,62084.03125,62584.0,61808.0,61856.6484375,0,0.0,0.0
2026-07-09 02:00:00+00:00,61874.5703125,62070.421875,61638.0,61723.53125,0,0.0,0.0
2026-07-09 03:00:00+00:00,61735.01171875,62007.69921875,61675.30078125,61913.98828125,266387456,0.0,0.0
2026-07-09 04:00:00+00:00,61941.8984375,62402.66015625,61903.19140625,62402.01171875,0,0.0,0.0
2026-07-09 05:00:00+00:00,62389.3984375,62555.8984375,62183.80859375,62537.390625,347435008,0.0,0.0
2026-07-09 06:00:00+00:00,62542.48828125,62904.73046875,62430.6796875,62902.0,494761984,0.0,0.0
2026-07-09 07:00:00+00:00,62892.609375,63147.98828125,62739.98046875,62947.26171875,737040384,0.0,0.0
2026-07-09 08:00:00+00:00,62953.98046875,63028.83984375,62794.12109375,62839.98828125,0,0.0,0.0
2026-07-09 09:00:00+00:00,62836.859375,62940.91015625,62730.87109375,62894.28125,0,0.0,0.0
2026-07-09 10:00:00+00:00,62888.7109375,62992.9609375,62634.37890625,62722.51953125,0,0.0,0.0
2026-07-09 11:00:00+00:00,62722.51953125,62771.2890625,62549.5390625,62718.96875,0,0.0,0.0
2026-07-09 12:00:00+00:00,62699.578125,62896.0,62404.98828125,62551.0,1863593984,0.0,0.0
2026-07-09 13:00:00+00:00,62562.0,63161.0,62460.0,62968.1484375,0,0.0,0.0
2026-07-09 14:00:00+00:00,62992.96875,63073.671875,62602.44921875,62955.69140625,0,0.0,0.0
2026-07-09 15:00:00+00:00,62970.1484375,63191.828125,62748.33984375,62805.80859375,0,0.0,0.0
2026-07-09 16:00:00+00:00,62806.87890625,62947.69921875,62503.9609375,62629.8984375,0,0.0,0.0
2026-07-09 17:00:00+00:00,62645.921875,63103.26953125,62613.890625,63088.25,0,0.0,0.0
2026-07-09 18:00:00+00:00,63099.609375,63439.28125,63020.98828125,63166.2890625,1170317312,0.0,0.0
2026-07-09 19:00:00+00:00,63175.66015625,63325.390625,63100.0,63188.30859375,0,0.0,0.0
2026-07-09 20:00:00+00:00,63205.0,63275.87109375,63124.01953125,63257.5,0,0.0,0.0
2026-07-09 21:00:00+00:00,63270.0,63346.51953125,63155.23828125,63223.69140625,0,0.0,0.0
2026-07-09 22:00:00+00:00,63223.69921875,63369.98046875,63160.8203125,63169.76171875,0,0.0,0.0
2026-07-09 23:00:00+00:00,63169.76171875,63276.01171875,63008.25,63175.25,483547136,0.0,0.0
2026-07-10 00:00:00+00:00,63170.96875,63202.921875,62880.890625,63058.16015625,0,0.0,0.0
2026-07-10 01:00:00+00:00,63070.109375,63887.7109375,62901.78125,63699.98828125,200876032,0.0,0.0
2026-07-10 02:00:00+00:00,63717.01953125,63991.4296875,63638.71875,63911.25,690274304,0.0,0.0
2026-07-10 03:00:00+00:00,63911.25,63991.390625,63772.58984375,63899.98828125,0,0.0,0.0
2026-07-10 04:00:00+00:00,63911.23828125,64127.46875,63807.6484375,64004.03125,324382720,0.0,0.0
2026-07-10 05:00:00+00:00,64004.03125,64151.58984375,63900.0,64076.23046875,853338112,0.0,0.0
2026-07-10 06:00:00+00:00,64078.78125,64118.33984375,63789.6484375,63812.03125,18575360,0.0,0.0
2026-07-10 07:00:00+00:00,63820.12109375,63975.71875,63763.98046875,63932.71875,0,0.0,0.0
2026-07-10 08:00:00+00:00,63938.1484375,64344.98046875,63931.0,64201.5390625,0,0.0,0.0
2026-07-10 09:00:00+00:00,64187.37109375,64438.01171875,64057.5,64341.83984375,0,0.0,0.0
2026-07-10 10:00:00+00:00,64341.828125,64446.83984375,64232.23828125,64355.3203125,144955392,0.0,0.0
2026-07-10 11:00:00+00:00,64360.5390625,64435.66015625,64294.359375,64379.0390625,0,0.0,0.0
2026-07-10 12:00:00+00:00,64390.94140625,64564.3984375,64222.2109375,64239.0,0,0.0,0.0
2026-07-10 13:00:00+00:00,64241.44921875,64659.98828125,64094.8984375,64438.37890625,37197824,0.0,0.0
2026-07-10 14:00:00+00:00,64420.33984375,64469.171875,63784.0,63862.87109375,1036816384,0.0,0.0
2026-07-10 15:00:00+00:00,63848.6796875,64154.3515625,63841.80859375,63950.5703125,0,0.0,0.0
2026-07-10 16:00:00+00:00,63977.55078125,64166.48828125,63770.76171875,64085.80078125,305817600,0.0,0.0
2026-07-10 17:00:00+00:00,64072.48046875,64100.01953125,63771.5390625,63773.421875,0,0.0,0.0
2026-07-10 18:00:00+00:00,63779.28125,63926.9609375,63691.4609375,63760.3203125,0,0.0,0.0
2026-07-10 19:00:00+00:00,63736.3984375,64003.44140625,63724.328125,63876.25,6465536,0.0,0.0
2026-07-10 20:00:00+00:00,63892.01171875,63892.01171875,63621.3515625,63788.75,1511383040,0.0,0.0
2026-07-10 21:00:00+00:00,63788.76171875,64039.19921875,63780.078125,63970.390625,0,0.0,0.0
2026-07-10 22:00:00+00:00,63961.6015625,64121.921875,63935.01953125,64068.69921875,115216384,0.0,0.0
2026-07-10 23:00:00+00:00,64068.87109375,64174.41015625,63974.890625,64128.48828125,299245568,0.0,0.0
2026-07-11 00:00:00+00:00,64125.28125,64130.37890625,63992.48828125,64076.69140625,0,0.0,0.0
2026-07-11 01:00:00+00:00,64076.5390625,64260.55859375,63963.359375,63970.46875,0,0.0,0.0
2026-07-11 02:00:00+00:00,63973.73046875,64128.859375,63940.33984375,64116.98046875,0,0.0,0.0
2026-07-11 03:00:00+00:00,64114.390625,64153.98046875,64027.73828125,64107.6796875,0,0.0,0.0
2026-07-11 04:00:00+00:00,64107.671875,64165.75,64036.83984375,64111.33984375,0,0.0,0.0
2026-07-11 05:00:00+00:00,64111.33984375,64180.03125,64069.98828125,64125.37890625,0,0.0,0.0
2026-07-11 06:00:00+00:00,64125.37890625,64230.98828125,64075.05078125,64169.578125,0,0.0,0.0
2026-07-11 07:00:00+00:00,64167.421875,64206.01953125,64102.890625,64111.58984375,0,0.0,0.0
2026-07-11 08:00:00+00:00,64111.58984375,64256.01171875,64100.46875,64216.87109375,0,0.0,0.0
2026-07-11 09:00:00+00:00,64216.87109375,64249.62890625,64097.19140625,64107.6796875,0,0.0,0.0
2026-07-11 10:00:00+00:00,64114.3515625,64142.73046875,64083.0703125,64138.078125,0,0.0,0.0
2026-07-11 11:00:00+00:00,64141.2890625,64161.19921875,64116.0,64145.26953125,0,0.0,0.0
2026-07-11 12:00:00+00:00,64145.26953125,64183.1015625,64081.08984375,64141.46875,0,0.0,0.0
2026-07-11 13:00:00+00:00,64141.46875,64219.96875,64114.96875,64195.03125,0,0.0,0.0
2026-07-11 14:00:00+00:00,64195.03125,64453.19921875,64195.03125,64297.671875,0,0.0,0.0
2026-07-11 15:00:00+00:00,64300.890625,64427.98828125,63964.0,64120.171875,14603264,0.0,0.0
2026-07-11 16:00:00+00:00,64120.171875,64217.05078125,64038.51953125,64132.71875,0,0.0,0.0
2026-07-11 17:00:00+00:00,64132.71875,64350.01171875,64114.9609375,64271.48046875,0,0.0,0.0
2026-07-11 18:00:00+00:00,64265.51953125,64345.69140625,64239.359375,64281.98828125,0,0.0,0.0
2026-07-11 19:00:00+00:00,64281.98828125,64299.96875,64187.76171875,64245.98828125,0,0.0,0.0
2026-07-11 20:00:00+00:00,64245.98828125,64416.98046875,64241.58984375,64337.109375,0,0.0,0.0
2026-07-11 21:00:00+00:00,64337.109375,64385.921875,64293.05859375,64310.37890625,0,0.0,0.0
2026-07-11 22:00:00+00:00,64310.37890625,64383.25,64100.5703125,64158.078125,0,0.0,0.0
2026-07-11 23:00:00+00:00,64158.0703125,64208.69140625,63773.05078125,63773.05078125,409771008,0.0,0.0
2026-07-12 00:00:00+00:00,63773.6015625,63870.1796875,63667.23828125,63783.71875,1519595520,0.0,0.0
2026-07-12 01:00:00+00:00,63789.8515625,64132.28125,63770.91015625,64085.26171875,385587200,0.0,0.0
2026-07-12 02:00:00+00:00,64085.26171875,64091.8203125,63988.01171875,64031.23828125,370010112,0.0,0.0
2026-07-12 03:00:00+00:00,64031.23828125,64179.359375,63991.19921875,64179.359375,505279488,0.0,0.0
2026-07-12 04:00:00+00:00,64179.140625,64198.671875,63899.5703125,63962.0703125,235947008,0.0,0.0
2026-07-12 05:00:00+00:00,63962.0703125,63983.62109375,63860.6796875,63925.6796875,0,0.0,0.0
2026-07-12 06:00:00+00:00,63919.2890625,63921.48046875,63601.30078125,63714.75,489414656,0.0,0.0
2026-07-12 07:00:00+00:00,63714.75,63857.98828125,63695.21875,63843.69921875,54304768,0.0,0.0
2026-07-12 08:00:00+00:00,63843.69921875,64056.03125,63837.30078125,63940.078125,1289691136,0.0,0.0
2026-07-12 09:00:00+00:00,63941.44140625,63998.46875,63722.76171875,63915.19921875,2463199232,0.0,0.0
2026-07-12 10:00:00+00:00,63915.19921875,63915.19921875,63795.46875,63812.0,284975104,0.0,0.0
2026-07-12 11:00:00+00:00,63816.46875,63979.80078125,63777.12109375,63966.5390625,0,0.0,0.0
2026-07-12 12:00:00+00:00,63940.98046875,64082.80859375,63929.3203125,63982.16015625,0,0.0,0.0
2026-07-12 13:00:00+00:00,63982.171875,64053.078125,63951.16015625,63980.53125,0,0.0,0.0
2026-07-12 14:00:00+00:00,63980.51953125,64205.3203125,63918.3984375,64158.640625,0,0.0,0.0
2026-07-12 15:00:00+00:00,64155.4296875,64213.6015625,64075.98828125,64136.51953125,0,0.0,0.0
2026-07-12 16:00:00+00:00,64137.62109375,64170.578125,64013.05078125,64131.7890625,0,0.0,0.0
2026-07-12 17:00:00+00:00,64131.78125,64138.66015625,63991.19921875,64034.91015625,0,0.0,0.0
2026-07-12 18:00:00+00:00,64037.05859375,64112.44140625,63975.62890625,64109.19140625,1302528,0.0,0.0
2026-07-12 19:00:00+00:00,64109.19921875,64219.98046875,64104.46875,64193.87109375,0,0.0,0.0
2026-07-12 20:00:00+00:00,64193.87109375,64216.44140625,64131.12109375,64161.75,0,0.0,0.0
2026-07-12 21:00:00+00:00,64161.73828125,64198.26953125,63851.48046875,63883.78125,222574592,0.0,0.0
2026-07-12 22:00:00+00:00,63796.48828125,63890.4296875,63625.0,63846.05859375,321884160,0.0,0.0
2026-07-12 23:00:00+00:00,63842.41015625,63874.21875,63688.0,63740.3203125,0,0.0,0.0
2026-07-13 00:00:00+00:00,63734.03125,64337.73828125,63520.01171875,64024.78125,0,0.0,0.0
2026-07-13 01:00:00+00:00,64015.390625,64015.390625,63361.48828125,63368.76171875,290564096,0.0,0.0
2026-07-13 02:00:00+00:00,63327.05859375,63495.94921875,63199.8984375,63322.640625,612128768,0.0,0.0
2026-07-13 03:00:00+00:00,63326.94140625,63335.3515625,62691.73046875,62758.578125,564303872,0.0,0.0
2026-07-13 04:00:00+00:00,62725.87109375,62852.9609375,62597.51171875,62624.44921875,276889600,0.0,0.0
2026-07-13 05:00:00+00:00,62633.109375,62858.3515625,62470.46875,62749.859375,719075328,0.0,0.0
2026-07-13 06:00:00+00:00,62773.51171875,62821.55859375,62662.55078125,62744.48046875,0,0.0,0.0
2026-07-13 07:00:00+00:00,62758.48828125,63008.62109375,62695.51171875,62935.5703125,942792704,0.0,0.0
2026-07-13 08:00:00+00:00,62935.9609375,63219.30859375,62881.0390625,63142.5,324892672,0.0,0.0
2026-07-13 09:00:00+00:00,63131.5,63139.671875,63021.71875,63040.55859375,0,0.0,0.0
2026-07-13 10:00:00+00:00,63039.0,63076.98828125,62794.87890625,62801.7890625,437700608,0.0,0.0
2026-07-13 11:00:00+00:00,62811.0,63067.73046875,62811.0,62842.98046875,300711936,0.0,0.0
2026-07-13 12:00:00+00:00,62847.51171875,62910.828125,62505.859375,62561.5,783476736,0.0,0.0
2026-07-13 13:00:00+00:00,62553.98828125,62698.4296875,62090.359375,62249.3203125,1643718656,0.0,0.0
2026-07-13 14:00:00+00:00,62237.0,62722.01171875,62039.12109375,62713.05859375,2375000064,0.0,0.0
2026-07-13 15:00:00+00:00,62720.578125,62901.87890625,62500.8203125,62555.98046875,826023936,0.0,0.0
2026-07-13 16:00:00+00:00,62554.80078125,62559.62109375,62141.53125,62204.80078125,1329143808,0.0,0.0
2026-07-13 17:00:00+00:00,62207.44140625,62293.3984375,61826.609375,61829.0,949397504,0.0,0.0
2026-07-13 18:00:00+00:00,61831.03125,62029.9609375,61750.8984375,61945.0703125,1098096640,0.0,0.0
2026-07-13 19:00:00+00:00,61951.55859375,62221.94921875,61912.5,62215.1484375,421785600,0.0,0.0
2026-07-13 20:00:00+00:00,62189.53125,62261.51171875,61994.4296875,62141.0,170680320,0.0,0.0
2026-07-13 21:00:00+00:00,62147.859375,62157.140625,61836.26953125,61994.0,321966080,0.0,0.0
2026-07-13 22:00:00+00:00,62002.44140625,62159.26171875,61827.98828125,61840.890625,6693955584,0.0,0.0
2026-07-13 23:00:00+00:00,61843.41015625,62271.5703125,61799.30859375,62264.94140625,103223296,0.0,0.0
2026-07-14 00:00:00+00:00,62276.87109375,62592.7109375,62191.140625,62481.0,0,0.0,0.0
2026-07-14 01:00:00+00:00,62486.9296875,62569.98828125,62385.0390625,62459.4609375,0,0.0,0.0
2026-07-14 02:00:00+00:00,62459.44921875,62568.30859375,62252.30078125,62471.4296875,0,0.0,0.0
2026-07-14 03:00:00+00:00,62477.94921875,62532.55859375,62240.76171875,62501.51953125,0,0.0,0.0
2026-07-14 04:00:00+00:00,62500.01171875,62700.0,62466.41015625,62673.76171875,0,0.0,0.0
2026-07-14 05:00:00+00:00,62660.3984375,62806.0,62622.48046875,62654.01171875,0,0.0,0.0
2026-07-14 06:00:00+00:00,62644.0,62695.171875,62498.19140625,62543.8203125,178616320,0.0,0.0
2026-07-14 07:00:00+00:00,62541.140625,62575.08984375,62427.30078125,62467.62890625,0,0.0,0.0
2026-07-14 08:00:00+00:00,62464.3203125,62721.921875,62425.94140625,62631.30859375,0,0.0,0.0
2026-07-14 09:00:00+00:00,62633.8203125,62663.0390625,62456.9609375,62554.05078125,110671872,0.0,0.0
2026-07-14 10:00:00+00:00,62557.05859375,62830.9609375,62535.03125,62725.6015625,0,0.0,0.0
2026-07-14 11:00:00+00:00,62728.2109375,62840.62109375,62641.98828125,62769.76171875,82696192,0.0,0.0
2026-07-14 12:00:00+00:00,62784.46875,63888.0,62710.87890625,63884.7890625,1951109120,0.0,0.0
2026-07-14 13:00:00+00:00,63885.30078125,64083.4296875,63638.23828125,63780.01171875,633546752,0.0,0.0
2026-07-14 14:00:00+00:00,63774.98046875,64255.609375,63539.8984375,64249.1796875,0,0.0,0.0
2026-07-14 15:00:00+00:00,64244.171875,64878.87109375,64143.828125,64688.94140625,1854179328,0.0,0.0
2026-07-14 16:00:00+00:00,64728.0390625,64855.03125,64604.71875,64688.69140625,780318720,0.0,0.0
2026-07-14 17:00:00+00:00,64690.58984375,64690.58984375,64277.58984375,64586.359375,246996992,0.0,0.0
2026-07-14 18:00:00+00:00,64589.37109375,64615.48828125,64441.87109375,64532.94140625,0,0.0,0.0
2026-07-14 19:00:00+00:00,64533.41015625,64672.46875,64447.37890625,64534.05078125,0,0.0,0.0
2026-07-14 20:00:00+00:00,64548.0,64552.5,64373.5703125,64521.44921875,19736576,0.0,0.0
2026-07-14 21:00:00+00:00,64521.44921875,64828.1015625,64480.9609375,64634.83984375,136163328,0.0,0.0
2026-07-14 22:00:00+00:00,64634.828125,65020.78125,64478.7890625,64815.83984375,707497984,0.0,0.0
2026-07-14 23:00:00+00:00,64815.828125,65001.48828125,64737.859375,64988.66015625,228012032,0.0,0.0
2026-07-15 00:00:00+00:00,64996.171875,65016.44140625,64718.16015625,64774.46875,0,0.0,0.0
2026-07-15 01:00:00+00:00,64789.98828125,64807.26953125,64592.51171875,64624.46875,0,0.0,0.0
2026-07-15 02:00:00+00:00,64624.48046875,64707.05859375,64431.51953125,64440.87109375,0,0.0,0.0
2026-07-15 03:00:00+00:00,64440.87109375,64793.76171875,64440.51953125,64736.671875,118837248,0.0,0.0
2026-07-15 04:00:00+00:00,64732.0,64833.58984375,64664.96875,64698.0703125,0,0.0,0.0
2026-07-15 05:00:00+00:00,64731.96875,64912.69921875,64552.01171875,64882.9609375,0,0.0,0.0
2026-07-15 06:00:00+00:00,64890.55078125,65213.28125,64768.0,64772.71875,574838784,0.0,0.0
2026-07-15 07:00:00+00:00,64781.4609375,64836.23046875,64437.96875,64504.359375,945825792,0.0,0.0
2026-07-15 08:00:00+00:00,64520.0,64738.0,64505.1015625,64719.9296875,152492032,0.0,0.0
2026-07-15 09:00:00+00:00,64714.51953125,64870.75,64600.0,64615.578125,159608832,0.0,0.0
2026-07-15 10:00:00+00:00,64595.8515625,64798.3515625,64563.1796875,64603.96875,0,0.0,0.0
2026-07-15 11:00:00+00:00,64605.98046875,64700.0,64567.98828125,64676.8984375,74805248,0.0,0.0
2026-07-15 12:00:00+00:00,64677.98828125,65185.921875,64545.19921875,65106.41015625,0,0.0,0.0
2026-07-15 13:00:00+00:00,65112.609375,65510.44921875,64824.5390625,65060.0390625,369016832,0.0,0.0
2026-07-15 14:00:00+00:00,65078.62890625,65462.0390625,65012.0390625,65339.5,190306304,0.0,0.0
2026-07-15 15:00:00+00:00,65323.98828125,65499.98828125,65200.01171875,65369.98046875,0,0.0,0.0
2026-07-15 16:00:00+00:00,65388.71875,65413.87890625,64725.9609375,65060.48828125,0,0.0,0.0
2026-07-15 17:00:00+00:00,65072.1796875,65139.3203125,64916.8984375,65005.03125,0,0.0,0.0
2026-07-15 18:00:00+00:00,64997.578125,65085.828125,64798.6484375,64812.6796875,321009664,0.0,0.0
2026-07-15 19:00:00+00:00,64816.578125,64968.48046875,64702.78125,64927.421875,10137600,0.0,0.0
2026-07-15 20:00:00+00:00,64943.609375,65014.5390625,64874.53125,64927.94921875,29859840,0.0,0.0
2026-07-15 21:00:00+00:00,64927.9609375,64983.69921875,64750.0,64792.96875,0,0.0,0.0
2026-07-15 22:00:00+00:00,64789.609375,64942.328125,64727.25,64821.01953125,0,0.0,0.0
2026-07-15 23:00:00+00:00,64819.3984375,64900.0,64667.37890625,64712.01171875,0,0.0,0.0
2026-07-16 00:00:00+00:00,64697.48828125,64803.76953125,64453.98828125,64536.0,414722048,0.0,0.0
2026-07-16 01:00:00+00:00,64552.28125,64785.37890625,64347.0,64689.078125,27205632,0.0,0.0
2026-07-16 02:00:00+00:00,64689.078125,64689.078125,64531.1484375,64595.8515625,0,0.0,0.0
2026-07-16 03:00:00+00:00,64592.21875,64694.12890625,64501.30859375,64560.0,0,0.0,0.0
2026-07-16 04:00:00+00:00,64562.140625,64638.0390625,64488.75,64574.55078125,374847488,0.0,0.0
2026-07-16 05:00:00+00:00,64587.76953125,64940.75,64545.03125,64865.140625,153446400,0.0,0.0
2026-07-16 06:00:00+00:00,64865.140625,64911.078125,64588.58984375,64719.01171875,0,0.0,0.0
2026-07-16 07:00:00+00:00,64719.01953125,64722.87890625,64042.8515625,64172.640625,0,0.0,0.0
2026-07-16 08:00:00+00:00,64170.421875,64301.2890625,63834.37109375,64067.87109375,2842585088,0.0,0.0
2026-07-16 09:00:00+00:00,64071.7109375,64122.078125,63962.69140625,64036.6015625,2886025216,0.0,0.0
2026-07-16 10:00:00+00:00,64035.140625,64209.6484375,64015.98046875,64165.73046875,343705600,0.0,0.0
2026-07-16 11:00:00+00:00,64175.01171875,64220.171875,64048.01171875,64200.0,0,0.0,0.0
2026-07-16 12:00:00+00:00,64188.8203125,64197.80859375,63802.48828125,63914.109375,0,0.0,0.0
2026-07-16 13:00:00+00:00,63938.76953125,64418.16015625,63918.66015625,64320.1796875,0,0.0,0.0
2026-07-16 14:00:00+00:00,64322.25,64780.73828125,64278.19921875,64493.2109375,0,0.0,0.0
2026-07-16 15:00:00+00:00,64529.4296875,64825.37890625,64264.58984375,64660.55078125,0,0.0,0.0
2026-07-16 16:00:00+00:00,64667.01171875,64671.8984375,64286.109375,64436.91015625,0,0.0,0.0
2026-07-16 17:00:00+00:00,64430.671875,64434.828125,63943.83984375,64029.76171875,0,0.0,0.0
2026-07-16 18:00:00+00:00,64028.421875,64285.44921875,64009.51171875,64201.46875,0,0.0,0.0
2026-07-16 19:00:00+00:00,64188.80859375,64261.05078125,64099.62890625,64218.4609375,0,0.0,0.0
2026-07-16 20:00:00+00:00,64217.5390625,64233.1796875,64060.48046875,64066.1484375,0,0.0,0.0
2026-07-16 21:00:00+00:00,64063.80859375,64188.30859375,64047.0390625,64113.03125,0,0.0,0.0
2026-07-16 22:00:00+00:00,64126.25,64184.91015625,63900.0,63918.8203125,313681920,0.0,0.0
2026-07-16 23:00:00+00:00,63898.2109375,63958.01171875,63690.78125,63769.87109375,438210560,0.0,0.0
2026-07-17 00:00:00+00:00,63772.05078125,63852.01171875,63559.62890625,63833.859375,0,0.0,0.0
2026-07-17 01:00:00+00:00,63836.44140625,64009.62890625,63418.87109375,63489.0,282269696,0.0,0.0
2026-07-17 02:00:00+00:00,63464.62890625,63596.08984375,63330.4296875,63430.08984375,434837504,0.0,0.0
2026-07-17 03:00:00+00:00,63434.8515625,63661.87890625,63425.421875,63508.140625,208195584,0.0,0.0
2026-07-17 04:00:00+00:00,63508.1484375,63514.28125,63259.73828125,63423.171875,0,0.0,0.0
2026-07-17 05:00:00+00:00,63396.51171875,63397.48828125,62747.19921875,62782.58984375,1383671808,0.0,0.0
2026-07-17 06:00:00+00:00,62765.48828125,62931.33984375,62657.51953125,62890.91015625,786272256,0.0,0.0
2026-07-17 07:00:00+00:00,62851.23046875,62927.26171875,62741.48046875,62770.80859375,113352704,0.0,0.0
2026-07-17 08:00:00+00:00,62766.078125,62875.5390625,62603.78125,62826.01171875,0,0.0,0.0
2026-07-17 09:00:00+00:00,62826.01171875,63003.76953125,62795.51953125,62927.94140625,0,0.0,0.0
2026-07-17 10:00:00+00:00,62934.890625,63133.9296875,62924.25,63119.71875,46807040,0.0,0.0
2026-07-17 11:00:00+00:00,63119.71875,63296.62109375,63001.6015625,63230.48046875,153339904,0.0,0.0
2026-07-17 12:00:00+00:00,63237.73828125,63285.91015625,63012.640625,63037.98828125,0,0.0,0.0
2026-07-17 13:00:00+00:00,63042.140625,63112.87109375,62462.5390625,63089.91015625,581152768,0.0,0.0
2026-07-17 14:00:00+00:00,63135.01171875,63443.4296875,63021.30078125,63113.828125,640800768,0.0,0.0
2026-07-17 15:00:00+00:00,63108.2109375,63403.171875,62799.078125,63403.171875,0,0.0,0.0
2026-07-17 16:00:00+00:00,63381.98828125,63666.12109375,63262.890625,63549.01171875,268142592,0.0,0.0
2026-07-17 17:00:00+00:00,63550.109375,64190.890625,63550.109375,64015.0390625,414912512,0.0,0.0
2026-07-17 18:00:00+00:00,64031.359375,64353.55859375,63851.25,64224.2109375,1105590272,0.0,0.0
2026-07-17 19:00:00+00:00,64213.109375,64225.33984375,63938.87890625,64099.23828125,255332352,0.0,0.0
2026-07-17 20:00:00+00:00,64096.69140625,64153.33984375,63914.23828125,64077.44921875,462592000,0.0,0.0
2026-07-17 21:00:00+00:00,64077.44921875,64186.0390625,64026.44921875,64071.5,108318720,0.0,0.0
2026-07-17 22:00:00+00:00,64066.01953125,64109.16015625,63875.078125,63937.98828125,0,0.0,0.0
2026-07-17 23:00:00+00:00,63937.98828125,63972.359375,63840.640625,63889.66015625,0,0.0,0.0
2026-07-18 00:00:00+00:00,63893.98828125,63965.75,63850.12890625,63865.75,0,0.0,0.0
2026-07-18 01:00:00+00:00,63871.73828125,63959.73046875,63842.3515625,63916.0,0,0.0,0.0
2026-07-18 02:00:00+00:00,63916.0,63988.3203125,63884.46875,63912.28125,0,0.0,0.0
2026-07-18 03:00:00+00:00,63912.28125,63977.55859375,63888.48046875,63970.76171875,0,0.0,0.0
2026-07-18 04:00:00+00:00,63976.0,63976.0,63895.98828125,63925.87109375,0,0.0,0.0
2026-07-18 05:00:00+00:00,63925.87109375,63954.71875,63875.30859375,63925.6015625,0,0.0,0.0
2026-07-18 06:00:00+00:00,63924.328125,63962.7109375,63901.37109375,63935.4296875,0,0.0,0.0
2026-07-18 07:00:00+00:00,63935.4296875,63984.80859375,63925.69140625,63967.62890625,0,0.0,0.0
2026-07-18 08:00:00+00:00,63950.921875,63980.26171875,63910.94921875,63960.0,0,0.0,0.0
2026-07-18 09:00:00+00:00,63960.0,63963.640625,63899.4609375,63943.69921875,0,0.0,0.0
2026-07-18 10:00:00+00:00,63940.8984375,63969.4296875,63939.3203125,63961.48046875,0,0.0,0.0
2026-07-18 11:00:00+00:00,63961.48046875,64041.16015625,63960.23828125,64016.19140625,0,0.0,0.0
2026-07-18 12:00:00+00:00,64024.62109375,64211.98046875,64009.37890625,64164.48046875,66361344,0.0,0.0
2026-07-18 13:00:00+00:00,64164.48046875,64164.48046875,63921.6015625,64065.0703125,0,0.0,0.0
2026-07-18 14:00:00+00:00,64076.1484375,64151.0,64054.078125,64085.46875,0,0.0,0.0
2026-07-18 15:00:00+00:00,64087.19140625,64113.1796875,63987.8515625,64076.87890625,0,0.0,0.0
2026-07-18 16:00:00+00:00,64076.87890625,64267.51953125,64040.76171875,64259.01953125,0,0.0,0.0
2026-07-18 17:00:00+00:00,64264.19140625,64449.98828125,64227.98828125,64438.76953125,0,0.0,0.0
2026-07-18 18:00:00+00:00,64443.3203125,64591.3515625,64436.7890625,64468.23828125,0,0.0,0.0
2026-07-18 19:00:00+00:00,64472.01953125,64561.91015625,64443.12890625,64515.48046875,0,0.0,0.0
2026-07-18 20:00:00+00:00,64521.44140625,64690.7109375,64470.53125,64654.578125,130798592,0.0,0.0
2026-07-18 21:00:00+00:00,64652.66015625,64808.46875,64576.640625,64692.01171875,0,0.0,0.0
2026-07-18 22:00:00+00:00,64692.01171875,64825.671875,64668.640625,64764.3203125,304708608,0.0,0.0
2026-07-18 23:00:00+00:00,64764.328125,64807.2109375,64676.0,64793.76171875,6744064,0.0,0.0
2026-07-19 00:00:00+00:00,64799.609375,64861.9296875,64732.3515625,64732.94140625,205850624,0.0,0.0
2026-07-19 01:00:00+00:00,64745.87890625,64751.05859375,64722.37109375,64725.0,0,0.0,0.0
2026-07-19 02:00:00+00:00,64725.0,64910.03125,64667.46875,64784.08984375,351183872,0.0,0.0
2026-07-19 03:00:00+00:00,64784.08984375,64800.0,64585.5390625,64670.12109375,0,0.0,0.0
2026-07-19 04:00:00+00:00,64670.12109375,64752.01171875,64571.9609375,64681.46875,0,0.0,0.0
2026-07-19 05:00:00+00:00,64690.2890625,64767.1796875,64631.83984375,64682.2109375,0,0.0,0.0
2026-07-19 06:00:00+00:00,64679.69140625,64718.62890625,64650.23828125,64668.08984375,73436160,0.0,0.0
2026-07-19 07:00:00+00:00,64668.08984375,64736.0,64633.44921875,64678.0,42611712,0.0,0.0
2026-07-19 08:00:00+00:00,64678.0,64699.48046875,64585.609375,64668.44921875,195252224,0.0,0.0
2026-07-19 09:00:00+00:00,64672.30859375,64680.171875,64458.87890625,64470.3203125,105986048,0.0,0.0
2026-07-19 10:00:00+00:00,64470.3203125,64653.921875,64435.03125,64553.6484375,0,0.0,0.0
2026-07-19 11:00:00+00:00,64550.69140625,64596.0,64401.80859375,64426.69921875,0,0.0,0.0
2026-07-19 12:00:00+00:00,64420.21875,64420.21875,64238.078125,64398.0,255333376,0.0,0.0
2026-07-19 13:00:00+00:00,64399.2890625,64470.26171875,64259.19140625,64432.671875,479375360,0.0,0.0
2026-07-19 14:00:00+00:00,64432.30078125,64594.421875,64370.55859375,64547.19921875,158755840,0.0,0.0
2026-07-19 15:00:00+00:00,64547.2109375,64581.0703125,64451.75,64540.03125,17799168,0.0,0.0
2026-07-19 16:00:00+00:00,64532.48046875,64596.51171875,64460.01171875,64495.078125,79618048,0.0,0.0
2026-07-19 17:00:00+00:00,64490.1484375,64701.890625,64338.2109375,64504.55859375,0,0.0,0.0
2026-07-19 18:00:00+00:00,64502.3984375,64510.0,64256.76171875,64374.23046875,0,0.0,0.0
2026-07-19 19:00:00+00:00,64387.98046875,64423.5703125,64301.05078125,64410.0,0,0.0,0.0
2026-07-19 20:00:00+00:00,64410.0,64494.8203125,64410.0,64488.3203125,0,0.0,0.0
2026-07-19 21:00:00+00:00,64492.51171875,64518.3515625,64300.0,64372.609375,0,0.0,0.0
2026-07-19 22:00:00+00:00,64355.109375,64855.921875,64317.01953125,64629.21875,622130176,0.0,0.0
2026-07-19 23:00:00+00:00,64626.01171875,64727.87109375,64523.98828125,64681.828125,125468672,0.0,0.0
2026-07-20 00:00:00+00:00,64685.609375,65040.46875,64364.19921875,64503.0390625,644488192,0.0,0.0
2026-07-20 01:00:00+00:00,64510.94921875,64959.3515625,64453.9296875,64576.640625,472088576,0.0,0.0
2026-07-20 02:00:00+00:00,64575.76171875,64906.828125,64544.55078125,64775.7890625,0,0.0,0.0
2026-07-20 03:00:00+00:00,64775.7890625,64863.5390625,64599.44921875,64814.390625,0,0.0,0.0
2026-07-20 04:00:00+00:00,64820.98046875,64820.98046875,64485.87109375,64493.66015625,439355392,0.0,0.0
2026-07-20 05:00:00+00:00,64503.01171875,64504.94921875,64043.1015625,64072.46875,999267328,0.0,0.0
2026-07-20 06:00:00+00:00,64076.16015625,64160.7890625,63702.01171875,63859.03125,820592640,0.0,0.0
2026-07-20 07:00:00+00:00,63861.76171875,64245.19921875,63834.9296875,64214.23828125,815616000,0.0,0.0
2026-07-20 08:00:00+00:00,64199.76953125,64297.2890625,63829.98828125,63997.3515625,2564913152,0.0,0.0
2026-07-20 09:00:00+00:00,63997.3515625,64221.55859375,63952.421875,64138.71875,315140096,0.0,0.0
2026-07-20 10:00:00+00:00,64137.4609375,64354.37890625,64100.1015625,64242.3515625,6586368,0.0,0.0
2026-07-20 11:00:00+00:00,64250.69921875,65005.48046875,64218.12109375,64944.01171875,884346880,0.0,0.0
2026-07-20 12:00:00+00:00,64947.16015625,64947.16015625,64544.76171875,64585.98828125,427556864,0.0,0.0
2026-07-20 13:00:00+00:00,64599.71875,64695.62890625,64153.3203125,64274.640625,910170112,0.0,0.0
2026-07-20 14:00:00+00:00,64285.48828125,64480.0,64015.359375,64346.62890625,741005312,0.0,0.0
2026-07-20 15:00:00+00:00,64404.0,65580.0,64348.0,65551.0078125,2737639424,0.0,0.0
2026-07-20 16:00:00+00:00,65562.0,65591.1484375,65296.69921875,65454.01171875,1077618688,0.0,0.0
2026-07-20 17:00:00+00:00,65459.23046875,65591.8125,65289.73828125,65533.51953125,0,0.0,0.0
2026-07-20 18:00:00+00:00,65548.28125,65742.1328125,65150.01171875,65192.3203125,1193953280,0.0,0.0
2026-07-20 19:00:00+00:00,65181.0,65221.73828125,64990.25,65085.01953125,873455616,0.0,0.0
2026-07-20 20:00:00+00:00,65129.94921875,65390.55859375,65010.328125,65327.98828125,811008000,0.0,0.0
2026-07-20 21:00:00+00:00,65303.421875,65399.87890625,65226.41015625,65241.69140625,0,0.0,0.0
2026-07-20 22:00:00+00:00,65241.69140625,65241.69140625,65050.01171875,65105.44140625,0,0.0,0.0
2026-07-20 23:00:00+00:00,65106.78125,65231.12109375,65085.83984375,65213.05078125,0,0.0,0.0
2026-07-21 00:00:00+00:00,65192.12109375,65544.5625,65106.80078125,65522.30859375,0,0.0,0.0
2026-07-21 01:00:00+00:00,65509.5390625,65618.0,65188.7890625,65193.53125,0,0.0,0.0
2026-07-21 02:00:00+00:00,65194.21875,65446.98046875,65129.98046875,65366.94921875,0,0.0,0.0
2026-07-21 03:00:00+00:00,65366.94921875,65542.6328125,65363.53125,65528.21875,384976896,0.0,0.0
2026-07-21 04:00:00+00:00,65522.30859375,65695.4921875,65431.26171875,65472.01171875,565540864,0.0,0.0
2026-07-21 05:00:00+00:00,65462.94921875,65848.7890625,65441.23046875,65704.1015625,0,0.0,0.0
2026-07-21 06:00:00+00:00,65719.0390625,65946.8125,65596.8828125,65874.6796875,863668224,0.0,0.0
2026-07-21 07:00:00+00:00,65856.2109375,66194.90625,65822.4609375,66143.03125,0,0.0,0.0
2026-07-21 08:00:00+00:00,66145.3515625,66316.7890625,66086.2265625,66186.390625,0,0.0,0.0
2026-07-21 09:00:00+00:00,66186.390625,66310.09375,66114.0,66250.78125,0,0.0,0.0
2026-07-21 10:00:00+00:00,66260.6015625,66387.1484375,66135.0,66148.2109375,781248512,0.0,0.0
2026-07-21 11:00:00+00:00,66138.796875,66318.59375,66107.0234375,66309.46875,0,0.0,0.0
2026-07-21 12:00:00+00:00,66309.4609375,66592.03125,66227.7734375,66508.8515625,0,0.0,0.0
2026-07-21 13:00:00+00:00,66508.8515625,66760.2578125,66280.0078125,66742.921875,21803008,0.0,0.0
2026-07-21 14:00:00+00:00,66743.7109375,66915.8984375,66609.3515625,66809.71875,1558628352,0.0,0.0
2026-07-21 15:00:00+00:00,66804.3984375,66804.3984375,66499.953125,66648.3984375,0,0.0,0.0
2026-07-21 16:00:00+00:00,66647.578125,66728.0078125,66430.5625,66512.6328125,0,0.0,0.0
2026-07-21 17:00:00+00:00,66510.09375,66539.8984375,66103.1015625,66170.421875,458283008,0.0,0.0
2026-07-21 18:00:00+00:00,66180.421875,66324.7734375,66070.5390625,66282.0078125,0,0.0,0.0
2026-07-21 19:00:00+00:00,66278.6484375,66476.296875,66231.5625,66415.4375,0,0.0,0.0
2026-07-21 20:00:00+00:00,66466.0,66466.0,66324.0234375,66370.0078125,0,0.0,0.0
2026-07-21 21:00:00+00:00,66368.0,66378.53125,66248.6484375,66346.90625,425461760,0.0,0.0
2026-07-21 22:00:00+00:00,66329.9765625,66351.5703125,66183.421875,66268.0078125,0,0.0,0.0
2026-07-21 23:00:00+00:00,66263.671875,66532.890625,66187.6796875,66516.1796875,3618816,0.0,0.0
2026-07-22 00:00:00+00:00,66525.0078125,66696.421875,66499.0,66586.6875,635860992,0.0,0.0
2026-07-22 01:00:00+00:00,66583.3515625,66617.421875,66243.6875,66389.1796875,278083584,0.0,0.0
2026-07-22 02:00:00+00:00,66392.0,66493.34375,66253.6796875,66268.0078125,521433088,0.0,0.0
2026-07-22 03:00:00+00:00,66262.1015625,66330.328125,66133.796875,66166.75,0,0.0,0.0
2026-07-22 04:00:00+00:00,66153.78125,66380.8515625,66153.78125,66336.0,187021312,0.0,0.0
2026-07-22 05:00:00+00:00,66336.0,66336.0,65901.3828125,65937.328125,276082688,0.0,0.0
2026-07-22 06:00:00+00:00,65937.3203125,65983.9375,65786.140625,65891.2734375,0,0.0,0.0
2026-07-22 07:00:00+00:00,65890.7109375,65929.25,65668.6484375,65795.2734375,341962752,0.0,0.0
2026-07-22 08:00:00+00:00,65802.25,66112.3984375,65802.25,65940.4765625,586672128,0.0,0.0
2026-07-22 09:00:00+00:00,65933.5234375,66040.328125,65800.0625,65884.2734375,1107994624,0.0,0.0
2026-07-22 10:00:00+00:00,65884.2890625,66066.25,65850.0,66008.9921875,0,0.0,0.0
2026-07-22 11:00:00+00:00,65998.078125,66046.0234375,65862.4296875,65972.5,15548416,0.0,0.0
2026-07-22 12:00:00+00:00,65964.4375,65972.4375,65500.96875,65587.7578125,0,0.0,0.0
2026-07-22 13:00:00+00:00,65587.9921875,65937.859375,65514.859375,65914.7421875,0,0.0,0.0
2026-07-22 14:00:00+00:00,65899.2265625,66146.9765625,65549.53125,65760.953125,0,0.0,0.0
2026-07-22 15:00:00+00:00,65765.90625,66105.59375,65764.0,66020.0390625,0,0.0,0.0
2026-07-22 16:00:00+00:00,66012.7109375,66364.359375,65889.1171875,66208.5234375,32114688,0.0,0.0
2026-07-22 17:00:00+00:00,66204.828125,66256.140625,65914.6796875,66001.640625,0,0.0,0.0
2026-07-22 18:00:00+00:00,66000.9375,66051.0,65697.4765625,65858.296875,0,0.0,0.0
2026-07-22 19:00:00+00:00,65864.2578125,65932.5390625,65660.8984375,65900.9921875,0,0.0,0.0
2026-07-22 20:00:00+00:00,65830.1328125,65950.953125,65758.1171875,65892.421875,89208832,0.0,0.0
2026-07-22 21:00:00+00:00,65891.15625,66100.0,65863.7578125,66040.2578125,0,0.0,0.0
2026-07-22 22:00:00+00:00,66041.25,66041.25,65897.65625,66014.3828125,0,0.0,0.0
2026-07-22 23:00:00+00:00,66017.9921875,66113.890625,65814.5625,66086.609375,146616320,0.0,0.0
2026-07-23 00:00:00+00:00,66098.453125,66280.609375,66023.5625,66033.59375,0,0.0,0.0
2026-07-23 01:00:00+00:00,66032.859375,66180.3515625,65720.109375,65799.0078125,164464640,0.0,0.0
2026-07-23 02:00:00+00:00,65789.75,65818.140625,65630.953125,65777.2265625,0,0.0,0.0
2026-07-23 03:00:00+00:00,65781.6328125,65785.5703125,65544.09375,65624.5078125,0,0.0,0.0
2026-07-23 04:00:00+00:00,65604.3828125,65701.078125,65556.84375,65570.5390625,0,0.0,0.0
2026-07-23 05:00:00+00:00,65576.15625,65762.9921875,65531.828125,65660.203125,0,0.0,0.0
2026-07-23 06:00:00+00:00,65660.78125,65785.7109375,65591.9921875,65758.109375,0,0.0,0.0
2026-07-23 07:00:00+00:00,65749.453125,65749.453125,65318.25,65394.80859375,0,0.0,0.0
2026-07-23 08:00:00+00:00,65396.71875,65624.40625,65374.66015625,65619.2265625,0,0.0,0.0
2026-07-23 09:00:00+00:00,65591.203125,65718.6015625,65565.2265625,65607.0703125,0,0.0,0.0
2026-07-23 10:00:00+00:00,65617.8125,65761.0234375,65556.953125,65708.5625,0,0.0,0.0
2026-07-23 11:00:00+00:00,65708.5625,65709.8828125,65505.51171875,65525.21875,0,0.0,0.0
2026-07-23 12:00:00+00:00,65522.171875,65550.890625,64948.16015625,65132.140625,695375872,0.0,0.0
2026-07-23 13:00:00+00:00,65132.0,65184.62890625,64817.62890625,64836.0,0,0.0,0.0
2026-07-23 14:00:00+00:00,64844.5390625,65180.0,64780.0,64868.19921875,735115264,0.0,0.0
2026-07-23 15:00:00+00:00,64853.1484375,64976.01171875,64673.69140625,64898.25,239742976,0.0,0.0
2026-07-23 16:00:00+00:00,64898.7890625,64898.7890625,64656.0,64691.01171875,353916928,0.0,0.0
2026-07-23 17:00:00+00:00,64690.0,64829.05078125,64601.3515625,64619.12109375,210288640,0.0,0.0
2026-07-23 18:00:00+00:00,64619.12109375,64892.109375,64617.8984375,64807.578125,79642624,0.0,0.0
2026-07-23 19:00:00+00:00,64823.05859375,64879.1015625,64626.171875,64778.21875,377108480,0.0,0.0
2026-07-23 20:00:00+00:00,64763.578125,65143.5703125,64763.578125,65095.28125,244234240,0.0,0.0
2026-07-23 21:00:00+00:00,65097.58984375,65153.21875,64959.1015625,65120.19140625,10033152,0.0,0.0
2026-07-23 22:00:00+00:00,65120.19921875,65177.73828125,64962.7890625,65142.51171875,543023104,0.0,0.0
2026-07-23 23:00:00+00:00,65134.53125,65167.48046875,64997.609375,65051.23046875,507904,0.0,0.0
2026-07-24 00:00:00+00:00,65057.51171875,65057.98828125,64701.3515625,64925.8515625,0,0.0,0.0
2026-07-24 01:00:00+00:00,64928.4296875,65120.19140625,64894.69921875,65030.0,0,0.0,0.0
2026-07-24 02:00:00+00:00,65030.69921875,65135.94921875,64881.91015625,65066.98046875,0,0.0,0.0
2026-07-24 03:00:00+00:00,65066.98046875,65416.48828125,65019.9609375,65408.0,77557760,0.0,0.0
2026-07-24 04:00:00+00:00,65420.9296875,65420.9296875,65217.98828125,65240.96875,0,0.0,0.0
2026-07-24 05:00:00+00:00,65268.28125,65345.73046875,65205.98828125,65268.44140625,114759680,0.0,0.0
2026-07-24 06:00:00+00:00,65259.98828125,65464.58984375,65226.7890625,65426.94140625,716007424,0.0,0.0
2026-07-24 07:00:00+00:00,65432.55859375,65756.7578125,65316.0,65453.98046875,397283328,0.0,0.0
2026-07-24 08:00:00+00:00,65456.421875,65464.109375,65259.01953125,65259.01953125,68415488,0.0,0.0
2026-07-24 09:00:00+00:00,65257.0,65275.78125,64900.0,65064.2890625,35381248,0.0,0.0
2026-07-24 10:00:00+00:00,65074.73046875,65101.05859375,64855.21875,64903.08984375,294922240,0.0,0.0
2026-07-24 11:00:00+00:00,64903.08984375,65033.76953125,64800.01171875,65027.6484375,302503936,0.0,0.0
2026-07-24 12:00:00+00:00,65012.12890625,65072.98828125,64701.62109375,64715.98046875,0,0.0,0.0
2026-07-24 13:00:00+00:00,64738.0,64738.0,63848.2890625,64056.01171875,923621376,0.0,0.0
2026-07-24 14:00:00+00:00,64095.0,64139.328125,63669.5703125,63993.51171875,0,0.0,0.0
2026-07-24 15:00:00+00:00,63980.37890625,64257.578125,63782.03125,64034.75,1884684288,0.0,0.0
2026-07-24 16:00:00+00:00,64026.98828125,64139.75,63810.80078125,63889.83984375,0,0.0,0.0
2026-07-24 17:00:00+00:00,63887.30078125,64137.51171875,63838.890625,64117.0703125,0,0.0,0.0
2026-07-24 18:00:00+00:00,64110.7890625,64236.98046875,64066.328125,64210.91015625,0,0.0,0.0
2026-07-24 19:00:00+00:00,64222.640625,64236.1796875,64081.73828125,64161.76171875,0,0.0,0.0
2026-07-24 20:00:00+00:00,64170.171875,64223.73046875,64071.71875,64102.6015625,0,0.0,0.0
2026-07-24 21:00:00+00:00,64103.98828125,64157.25,64063.98046875,64087.30078125,275441664,0.0,0.0
2026-07-24 22:00:00+00:00,64088.08984375,64151.66015625,64064.859375,64100.51953125,0,0.0,0.0
2026-07-24 23:00:00+00:00,64100.51953125,64117.80078125,64075.58984375,64083.3203125,0,0.0,0.0
2026-07-25 00:00:00+00:00,64083.30859375,64114.5390625,63990.12890625,64009.0,0,0.0,0.0
2026-07-25 01:00:00+00:00,64009.01171875,64098.80078125,63942.28125,64006.48828125,0,0.0,0.0
2026-07-25 02:00:00+00:00,64012.28125,64039.2890625,63956.87109375,63980.5703125,0,0.0,0.0
2026-07-25 03:00:00+00:00,63980.5703125,64042.48828125,63954.37890625,64021.421875,0,0.0,0.0
2026-07-25 04:00:00+00:00,64021.41015625,64143.2890625,64021.41015625,64117.19140625,0,0.0,0.0
2026-07-25 05:00:00+00:00,64117.19140625,64135.0,63916.0,63956.5703125,100388864,0.0,0.0
2026-07-25 06:00:00+00:00,63956.5703125,64005.5703125,63894.01171875,63952.078125,0,0.0,0.0
2026-07-25 07:00:00+00:00,63952.2109375,63979.71875,63933.76953125,63940.5,0,0.0,0.0
2026-07-25 08:00:00+00:00,63941.41015625,63946.37890625,63733.6796875,63806.7109375,0,0.0,0.0
2026-07-25 09:00:00+00:00,63816.671875,63963.390625,63762.12109375,63940.12890625,601425920,0.0,0.0
2026-07-25 10:00:00+00:00,63947.66015625,64000.078125,63924.26171875,64000.078125,0,0.0,0.0
2026-07-25 11:00:00+00:00,64000.078125,64044.80859375,63982.640625,64005.73046875,0,0.0,0.0
2026-07-25 12:00:00+00:00,64005.73046875,64055.98046875,63974.96875,64055.98046875,0,0.0,0.0
2026-07-25 13:00:00+00:00,64055.98828125,64197.859375,64044.30078125,64103.890625,0,0.0,0.0
2026-07-25 14:00:00+00:00,64103.890625,64153.5,64056.609375,64149.078125,0,0.0,0.0
2026-07-25 15:00:00+00:00,64145.25,64214.421875,64108.0,64117.69921875,0,0.0,0.0
2026-07-25 16:00:00+00:00,64127.1796875,64179.62890625,64056.91015625,64151.30859375,0,0.0,0.0
2026-07-25 17:00:00+00:00,64151.3203125,64257.69140625,64133.640625,64202.0390625,0,0.0,0.0
2026-07-25 18:00:00+00:00,64206.19921875,64386.73828125,64206.19921875,64353.78125,0,0.0,0.0
2026-07-25 19:00:00+00:00,64360.8984375,64382.69921875,64315.87890625,64328.7109375,0,0.0,0.0
2026-07-25 20:00:00+00:00,64333.55078125,64335.05859375,64246.8515625,64276.5703125,0,0.0,0.0
2026-07-25 21:00:00+00:00,64277.5390625,64368.87890625,64193.98828125,64288.0,0,0.0,0.0
2026-07-25 22:00:00+00:00,64295.80078125,64369.69921875,64288.55859375,64352.26953125,0,0.0,0.0
2026-07-25 23:00:00+00:00,64352.26953125,64369.0,64293.9296875,64293.9296875,164596736,0.0,0.0
2026-07-26 00:00:00+00:00,64301.98046875,64450.0390625,64289.28125,64450.0,0,0.0,0.0
2026-07-26 01:00:00+00:00,64450.0,64475.8515625,64390.12890625,64404.53125,302720000,0.0,0.0
2026-07-26 02:00:00+00:00,64407.98828125,64466.44140625,64368.0390625,64460.8984375,0,0.0,0.0
2026-07-26 03:00:00+00:00,64464.73046875,64524.48828125,64424.01171875,64490.4609375,0,0.0,0.0
2026-07-26 04:00:00+00:00,64486.33984375,64537.98828125,64429.6796875,64465.078125,165519360,0.0,0.0
2026-07-26 05:00:00+00:00,64465.078125,64465.078125,64352.94140625,64352.94140625,0,0.0,0.0
2026-07-26 06:00:00+00:00,64357.98046875,64391.94921875,64229.6015625,64375.73046875,150255616,0.0,0.0
2026-07-26 07:00:00+00:00,64372.83984375,64399.3515625,64280.73828125,64309.421875,0,0.0,0.0
2026-07-26 08:00:00+00:00,64310.7109375,64433.01953125,64288.51171875,64423.01171875,0,0.0,0.0
2026-07-26 09:00:00+00:00,64423.0,64492.828125,64420.03125,64481.640625,0,0.0,0.0
2026-07-26 10:00:00+00:00,64481.62890625,64512.73046875,64437.109375,64454.171875,0,0.0,0.0
2026-07-26 11:00:00+00:00,64450.140625,64472.0,64426.98828125,64450.48046875,0,0.0,0.0
2026-07-26 12:00:00+00:00,64450.48046875,64599.03125,64379.3984375,64405.03125,232339456,0.0,0.0
2026-07-26 13:00:00+00:00,64404.01953125,64513.6796875,64353.01953125,64466.4609375,7628800,0.0,0.0
2026-07-26 14:00:00+00:00,64466.4609375,64710.01171875,64465.96875,64658.98046875,390888448,0.0,0.0
2026-07-26 15:00:00+00:00,64658.98828125,64766.2109375,64616.58984375,64710.28125,128858112,0.0,0.0
2026-07-26 16:00:00+00:00,64722.91015625,64868.94140625,64643.48046875,64674.94140625,289716224,0.0,0.0
2026-07-26 17:00:00+00:00,64672.69921875,64739.890625,64613.55859375,64644.05859375,265842688,0.0,0.0
2026-07-26 18:00:00+00:00,64627.80078125,64717.28125,64613.48828125,64686.19140625,0,0.0,0.0
2026-07-26 19:00:00+00:00,64686.19921875,64702.3984375,64620.578125,64641.08984375,84586496,0.0,0.0
2026-07-26 20:00:00+00:00,64644.859375,64648.3515625,64580.16015625,64595.26171875,0,0.0,0.0
2026-07-26 21:00:00+00:00,64601.91015625,64851.0703125,64587.328125,64791.12109375,0,0.0,0.0
2026-07-26 22:00:00+00:00,64974.0,65448.01171875,64954.0,65347.9609375,1504789504,0.0,0.0
2026-07-26 23:00:00+00:00,65375.0,65504.80859375,65230.01953125,65336.30859375,663649280,0.0,0.0
2026-07-27 00:00:00+00:00,65351.0,65358.2890625,65004.25,65069.98828125,423820288,0.0,0.0
2026-07-27 01:00:00+00:00,65070.4296875,65155.2890625,64843.48046875,65141.4296875,353707008,0.0,0.0
2026-07-27 02:00:00+00:00,65141.44140625,65215.19140625,65055.87890625,65115.390625,492533760,0.0,0.0
2026-07-27 03:00:00+00:00,65115.96875,65307.19921875,65103.828125,65227.73046875,385384448,0.0,0.0
2026-07-27 04:00:00+00:00,65227.71875,65437.25,65191.01953125,65229.53125,326219776,0.0,0.0
2026-07-27 05:00:00+00:00,65229.53125,65430.0,65224.98046875,65403.98828125,27447296,0.0,0.0
2026-07-27 06:00:00+00:00,65407.671875,65650.671875,65355.53125,65357.98828125,745957376,0.0,0.0
2026-07-27 07:00:00+00:00,65348.98828125,65387.98828125,65157.640625,65165.1015625,961705984,0.0,0.0
2026-07-27 08:00:00+00:00,65175.48828125,65201.0703125,65066.44140625,65104.5,809254912,0.0,0.0
2026-07-27 09:00:00+00:00,65088.16015625,65282.75,65037.66015625,65202.98828125,1291581440,0.0,0.0
2026-07-27 10:00:00+00:00,65188.51171875,65370.5390625,65169.359375,65278.0,691945472,0.0,0.0
2026-07-27 11:00:00+00:00,65278.0,65278.0,65035.98828125,65040.328125,229496832,0.0,0.0
2026-07-27 12:00:00+00:00,65053.171875,65197.69921875,64791.05078125,65021.0,494503936,0.0,0.0
2026-07-27 13:00:00+00:00,65024.19140625,65654.8671875,64845.2890625,65161.6484375,1139945472,0.0,0.0
2026-07-27 14:00:00+00:00,65166.6796875,65354.12109375,64396.3203125,64611.76171875,1405184000,0.0,0.0
2026-07-27 15:00:00+00:00,64593.26171875,64704.359375,64369.1796875,64476.76953125,622467072,0.0,0.0
2026-07-27 16:00:00+00:00,64485.5390625,64899.23828125,64440.48828125,64828.30859375,324753408,0.0,0.0
2026-07-27 17:00:00+00:00,64819.53125,65018.69921875,64718.078125,64951.078125,144111616,0.0,0.0
2026-07-27 18:00:00+00:00,64951.08984375,64990.23828125,64678.1484375,64805.578125,404586496,0.0,0.0
2026-07-27 19:00:00+00:00,64805.5703125,65014.3515625,64737.55859375,64907.98828125,234043392,0.0,0.0
2026-07-27 20:00:00+00:00,64915.16015625,64989.0,64836.6796875,64903.48828125,141035520,0.0,0.0
2026-07-27 21:00:00+00:00,64903.48828125,64903.48828125,64738.44140625,64762.171875,0,0.0,0.0
2026-07-27 22:00:00+00:00,64742.23828125,64742.23828125,63746.23828125,63746.23828125,0,0.0,0.0
2026-07-27 23:00:00+00:00,63732.73828125,63878.94140625,63545.8515625,63696.46875,812914688,0.0,0.0
2026-07-28 00:00:00+00:00,63698.2109375,63767.7109375,63410.078125,63421.94140625,349126656,0.0,0.0
2026-07-28 01:00:00+00:00,63412.5,63465.5,63007.8203125,63170.48828125,1060788224,0.0,0.0
2026-07-28 02:00:00+00:00,63155.98828125,63235.609375,63038.1796875,63115.55859375,0,0.0,0.0
2026-07-28 03:00:00+00:00,63115.55859375,63309.01171875,63093.6015625,63276.83984375,211304448,0.0,0.0
2026-07-28 04:00:00+00:00,63265.3984375,63294.421875,63153.1015625,63285.4609375,0,0.0,0.0
2026-07-28 05:00:00+00:00,63285.4609375,63546.6484375,63258.7109375,63385.51953125,339611648,0.0,0.0
2026-07-28 06:00:00+00:00,63385.51171875,63579.62109375,63333.03125,63564.2890625,0,0.0,0.0
2026-07-28 07:00:00+00:00,63572.078125,63580.76171875,63386.94921875,63435.80078125,0,0.0,0.0
2026-07-28 08:00:00+00:00,63435.80078125,63469.80078125,63330.30859375,63353.51171875,0,0.0,0.0
2026-07-28 09:00:00+00:00,63349.9296875,63507.28125,63294.71875,63322.28125,0,0.0,0.0
2026-07-28 10:00:00+00:00,63322.28125,63484.48046875,63227.94140625,63401.109375,0,0.0,0.0
2026-07-28 11:00:00+00:00,63409.5703125,63530.03125,63291.03125,63414.078125,33814528,0.0,0.0
2026-07-28 12:00:00+00:00,63393.5,63495.01953125,63297.01171875,63475.12109375,0,0.0,0.0
2026-07-28 13:00:00+00:00,63468.44140625,63515.98828125,62711.5,63026.0703125,278753280,0.0,0.0
2026-07-28 14:00:00+00:00,63081.66015625,63444.1796875,62881.328125,63336.05078125,0,0.0,0.0
2026-07-28 15:00:00+00:00,63332.98828125,63942.53125,63187.48046875,63857.58984375,424720384,0.0,0.0
2026-07-28 16:00:00+00:00,63851.21875,64032.37890625,63705.828125,63973.3984375,0,0.0,0.0
2026-07-28 17:00:00+00:00,63960.0,63960.0,63434.640625,63615.921875,801329152,0.0,0.0
2026-07-28 18:00:00+00:00,63619.46875,63765.359375,63600.0,63656.578125,0,0.0,0.0
2026-07-28 19:00:00+00:00,63668.73828125,63817.55859375,63601.44921875,63817.55859375,0,0.0,0.0
2026-07-28 20:00:00+00:00,63840.0,63936.03125,63800.33984375,63834.48046875,222306304,0.0,0.0
2026-07-28 21:00:00+00:00,63834.48046875,63978.421875,63807.62109375,63892.890625,0,0.0,0.0
2026-07-28 22:00:00+00:00,63907.73046875,63944.91015625,63692.5,63704.94140625,0,0.0,0.0
2026-07-28 23:00:00+00:00,63701.76171875,63875.87890625,63469.62890625,63847.12109375,0,0.0,0.0
2026-07-29 00:00:00+00:00,63867.109375,64090.3203125,63791.91015625,63883.0,28846080,0.0,0.0
2026-07-29 01:00:00+00:00,63873.48046875,63918.828125,63606.37109375,63619.078125,0,0.0,0.0
2026-07-29 02:00:00+00:00,63634.46875,64037.828125,63568.98828125,63883.01171875,144171008,0.0,0.0
2026-07-29 03:00:00+00:00,63891.66015625,63914.96875,63618.94140625,63659.94921875,0,0.0,0.0
2026-07-29 04:00:00+00:00,63673.7890625,63884.30078125,63500.62890625,63878.16015625,261695488,0.0,0.0
2026-07-29 05:00:00+00:00,63882.94921875,64009.5703125,63804.80078125,63976.87109375,158234624,0.0,0.0
2026-07-29 06:00:00+00:00,63976.859375,64375.921875,63938.4609375,64352.6015625,560560128,0.0,0.0
2026-07-29 07:00:00+00:00,64362.51953125,64494.05859375,64319.62109375,64477.69140625,0,0.0,0.0
2026-07-29 08:00:00+00:00,64487.2109375,64503.0,64197.8515625,64342.3515625,224405504,0.0,0.0
2026-07-29 09:00:00+00:00,64340.37890625,64641.78125,64300.76953125,64611.25,389038080,0.0,0.0
2026-07-29 10:00:00+00:00,64619.51953125,64633.83984375,64334.76953125,64395.33984375,0,0.0,0.0
2026-07-29 11:00:00+00:00,64395.33984375,64522.87109375,64343.26953125,64437.0,0,0.0,0.0
2026-07-29 12:00:00+00:00,64434.94921875,64435.37890625,64150.0703125,64201.91015625,0,0.0,0.0
2026-07-29 13:00:00+00:00,64183.51171875,64590.4609375,64069.0,64590.4609375,0,0.0,0.0
2026-07-29 14:00:00+00:00,64611.87890625,64650.01171875,63966.62890625,64014.640625,0,0.0,0.0
2026-07-29 15:00:00+00:00,64014.6484375,64096.25,63790.0390625,63871.921875,0,0.0,0.0
2026-07-29 16:00:00+00:00,63877.0390625,64039.48828125,63538.73828125,63716.66015625,94453760,0.0,0.0
2026-07-29 17:00:00+00:00,63716.640625,64183.01171875,63622.609375,64183.01171875,0,0.0,0.0
2026-07-29 18:00:00+00:00,64332.87890625,64572.28125,63692.37890625,64421.51171875,2135263232,0.0,0.0
2026-07-29 19:00:00+00:00,64430.58984375,64521.94921875,63480.69140625,63527.94140625,1408081920,0.0,0.0
2026-07-29 20:00:00+00:00,63523.4296875,63663.51171875,63304.78125,63437.01171875,908242944,0.0,0.0
2026-07-29 21:00:00+00:00,63408.1015625,63778.19921875,63206.0,63778.19921875,862601216,0.0,0.0
2026-07-29 22:00:00+00:00,63778.4296875,64052.48046875,63778.4296875,63852.078125,503392256,0.0,0.0
2026-07-29 23:00:00+00:00,63863.609375,63985.73828125,63809.4609375,63897.578125,0,0.0,0.0
2026-07-30 00:00:00+00:00,63893.421875,64027.578125,63513.44140625,63600.6015625,22591488,0.0,0.0
2026-07-30 01:00:00+00:00,63636.609375,64274.671875,63600.58984375,64183.75,249057280,0.0,0.0
2026-07-30 02:00:00+00:00,64203.08984375,64333.73828125,64081.87890625,64103.3515625,0,0.0,0.0
2026-07-30 03:00:00+00:00,64103.33984375,64210.91015625,64046.109375,64071.421875,99842048,0.0,0.0
2026-07-30 04:00:00+00:00,64077.73828125,64095.359375,63916.75,63933.28125,0,0.0,0.0
2026-07-30 05:00:00+00:00,63927.98046875,64094.80859375,63822.01171875,63947.71875,102395904,0.0,0.0
2026-07-30 06:00:00+00:00,63947.578125,63997.12109375,63868.69921875,63915.30859375,0,0.0,0.0
2026-07-30 07:00:00+00:00,63915.30859375,64056.0,63855.16015625,63918.30859375,80875520,0.0,0.0
2026-07-30 08:00:00+00:00,63923.44140625,64266.0,63885.3203125,64211.87890625,373997568,0.0,0.0
2026-07-30 09:00:00+00:00,64211.87109375,64544.48828125,64188.140625,64480.5703125,1631981568,0.0,0.0
2026-07-30 10:00:00+00:00,64498.33984375,64546.921875,64472.2890625,64472.2890625,110753792,0.0,0.0
2026-07-30 11:00:00+00:00,64485.5,64789.94921875,64451.55859375,64700.83984375,462682112,0.0,0.0
2026-07-30 12:00:00+00:00,64720.51171875,64935.83984375,64697.76171875,64839.6015625,517560320,0.0,0.0
2026-07-30 13:00:00+00:00,64874.9609375,65113.578125,64601.44140625,64950.0,226985984,0.0,0.0
2026-07-30 14:00:00+00:00,64950.0,64979.55078125,64551.62109375,64614.51953125,285751296,0.0,0.0
2026-07-30 15:00:00+00:00,64609.03125,64824.16015625,64541.8203125,64658.41015625,0,0.0,0.0
2026-07-30 16:00:00+00:00,64661.640625,64895.8515625,64654.078125,64750.44140625,0,0.0,0.0
2026-07-30 17:00:00+00:00,64756.83984375,64925.6484375,64703.87890625,64809.66015625,0,0.0,0.0
2026-07-30 18:00:00+00:00,64809.66015625,64839.44921875,64619.9296875,64634.01953125,0,0.0,0.0
2026-07-30 19:00:00+00:00,64632.7109375,64839.80859375,64632.7109375,64727.51953125,0,0.0,0.0
2026-07-30 20:00:00+00:00,64723.73046875,64877.98828125,64691.8984375,64711.328125,0,0.0,0.0
2026-07-30 21:00:00+00:00,64711.328125,64743.44921875,64642.75,64670.6796875,0,0.0,0.0
2026-07-30 22:00:00+00:00,64652.23828125,64958.73828125,64601.44140625,64788.7890625,0,0.0,0.0
2026-07-30 23:00:00+00:00,64785.7109375,65028.9609375,64689.1484375,64721.890625,126167040,0.0,0.0
2026-07-31 00:00:00+00:00,64737.859375,64845.0,64629.19140625,64677.12109375,0,0.0,0.0
2026-07-31 01:00:00+00:00,64693.94921875,65329.5703125,64429.87109375,64493.6796875,526886912,0.0,0.0
2026-07-31 02:00:00+00:00,64482.98828125,64536.421875,64133.390625,64230.03125,440250368,0.0,0.0
2026-07-31 03:00:00+00:00,64230.03125,64368.01171875,64114.9609375,64296.76171875,181397504,0.0,0.0
2026-07-31 04:00:00+00:00,64290.140625,64366.25,64168.66015625,64240.0,0,0.0,0.0
2026-07-31 05:00:00+00:00,64239.46875,64351.80078125,64207.37890625,64290.12890625,0,0.0,0.0
2026-07-31 06:00:00+00:00,64286.828125,64429.1484375,64138.05859375,64171.0703125,133154816,0.0,0.0
2026-07-31 07:00:00+00:00,64160.66015625,64179.359375,63820.1015625,63872.109375,2426161152,0.0,0.0
2026-07-31 08:00:00+00:00,63835.3515625,63907.3984375,63741.76953125,63754.30078125,0,0.0,0.0
2026-07-31 09:00:00+00:00,63761.87109375,63775.8515625,63572.98828125,63646.69921875,0,0.0,0.0
2026-07-31 10:00:00+00:00,63632.359375,63889.01953125,63541.5390625,63850.421875,0,0.0,0.0
2026-07-31 11:00:00+00:00,63865.76171875,63945.3515625,63729.3984375,63738.73828125,0,0.0,0.0
2026-07-31 12:00:00+00:00,63756.5390625,63766.890625,63555.19921875,63677.859375,0,0.0,0.0
2026-07-31 13:00:00+00:00,63690.98828125,63761.94921875,63160.109375,63196.73828125,171573248,0.0,0.0
2026-07-31 14:00:00+00:00,63192.48046875,63230.73046875,62399.76171875,62598.01953125,2680758272,0.0,0.0
2026-07-31 15:00:00+00:00,62600.23046875,62673.03125,62390.7109375,62625.76171875,776017920,0.0,0.0
2026-07-31 16:00:00+00:00,62628.3984375,62865.609375,62616.1796875,62813.8515625,275097600,0.0,0.0
2026-07-31 17:00:00+00:00,62795.37890625,63228.078125,62728.4296875,63177.9609375,336611328,0.0,0.0
2026-07-31 18:00:00+00:00,63177.41015625,63235.4609375,62889.640625,63026.46875,563052544,0.0,0.0
2026-07-31 19:00:00+00:00,63026.46875,63089.6015625,62859.12890625,62891.890625,14292992,0.0,0.0
2026-07-31 20:00:00+00:00,62896.75,62968.4296875,62862.55859375,62892.3984375,0,0.0,0.0
2026-07-31 21:00:00+00:00,62892.41015625,62999.80859375,62781.859375,62895.69921875,127145984,0.0,0.0
2026-07-31 22:00:00+00:00,62886.6484375,62963.48828125,62804.08984375,62884.94140625,0,0.0,0.0
2026-07-31 23:00:00+00:00,62885.171875,62957.48828125,62804.08984375,62824.75,0,0.0,0.0
2026-08-01 00:00:00+00:00,62832.51953125,62962.3203125,62824.78125,62875.75,165044224,0.0,0.0
2026-08-01 01:00:00+00:00,62875.73828125,62929.8203125,62854.4296875,62903.0390625,0,0.0,0.0
2026-08-01 02:00:00+00:00,62903.0390625,63035.5703125,62903.0390625,63001.73828125,0,0.0,0.0
2026-08-01 03:00:00+00:00,63003.3984375,63011.26953125,62915.44140625,62938.5390625,0,0.0,0.0
2026-08-01 04:00:00+00:00,62937.51171875,63037.5703125,62931.37109375,63035.7109375,0,0.0,0.0
2026-08-01 05:00:00+00:00,63030.44921875,63071.69140625,62938.7890625,62965.76953125,0,0.0,0.0
2026-08-01 06:00:00+00:00,62971.62109375,63022.390625,62932.921875,63013.19921875,0,0.0,0.0
2026-08-01 07:00:00+00:00,63016.171875,63053.0,62970.01953125,62988.58984375,0,0.0,0.0
2026-08-01 08:00:00+00:00,62991.48828125,63093.0,62991.48828125,63061.33984375,0,0.0,0.0
2026-08-01 09:00:00+00:00,63061.48828125,63080.53125,62980.12890625,62993.2890625,0,0.0,0.0
2026-08-01 10:00:00+00:00,62990.828125,63044.44140625,62925.01171875,62999.44140625,0,0.0,0.0
2026-08-01 11:00:00+00:00,62991.25,63032.69921875,62973.46875,63016.46875,0,0.0,0.0
2026-08-01 12:00:00+00:00,63016.46875,63058.37109375,63013.33984375,63039.62109375,0,0.0,0.0
2026-08-01 13:00:00+00:00,63034.5703125,63044.6015625,62986.421875,63005.12109375,0,0.0,0.0
2026-08-01 14:00:00+00:00,63009.44921875,63068.9609375,63002.1796875,63066.23828125,0,0.0,0.0
2026-08-01 15:00:00+00:00,63066.1796875,63066.19140625,62938.8203125,62938.8203125,0,0.0,0.0
2026-08-01 16:00:00+00:00,62941.3984375,62959.23046875,62821.2890625,62879.1484375,0,0.0,0.0
2026-08-01 17:00:00+00:00,62875.44140625,62934.80078125,62604.5703125,62652.578125,0,0.0,0.0
2026-08-01 18:00:00+00:00,62638.66015625,62678.41015625,62222.6015625,62523.7890625,211333120,0.0,0.0
2026-08-01 19:00:00+00:00,62509.83984375,62568.921875,62398.9296875,62471.53125,186913792,0.0,0.0
2026-08-01 20:00:00+00:00,62455.078125,62615.2890625,62432.55859375,62604.921875,0,0.0,0.0
2026-08-01 21:00:00+00:00,62603.48828125,62803.12109375,62603.48828125,62761.359375,0,0.0,0.0
2026-08-01 22:00:00+00:00,62760.1484375,62810.51953125,62735.2890625,62765.359375,0,0.0,0.0
2026-08-01 23:00:00+00:00,62765.359375,62799.33984375,62709.3515625,62764.19921875,0,0.0,0.0
2026-08-02 00:00:00+00:00,62764.19921875,62909.2109375,62743.87890625,62775.0,0,0.0,0.0
2026-08-02 01:00:00+00:00,62782.51171875,63004.01953125,62782.05859375,62921.05078125,0,0.0,0.0
2026-08-02 02:00:00+00:00,62921.05078125,63480.0,62895.0,63381.98828125,956019712,0.0,0.0
2026-08-02 03:00:00+00:00,63390.5,63471.87890625,63306.5,63392.87109375,204731392,0.0,0.0
2026-08-02 04:00:00+00:00,63407.96875,63540.25,63407.96875,63519.609375,179216384,0.0,0.0
2026-08-02 05:00:00+00:00,63516.19921875,63561.75,63351.01953125,63396.19921875,0,0.0,0.0
2026-08-02 06:00:00+00:00,63396.19140625,63437.6796875,63368.80078125,63409.73828125,0,0.0,0.0
2026-08-02 07:00:00+00:00,63411.01171875,63473.78125,63408.87890625,63447.62109375,293088256,0.0,0.0
2026-08-02 08:00:00+00:00,63441.359375,63464.98828125,63105.6015625,63130.0390625,650278912,0.0,0.0
2026-08-02 09:00:00+00:00,63130.0390625,63251.28125,63017.19921875,63205.2109375,253876224,0.0,0.0
2026-08-02 10:00:00+00:00,63201.01171875,63207.2109375,63051.78125,63142.76953125,0,0.0,0.0
2026-08-02 11:00:00+00:00,63142.76171875,63142.76171875,62923.46875,62962.5,199538688,0.0,0.0
2026-08-02 12:00:00+00:00,62965.8515625,63162.8984375,62965.8515625,63062.08984375,47333376,0.0,0.0
2026-08-02 13:00:00+00:00,63050.01171875,63082.44140625,62933.76953125,63054.0,134451200,0.0,0.0
2026-08-02 14:00:00+00:00,63053.98828125,63099.359375,62991.51171875,63002.30078125,29817856,0.0,0.0
2026-08-02 15:00:00+00:00,63002.30859375,63100.0,62986.140625,63041.4296875,127488000,0.0,0.0
2026-08-02 16:00:00+00:00,63046.08984375,63189.83984375,63000.01171875,63104.859375,0,0.0,0.0
2026-08-02 17:00:00+00:00,63104.859375,63265.109375,63081.46875,63228.01171875,0,0.0,0.0
2026-08-02 18:00:00+00:00,63229.51171875,63529.1796875,63216.4296875,63307.6015625,0,0.0,0.0
2026-08-02 19:00:00+00:00,63302.171875,63401.12890625,63248.55078125,63380.1796875,0,0.0,0.0
2026-08-02 20:00:00+00:00,63387.75,63430.16015625,63325.73046875,63423.328125,0,0.0,0.0
2026-08-02 21:00:00+00:00,63425.87890625,63695.05078125,63405.0,63503.80859375,201224192,0.0,0.0
2026-08-02 22:00:00+00:00,63589.05078125,63730.48046875,63301.6796875,63351.05078125,661208064,0.0,0.0
2026-08-02 23:00:00+00:00,63329.62109375,63528.76171875,63267.03125,63499.48828125,340466688,0.0,0.0
2026-08-03 00:00:00+00:00,63503.98046875,63512.71875,63133.5703125,63245.98046875,64495616,0.0,0.0
2026-08-03 01:00:00+00:00,63237.0,63280.0703125,63034.5703125,63130.87890625,338775040,0.0,0.0
2026-08-03 02:00:00+00:00,63127.44921875,63200.19921875,63015.19140625,63081.3203125,0,0.0,0.0
2026-08-03 03:00:00+00:00,63058.640625,63089.16015625,62714.109375,62780.0,76901376,0.0,0.0
2026-08-03 04:00:00+00:00,62781.0,62915.96875,62695.91015625,62707.78125,36328448,0.0,0.0
2026-08-03 05:00:00+00:00,62714.62890625,62789.30078125,62665.30859375,62743.53125,266765312,0.0,0.0
2026-08-03 06:00:00+00:00,62744.98828125,62784.91015625,62529.44921875,62542.5,445596672,0.0,0.0
2026-08-03 07:00:00+00:00,62542.62890625,62614.75,62470.0,62530.71875,807680000,0.0,0.0
2026-08-03 08:00:00+00:00,62537.58984375,62562.03125,62210.1484375,62457.578125,93111296,0.0,0.0
2026-08-03 09:00:00+00:00,62476.80078125,62778.421875,62439.140625,62749.359375,248924160,0.0,0.0
2026-08-03 10:00:00+00:00,62748.109375,62777.58984375,62535.55078125,62656.0,302209024,0.0,0.0
2026-08-03 11:00:00+00:00,62658.0703125,62697.55859375,62457.26171875,62476.98828125,0,0.0,0.0
2026-08-03 12:00:00+00:00,62480.0390625,62709.46875,62365.01171875,62620.55078125,359346176,0.0,0.0
2026-08-03 13:00:00+00:00,62617.328125,63310.1796875,62476.1015625,63292.80078125,917499904,0.0,0.0
2026-08-03 14:00:00+00:00,63243.44140625,63899.078125,63073.51171875,63891.19921875,2704281600,0.0,0.0
2026-08-03 15:00:00+00:00,63913.6015625,63913.6015625,63579.171875,63627.73046875,1932472320,0.0,0.0
2026-08-03 16:00:00+00:00,63628.578125,63883.5703125,63591.1484375,63707.23828125,983930880,0.0,0.0
2026-08-03 17:00:00+00:00,63707.53125,63994.859375,63650.0,63852.75,359000064,0.0,0.0
2026-08-03 18:00:00+00:00,63852.76171875,63933.1015625,63702.1015625,63811.73828125,150755328,0.0,0.0
2026-08-03 19:00:00+00:00,63820.21875,64018.8984375,63787.51171875,63812.5703125,352862208,0.0,0.0
2026-08-03 20:00:00+00:00,63824.62109375,63974.0390625,63709.80078125,63732.8984375,332605440,0.0,0.0
2026-08-03 21:00:00+00:00,63732.8984375,63735.0,63497.08984375,63540.41015625,217763840,0.0,0.0
2026-08-03 22:00:00+00:00,63528.828125,63616.0,63341.640625,63553.44921875,0,0.0,0.0
2026-08-03 23:00:00+00:00,63550.109375,63560.1796875,63402.01171875,63466.51171875,81174528,0.0,0.0
2026-08-04 00:00:00+00:00,63475.55078125,63526.73046875,63268.01171875,63291.5,0,0.0,0.0
2026-08-04 01:00:00+00:00,63299.421875,63842.9609375,63299.421875,63782.2890625,389627904,0.0,0.0
2026-08-04 02:00:00+00:00,63806.41015625,63883.05859375,63621.25,63758.98828125,334237696,0.0,0.0
2026-08-04 03:00:00+00:00,63758.98828125,63800.94140625,63595.0390625,63729.05078125,0,0.0,0.0
2026-08-04 04:00:00+00:00,63727.75,64164.0,63696.73828125,63975.44921875,436447232,0.0,0.0
2026-08-04 05:00:00+00:00,63979.19921875,63993.078125,63736.75,63768.8515625,0,0.0,0.0
2026-08-04 06:00:00+00:00,63752.1484375,63805.41015625,63592.69921875,63607.16015625,0,0.0,0.0
2026-08-04 07:00:00+00:00,63607.16015625,63687.28125,63437.01171875,63617.41015625,0,0.0,0.0
2026-08-04 08:00:00+00:00,63621.0,63683.828125,63500.0,63514.76953125,0,0.0,0.0
2026-08-04 09:00:00+00:00,63508.5,63536.8203125,63450.76953125,63534.578125,0,0.0,0.0
2026-08-04 10:00:00+00:00,63504.62109375,63774.359375,63382.671875,63694.1484375,354342912,0.0,0.0
2026-08-04 11:00:00+00:00,63701.140625,63884.5703125,63644.7890625,63853.3203125,0,0.0,0.0
2026-08-04 12:00:00+00:00,63834.2890625,63965.0,63714.01171875,63840.640625,296318976,0.0,0.0
2026-08-04 13:00:00+00:00,63837.4609375,64032.94140625,63589.8515625,63616.578125,0,0.0,0.0
2026-08-04 14:00:00+00:00,63614.48828125,64125.890625,63546.33984375,64065.0,0,0.0,0.0
2026-08-04 15:00:00+00:00,64087.19921875,64181.8515625,63750.01171875,64064.7109375,0,0.0,0.0
2026-08-04 16:00:00+00:00,64076.9296875,64079.9609375,63842.3984375,63899.7109375,0,0.0,0.0
2026-08-04 17:00:00+00:00,63899.7109375,64128.0703125,63852.51953125,63922.37109375,14921728,0.0,0.0
2026-08-04 18:00:00+00:00,63917.140625,64360.1484375,63917.140625,64261.41015625,467316736,0.0,0.0
2026-08-04 19:00:00+00:00,64263.05078125,64358.3984375,64182.671875,64182.671875,0,0.0,0.0
2026-08-04 20:00:00+00:00,64208.921875,64366.8515625,63965.75,64299.078125,314683392,0.0,0.0
2026-08-04 21:00:00+00:00,64299.078125,64299.078125,64128.328125,64148.51171875,0,0.0,0.0
2026-08-04 22:00:00+00:00,64142.30078125,64243.671875,64083.4296875,64221.8203125,0,0.0,0.0
2026-08-04 23:00:00+00:00,64222.0,64473.6015625,64042.03125,64050.51171875,225824768,0.0,0.0
2026-08-05 00:00:00+00:00,64041.6015625,64140.890625,63928.3984375,63947.37109375,137392128,0.0,0.0
2026-08-05 01:00:00+00:00,63946.98828125,64297.390625,63897.6015625,64284.7890625,0,0.0,0.0
2026-08-05 02:00:00+00:00,64291.19140625,64456.6484375,64279.16015625,64315.94921875,61159424,0.0,0.0
2026-08-05 03:00:00+00:00,64315.94921875,64396.78125,64007.421875,64128.0,206305280,0.0,0.0
2026-08-05 04:00:00+00:00,64128.0,64165.76953125,64035.2109375,64113.96875,0,0.0,0.0
2026-08-05 05:00:00+00:00,64111.0,64470.140625,64102.94140625,64275.21875,0,0.0,0.0
2026-08-05 06:00:00+00:00,64276.9609375,64319.3984375,64173.0,64199.30859375,191909888,0.0,0.0
2026-08-05 07:00:00+00:00,64199.30078125,64220.5390625,63946.078125,64109.98046875,0,0.0,0.0
2026-08-05 08:00:00+00:00,64109.96875,64215.9609375,64035.0,64063.03125,205142016,0.0,0.0
2026-08-05 09:00:00+00:00,64063.03125,64152.41015625,64038.4296875,64097.26953125,0,0.0,0.0
2026-08-05 10:00:00+00:00,64097.28125,64182.76953125,63960.0703125,64004.26953125,0,0.0,0.0
2026-08-05 11:00:00+00:00,64005.19140625,64092.890625,63987.51171875,64018.2890625,0,0.0,0.0
2026-08-05 12:00:00+00:00,64018.2890625,64525.55859375,64003.109375,64277.0390625,583636992,0.0,0.0
2026-08-05 13:00:00+00:00,64277.05078125,64361.23828125,63821.55078125,64361.23828125,115902464,0.0,0.0
2026-08-05 14:00:00+00:00,64355.33984375,64535.25,64242.1015625,64426.83984375,58828800,0.0,0.0
2026-08-05 15:00:00+00:00,64434.26953125,64697.01953125,64324.8984375,64328.25,0,0.0,0.0
2026-08-05 16:00:00+00:00,64328.26171875,64707.94140625,64328.26171875,64606.01953125,234237952,0.0,0.0
2026-08-05 17:00:00+00:00,64615.37890625,64737.98046875,64474.51171875,64695.3515625,0,0.0,0.0
2026-08-05 18:00:00+00:00,64694.25,64788.12109375,64599.640625,64741.109375,0,0.0,0.0
2026-08-05 19:00:00+00:00,64727.55859375,64883.3984375,64719.44921875,64794.62890625,52594688,0.0,0.0
2026-08-05 20:00:00+00:00,64817.2890625,64954.28125,64750.5,64778.6015625,0,0.0,0.0
2026-08-05 21:00:00+00:00,64779.828125,64779.828125,64600.0,64671.6796875,264816640,0.0,0.0
2026-08-05 22:00:00+00:00,64674.328125,64725.921875,64566.76953125,64573.53125,84234240,0.0,0.0
2026-08-05 23:00:00+00:00,64557.078125,64692.3984375,64524.19921875,64597.859375,0,0.0,0.0
2026-08-06 00:00:00+00:00,64603.609375,64651.66015625,64510.23828125,64582.30078125,0,0.0,0.0
2026-08-06 01:00:00+00:00,64578.1484375,64599.2109375,64431.671875,64520.62109375,0,0.0,0.0
2026-08-06 02:00:00+00:00,64520.62109375,64587.83984375,64386.75,64516.6796875,0,0.0,0.0
2026-08-06 03:00:00+00:00,64516.671875,64524.98828125,64431.0,64470.01171875,0,0.0,0.0
2026-08-06 04:00:00+00:00,64470.0,64674.5703125,64433.91015625,64666.2890625,83888128,0.0,0.0
2026-08-06 05:00:00+00:00,64674.0703125,64934.7890625,64669.44921875,64845.37890625,289581056,0.0,0.0
2026-08-06 06:00:00+00:00,64846.80078125,64846.80078125,64683.5390625,64798.08984375,0,0.0,0.0
2026-08-06 07:00:00+00:00,64793.94140625,64891.671875,64708.6484375,64744.41015625,37390336,0.0,0.0
2026-08-06 08:00:00+00:00,64744.76171875,64934.390625,64685.53125,64873.6015625,0,0.0,0.0
2026-08-06 09:00:00+00:00,64875.23046875,64877.48828125,64570.91015625,64615.94140625,346519552,0.0,0.0
2026-08-06 10:00:00+00:00,64615.9296875,64618.98828125,64515.46875,64546.7890625,0,0.0,0.0
2026-08-06 11:00:00+00:00,64558.19140625,64582.44921875,64438.3984375,64552.62109375,291227648,0.0,0.0
2026-08-06 12:00:00+00:00,64546.80078125,64560.0,64334.9296875,64346.01171875,0,0.0,0.0
2026-08-06 13:00:00+00:00,64337.80859375,64448.94921875,64091.3203125,64360.51953125,0,0.0,0.0
2026-08-06 14:00:00+00:00,64354.078125,64774.69921875,64285.8203125,64709.55078125,0,0.0,0.0
2026-08-06 15:00:00+00:00,64716.51171875,64925.44921875,64570.921875,64570.921875,0,0.0,0.0
2026-08-06 16:00:00+00:00,64570.94140625,64713.859375,64531.25,64690.12890625,0,0.0,0.0
2026-08-06 17:00:00+00:00,64699.94140625,64779.71875,64486.91015625,64557.16015625,0,0.0,0.0
2026-08-06 18:00:00+00:00,64558.98828125,64558.98828125,64314.0,64356.3515625,0,0.0,0.0
2026-08-06 19:00:00+00:00,64357.98828125,64422.12890625,64306.9296875,64397.94921875,0,0.0,0.0
2026-08-06 20:00:00+00:00,64396.69921875,64483.69921875,64381.3984375,64381.3984375,0,0.0,0.0
2026-08-06 21:00:00+00:00,64383.9296875,64461.1015625,64341.828125,64388.37109375,0,0.0,0.0
2026-08-06 22:00:00+00:00,64388.37109375,64397.12890625,64267.0,64296.37890625,0,0.0,0.0
2026-08-06 23:00:00+00:00,64285.94921875,64310.96875,64132.23828125,64267.30078125,0,0.0,0.0
2026-08-07 00:00:00+00:00,64262.1484375,64356.23046875,64170.41015625,64258.8203125,0,0.0,0.0
2026-08-07 01:00:00+00:00,64270.41015625,64416.94140625,64241.46875,64364.25,0,0.0,0.0
2026-08-07 02:00:00+00:00,64354.53125,64477.1484375,64192.30078125,64337.96875,3074048,0.0,0.0
2026-08-07 03:00:00+00:00,64337.98046875,64351.28125,64200.0,64234.48046875,0,0.0,0.0
2026-08-07 04:00:00+00:00,64225.66015625,64308.2109375,64113.9296875,64191.671875,7251968,0.0,0.0
2026-08-07 05:00:00+00:00,64191.671875,64345.76953125,64112.26953125,64276.05859375,0,0.0,0.0
2026-08-07 06:00:00+00:00,64269.6796875,64413.0,64225.33984375,64254.3984375,170334208,0.0,0.0
2026-08-07 07:00:00+00:00,64241.46875,64377.05078125,64206.98828125,64264.19921875,0,0.0,0.0
2026-08-07 08:00:00+00:00,64257.62890625,64619.83984375,64239.5390625,64552.890625,54499328,0.0,0.0
2026-08-07 09:00:00+00:00,64552.890625,64920.0,64552.890625,64794.05859375,382791680,0.0,0.0
2026-08-07 10:00:00+00:00,64817.73046875,64874.01953125,64758.1796875,64849.23828125,353634304,0.0,0.0
2026-08-07 11:00:00+00:00,64856.98828125,65164.2109375,64845.0,64975.62890625,352909312,0.0,0.0
2026-08-07 12:00:00+00:00,64982.01953125,65348.23828125,64935.55859375,65248.75,1301786624,0.0,0.0
2026-08-07 13:00:00+00:00,65254.12109375,65292.83984375,64951.19921875,64964.58984375,574025728,0.0,0.0
2026-08-07 14:00:00+00:00,64950.0390625,65228.76171875,64735.37890625,64902.0,572766208,0.0,0.0
2026-08-07 15:00:00+00:00,64915.5,65077.8515625,64850.01953125,64858.44140625,0,0.0,0.0
2026-08-07 16:00:00+00:00,64877.0,65026.05859375,64758.0703125,64758.078125,3729408,0.0,0.0
2026-08-07 17:00:00+00:00,64755.109375,64774.69921875,64470.01953125,64713.2890625,424923136,0.0,0.0
2026-08-07 18:00:00+00:00,64711.12890625,64837.671875,64626.94921875,64689.7109375,19681280,0.0,0.0
2026-08-07 19:00:00+00:00,64697.73046875,64992.078125,64693.01953125,64913.921875,82950144,0.0,0.0
2026-08-07 20:00:00+00:00,64917.91015625,64991.53125,64906.5703125,64935.71875,244441088,0.0,0.0
2026-08-07 21:00:00+00:00,64935.71875,65058.12109375,64892.8515625,64895.73046875,0,0.0,0.0
2026-08-07 22:00:00+00:00,64895.73046875,64916.5390625,64815.7890625,64852.171875,172249088,0.0,0.0
2026-08-07 23:00:00+00:00,64851.44140625,64896.48046875,64841.44921875,64891.6015625,49770496,0.0,0.0
2026-08-08 00:00:00+00:00,64891.609375,64925.96875,64789.890625,64888.16015625,73015296,0.0,0.0
2026-08-08 01:00:00+00:00,64884.359375,64924.23046875,64868.8515625,64868.859375,0,0.0,0.0
2026-08-08 02:00:00+00:00,64868.859375,64924.3515625,64855.19140625,64888.12109375,0,0.0,0.0
2026-08-08 03:00:00+00:00,64888.078125,65035.55859375,64880.0,64989.859375,94937088,0.0,0.0
2026-08-08 04:00:00+00:00,64989.859375,65028.37109375,64925.01171875,64974.140625,0,0.0,0.0
2026-08-08 05:00:00+00:00,64973.640625,64986.25,64933.8515625,64961.0,81999872,0.0,0.0
2026-08-08 06:00:00+00:00,64961.01171875,64981.78125,64921.73046875,64968.73046875,0,0.0,0.0
2026-08-08 07:00:00+00:00,64965.5,64973.55859375,64900.01953125,64928.80078125,0,0.0,0.0
2026-08-08 08:00:00+00:00,64915.828125,64979.0,64913.8515625,64957.71875,0,0.0,0.0
2026-08-08 09:00:00+00:00,64957.71875,65014.2890625,64949.73046875,64955.2890625,0,0.0,0.0
2026-08-08 10:00:00+00:00,64955.2890625,64986.828125,64950.140625,64966.6796875,0,0.0,0.0
2026-08-08 11:00:00+00:00,64966.6796875,64991.98828125,64914.69921875,64922.83984375,0,0.0,0.0
2026-08-08 12:00:00+00:00,64921.87109375,64999.44921875,64880.0,64960.890625,0,0.0,0.0
2026-08-08 13:00:00+00:00,64960.91015625,64981.0,64954.12109375,64973.609375,0,0.0,0.0
2026-08-08 14:00:00+00:00,64973.609375,65148.921875,64968.4296875,65082.73828125,0,0.0,0.0
2026-08-08 15:00:00+00:00,65091.2109375,65109.3203125,65013.828125,65029.66015625,0,0.0,0.0
2026-08-08 16:00:00+00:00,65029.671875,65073.05859375,64990.390625,65039.98828125,0,0.0,0.0
2026-08-08 17:00:00+00:00,65040.0,65107.98046875,65028.05078125,65073.140625,0,0.0,0.0
2026-08-08 18:00:00+00:00,65073.12890625,65083.1484375,64979.0,64992.8515625,0,0.0,0.0
2026-08-08 19:00:00+00:00,64992.8515625,65040.69921875,64964.859375,65025.421875,0,0.0,0.0
2026-08-08 20:00:00+00:00,65025.41015625,65045.390625,65011.58984375,65032.1796875,0,0.0,0.0
2026-08-08 21:00:00+00:00,65032.1796875,65035.46875,64941.078125,64968.03125,143378432,0.0,0.0
2026-08-08 22:00:00+00:00,64978.98828125,64994.98828125,64892.51171875,64892.51171875,31205376,0.0,0.0
2026-08-08 23:00:00+00:00,64892.51171875,64922.921875,64881.890625,64908.71875,0,0.0,0.0
2026-08-09 00:00:00+00:00,64908.71875,64939.1796875,64899.26171875,64922.078125,0,0.0,0.0
2026-08-09 01:00:00+00:00,64919.01953125,64950.01171875,64790.4609375,64806.0,0,0.0,0.0
2026-08-09 02:00:00+00:00,64806.23046875,64809.140625,64725.01953125,64770.0703125,4036608,0.0,0.0
2026-08-09 03:00:00+00:00,64767.51171875,64767.51171875,64675.21875,64734.96875,0,0.0,0.0
2026-08-09 04:00:00+00:00,64734.96875,64779.390625,64724.0390625,64735.4296875,0,0.0,0.0
2026-08-09 05:00:00+00:00,64735.33984375,64754.3203125,64717.51171875,64754.3203125,0,0.0,0.0
2026-08-09 06:00:00+00:00,64754.3203125,64813.8984375,64741.78125,64792.8984375,1116160,0.0,0.0
2026-08-09 07:00:00+00:00,64792.91015625,64803.2109375,64763.98046875,64770.87109375,297702400,0.0,0.0
2026-08-09 08:00:00+00:00,64770.87109375,64880.96875,64736.46875,64770.0703125,319245312,0.0,0.0
2026-08-09 09:00:00+00:00,64770.0703125,64832.30859375,64759.55078125,64832.30859375,0,0.0,0.0
2026-08-09 10:00:00+00:00,64832.30859375,64930.359375,64829.6796875,64905.4609375,182960128,0.0,0.0
2026-08-09 11:00:00+00:00,64905.4609375,64957.16015625,64895.75,64899.96875,0,0.0,0.0
2026-08-09 12:00:00+00:00,64893.87890625,64906.58984375,64866.16015625,64906.58984375,0,0.0,0.0
2026-08-09 13:00:00+00:00,64906.58984375,65209.5,64906.58984375,65178.6796875,284931072,0.0,0.0
2026-08-09 14:00:00+00:00,65178.6796875,65252.9609375,65100.3984375,65214.2890625,0,0.0,0.0
2026-08-09 15:00:00+00:00,65220.0,65220.0,65156.0390625,65174.98828125,137942016,0.0,0.0
2026-08-09 16:00:00+00:00,65175.73046875,65218.83984375,65132.2109375,65181.96875,48659456,0.0,0.0
2026-08-09 17:00:00+00:00,65181.96875,65191.6484375,65142.0,65142.0,0,0.0,0.0
2026-08-09 18:00:00+00:00,65142.01171875,65174.0703125,65138.28125,65147.12109375,0,0.0,0.0
2026-08-09 19:00:00+00:00,65147.12890625,65169.98828125,65130.03125,65130.73828125,0,0.0,0.0
2026-08-09 20:00:00+00:00,65140.48828125,65140.5,65028.16015625,65095.5703125,34034688,0.0,0.0
2026-08-09 21:00:00+00:00,65095.578125,65196.8203125,65077.53125,65143.69921875,126631936,0.0,0.0
2026-08-09 22:00:00+00:00,65160.359375,65398.26953125,64921.8984375,65023.078125,0,0.0,0.0
2026-08-09 23:00:00+00:00,65013.8203125,65056.421875,64788.671875,64848.69140625,979812352,0.0,0.0
2026-08-10 00:00:00+00:00,64839.01171875,65245.4609375,64772.66015625,64916.98046875,423720960,0.0,0.0
2026-08-10 01:00:00+00:00,64921.66015625,65330.140625,64845.578125,65146.8515625,177770496,0.0,0.0
2026-08-10 02:00:00+00:00,65163.609375,65165.3984375,64852.23828125,65043.01953125,141419520,0.0,0.0
2026-08-10 03:00:00+00:00,65047.94921875,65115.4609375,64852.30859375,64921.08984375,225532928,0.0,0.0
2026-08-10 04:00:00+00:00,64912.37109375,65038.171875,64863.171875,64950.76953125,261892096,0.0,0.0
2026-08-10 05:00:00+00:00,64942.69921875,65104.46875,64924.69921875,65085.6015625,25053184,0.0,0.0
2026-08-10 06:00:00+00:00,65087.578125,65283.0703125,65076.73828125,65248.078125,255106048,0.0,0.0
2026-08-10 07:00:00+00:00,65254.109375,65319.26953125,65141.66015625,65149.83984375,217287680,0.0,0.0
2026-08-10 08:00:00+00:00,65152.609375,65277.2890625,65138.171875,65190.3515625,0,0.0,0.0
2026-08-10 09:00:00+00:00,65182.98828125,65182.98828125,64897.55859375,64907.6484375,368641024,0.0,0.0
2026-08-10 10:00:00+00:00,64906.3515625,65012.3515625,64903.9609375,64956.26171875,232712192,0.0,0.0
2026-08-10 11:00:00+00:00,64960.98046875,65080.3515625,64910.73828125,65069.4609375,6216704,0.0,0.0
2026-08-10 12:00:00+00:00,65061.140625,65182.26171875,64794.75,64817.1015625,535363584,0.0,0.0
2026-08-10 13:00:00+00:00,64805.69921875,64915.7109375,64446.7109375,64494.73046875,1122759680,0.0,0.0
2026-08-10 14:00:00+00:00,64471.6484375,64840.55859375,64471.6484375,64562.76171875,938384384,0.0,0.0
2026-08-10 15:00:00+00:00,64564.12109375,64651.4296875,64145.98828125,64235.8515625,1014921216,0.0,0.0
2026-08-10 16:00:00+00:00,64174.01171875,64298.71875,63758.48828125,63833.921875,1191725056,0.0,0.0
2026-08-10 17:00:00+00:00,63863.30078125,63948.94921875,63759.66015625,63884.98046875,1634191360,0.0,0.0
2026-08-10 18:00:00+00:00,63884.98828125,63947.62890625,63739.28125,63815.8984375,1308930048,0.0,0.0
2026-08-10 19:00:00+00:00,63815.91015625,64033.03125,63810.25,63975.87890625,332916736,0.0,0.0
2026-08-10 20:00:00+00:00,63978.66015625,64126.4609375,63947.62890625,64096.859375,111267840,0.0,0.0
2026-08-10 21:00:00+00:00,64092.01171875,64092.01171875,63910.3984375,63910.421875,0,0.0,0.0
2026-08-10 22:00:00+00:00,63910.16015625,63997.0,63873.3515625,63959.7109375,0,0.0,0.0
2026-08-10 23:00:00+00:00,63959.7109375,63963.01171875,63854.8984375,63911.87890625,0,0.0,0.0
2026-08-11 00:00:00+00:00,63911.87109375,63989.96875,63830.28125,63972.08984375,0,0.0,0.0
2026-08-11 01:00:00+00:00,63970.9296875,64013.3984375,63891.69921875,63993.25,54255616,0.0,0.0
2026-08-11 02:00:00+00:00,63987.08984375,64024.48046875,63957.83984375,63978.05078125,0,0.0,0.0
2026-08-11 03:00:00+00:00,63979.8984375,64110.08984375,63979.8984375,64074.71875,0,0.0,0.0
2026-08-11 04:00:00+00:00,64072.01171875,64094.37109375,63960.2109375,63960.2109375,99895296,0.0,0.0
2026-08-11 05:00:00+00:00,63955.55859375,63992.19140625,63889.578125,63926.890625,148107264,0.0,0.0
2026-08-11 06:00:00+00:00,63926.890625,63985.30859375,63798.2109375,63897.94140625,0,0.0,0.0
2026-08-11 07:00:00+00:00,63897.94140625,64049.28125,63836.55078125,63999.171875,86181888,0.0,0.0
2026-08-11 08:00:00+00:00,64004.1796875,64084.19921875,63975.0,64073.8515625,0,0.0,0.0
2026-08-11 09:00:00+00:00,64073.859375,64242.44921875,64059.4296875,64242.44921875,0,0.0,0.0
2026-08-11 10:00:00+00:00,64244.2109375,64253.01953125,64141.359375,64171.171875,150532096,0.0,0.0
2026-08-11 11:00:00+00:00,64202.30859375,64347.55859375,64194.69140625,64327.171875,349552640,0.0,0.0
2026-08-11 12:00:00+00:00,64347.890625,64434.7109375,64229.6015625,64266.51953125,101439488,0.0,0.0
2026-08-11 13:00:00+00:00,64263.28125,64315.8515625,63988.078125,64139.98828125,5517312,0.0,0.0
2026-08-11 14:00:00+00:00,64129.921875,64202.30859375,63651.12890625,63713.9609375,72439808,0.0,0.0
2026-08-11 15:00:00+00:00,63691.51171875,63812.98046875,63386.859375,63541.37109375,464998400,0.0,0.0
2026-08-11 16:00:00+00:00,63486.03125,63594.140625,63392.41015625,63440.58984375,0,0.0,0.0
2026-08-11 17:00:00+00:00,63438.71875,63567.37890625,63390.51171875,63537.12109375,0,0.0,0.0
2026-08-11 18:00:00+00:00,63524.12890625,63562.23046875,63203.1484375,63305.7890625,0,0.0,0.0
2026-08-11 19:00:00+00:00,63304.8203125,63479.44140625,63173.62890625,63477.96875,0,0.0,0.0
2026-08-11 20:00:00+00:00,63476.0,63691.421875,63469.421875,63682.16015625,271638528,0.0,0.0
2026-08-11 21:00:00+00:00,63675.23046875,63700.6484375,63553.8984375,63615.578125,12924928,0.0,0.0
2026-08-11 22:00:00+00:00,63624.53125,63710.96875,63558.6484375,63604.66015625,44627968,0.0,0.0
2026-08-11 23:00:00+00:00,63604.66015625,63604.66015625,63480.1015625,63531.75,2052096,0.0,0.0
2026-08-12 00:00:00+00:00,63525.109375,63687.94921875,63466.08984375,63685.0390625,0,0.0,0.0
2026-08-12 01:00:00+00:00,63685.0390625,63798.55078125,63628.44140625,63760.8984375,0,0.0,0.0
2026-08-12 02:00:00+00:00,63775.578125,63847.96875,63665.76171875,63687.94921875,716976128,0.0,0.0
2026-08-12 03:00:00+00:00,63694.98828125,63784.01953125,63638.53125,63762.01953125,40464384,0.0,0.0
2026-08-12 04:00:00+00:00,63766.41015625,63829.98828125,63670.25,63713.62109375,0,0.0,0.0
2026-08-12 05:00:00+00:00,63713.62109375,63809.87109375,63663.87890625,63786.76953125,420454400,0.0,0.0
2026-08-12 06:00:00+00:00,63780.109375,63780.109375,63534.01171875,63650.69140625,265777152,0.0,0.0
2026-08-12 07:00:00+00:00,63652.0703125,63767.0390625,63570.51171875,63767.03125,84150272,0.0,0.0
2026-08-12 08:00:00+00:00,63767.578125,63798.8203125,63705.6015625,63730.5,271355904,0.0,0.0
2026-08-12 09:00:00+00:00,63730.96875,64052.33984375,63698.3984375,64052.33984375,109529088,0.0,0.0
2026-08-12 10:00:00+00:00,64054.7890625,64154.01171875,64002.640625,64079.98828125,597952512,0.0,0.0
2026-08-12 11:00:00+00:00,64096.05859375,64189.3984375,64054.578125,64175.8984375,0,0.0,0.0
2026-08-12 12:00:00+00:00,64187.48828125,64383.83984375,63921.0,64066.44140625,1067313152,0.0,0.0
2026-08-12 13:00:00+00:00,64067.23828125,64099.98828125,63770.890625,63780.55859375,0,0.0,0.0
2026-08-12 14:00:00+00:00,63743.109375,63848.1015625,63287.7109375,63296.7109375,279646208,0.0,0.0
2026-08-12 15:00:00+00:00,63296.69921875,63501.6015625,63248.91015625,63368.640625,0,0.0,0.0
2026-08-12 16:00:00+00:00,63367.25,63512.69921875,63283.6796875,63427.44921875,0,0.0,0.0
2026-08-12 17:00:00+00:00,63424.5703125,63485.078125,63335.0,63398.8203125,0,0.0,0.0
2026-08-12 18:00:00+00:00,63385.55859375,63453.58984375,63300.1796875,63309.609375,0,0.0,0.0
2026-08-12 19:00:00+00:00,63305.44921875,63395.12890625,63241.171875,63345.71875,0,0.0,0.0
2026-08-12 20:00:00+00:00,63350.76953125,63535.46875,63349.2109375,63535.46875,0,0.0,0.0
2026-08-12 21:00:00+00:00,63537.0,63577.5703125,63356.44140625,63403.19140625,51781632,0.0,0.0
2026-08-12 22:00:00+00:00,63392.3984375,63473.76953125,63297.51953125,63361.5703125,76079104,0.0,0.0
2026-08-12 23:00:00+00:00,63361.578125,63417.109375,63305.140625,63413.05859375,517941248,0.0,0.0
2026-08-13 00:00:00+00:00,63406.80078125,63633.66015625,63392.3984375,63489.83984375,232583168,0.0,0.0
2026-08-13 01:00:00+00:00,63487.30078125,63567.46875,63309.0,63385.51171875,0,0.0,0.0
2026-08-13 02:00:00+00:00,63381.609375,63514.80859375,63303.73046875,63479.05078125,342726656,0.0,0.0
2026-08-13 03:00:00+00:00,63478.76171875,63614.7109375,63445.48046875,63580.26171875,18593792,0.0,0.0
2026-08-13 04:00:00+00:00,63580.26171875,63698.6796875,63526.6015625,63627.44921875,0,0.0,0.0
2026-08-13 05:00:00+00:00,63624.390625,63947.6015625,63599.828125,63806.0,0,0.0,0.0
2026-08-13 06:00:00+00:00,63805.6015625,63875.76171875,63693.80078125,63875.76171875,0,0.0,0.0
2026-08-13 07:00:00+00:00,63879.19921875,63882.75,63788.23046875,63803.98046875,270321664,0.0,0.0
2026-08-13 08:00:00+00:00,63803.12890625,63853.19140625,63675.12109375,63708.01953125,3221504,0.0,0.0
2026-08-13 09:00:00+00:00,63709.19921875,63728.05078125,63516.44921875,63718.12109375,0,0.0,0.0
2026-08-13 10:00:00+00:00,63718.140625,63757.78125,63519.12109375,63582.41015625,0,0.0,0.0
2026-08-13 11:00:00+00:00,63582.3984375,63593.25,63273.921875,63414.8984375,0,0.0,0.0
2026-08-13 12:00:00+00:00,63414.8984375,63637.87109375,63371.94140625,63621.640625,0,0.0,0.0
2026-08-13 13:00:00+00:00,63624.51953125,63784.16015625,63482.71875,63653.0390625,0,0.0,0.0
2026-08-13 14:00:00+00:00,63658.94140625,63931.23828125,63613.51171875,63801.51171875,0,0.0,0.0
2026-08-13 15:00:00+00:00,63798.41015625,63877.140625,63358.12109375,63358.12109375,0,0.0,0.0
2026-08-13 16:00:00+00:00,63354.5,63508.53125,62782.2109375,63092.44140625,1650429952,0.0,0.0
2026-08-13 17:00:00+00:00,63033.4296875,63229.80078125,63004.0,63070.01953125,0,0.0,0.0
2026-08-13 18:00:00+00:00,63064.6484375,63303.140625,63037.80859375,63235.828125,0,0.0,0.0
2026-08-13 19:00:00+00:00,63239.98046875,63441.6484375,63239.98046875,63335.078125,0,0.0,0.0
2026-08-13 20:00:00+00:00,63339.4609375,63407.26953125,63301.19140625,63349.1796875,0,0.0,0.0
2026-08-13 21:00:00+00:00,63335.80078125,63440.16015625,63327.33984375,63409.171875,0,0.0,0.0
2026-08-13 22:00:00+00:00,63409.1796875,63581.37890625,63406.28125,63463.33984375,298012672,0.0,0.0
2026-08-13 23:00:00+00:00,63468.1796875,63475.44921875,63330.30859375,63425.3515625,0,0.0,0.0
2026-08-14 00:00:00+00:00,63427.23828125,63492.12109375,63343.41015625,63480.94140625,0,0.0,0.0
2026-08-14 01:00:00+00:00,63474.0,63527.359375,63395.01953125,63511.08984375,0,0.0,0.0
2026-08-14 02:00:00+00:00,63512.87890625,63555.0,63403.83984375,63403.83984375,118896640,0.0,0.0
2026-08-14 03:00:00+00:00,63401.0,63516.51953125,63238.5,63246.69140625,0,0.0,0.0
2026-08-14 04:00:00+00:00,63243.0703125,63405.87890625,63213.12890625,63307.140625,323325952,0.0,0.0
2026-08-14 05:00:00+00:00,63307.140625,63334.3984375,63213.12109375,63314.5,0,0.0,0.0
2026-08-14 06:00:00+00:00,63314.51953125,63314.51953125,62883.1796875,62904.2890625,171321344,0.0,0.0
2026-08-14 07:00:00+00:00,62903.16015625,63042.828125,62847.078125,62848.6796875,421163008,0.0,0.0
2026-08-14 08:00:00+00:00,62848.6796875,62915.73828125,62624.390625,62868.390625,822470656,0.0,0.0
2026-08-14 09:00:00+00:00,62871.55859375,62871.55859375,62674.98828125,62722.6484375,116989952,0.0,0.0
2026-08-14 10:00:00+00:00,62718.2109375,62873.5390625,62669.73046875,62746.12890625,278519808,0.0,0.0
2026-08-14 11:00:00+00:00,62746.12890625,62868.83984375,62735.1484375,62793.30078125,25317376,0.0,0.0
2026-08-14 12:00:00+00:00,62800.58984375,62834.37890625,62652.421875,62661.8515625,143765504,0.0,0.0
2026-08-14 13:00:00+00:00,62668.671875,62737.19921875,62516.62890625,62577.66015625,396158976,0.0,0.0
2026-08-14 14:00:00+00:00,62593.2890625,62725.48828125,62483.640625,62545.66015625,226076672,0.0,0.0
2026-08-14 15:00:00+00:00,62551.9296875,63010.37109375,62541.640625,62913.0390625,751867904,0.0,0.0
2026-08-14 16:00:00+00:00,62912.390625,63152.80078125,62894.19921875,63071.08984375,0,0.0,0.0
2026-08-14 17:00:00+00:00,63079.44921875,63183.0703125,62931.890625,62954.48828125,0,0.0,0.0
2026-08-14 18:00:00+00:00,62954.76953125,63016.0390625,62816.609375,62855.921875,103481344,0.0,0.0
2026-08-14 19:00:00+00:00,62850.26171875,62920.96875,62756.3984375,62895.828125,81668096,0.0,0.0
2026-08-14 20:00:00+00:00,62905.0,62952.921875,62821.98828125,62835.140625,97798144,0.0,0.0
2026-08-14 21:00:00+00:00,62835.1484375,62870.19921875,62801.5,62860.8984375,18022400,0.0,0.0
2026-08-14 22:00:00+00:00,62860.8984375,62891.9296875,62727.30859375,62814.53125,0,0.0,0.0
2026-08-14 23:00:00+00:00,62812.55859375,62998.98046875,62796.859375,62975.19140625,13991936,0.0,0.0
2026-08-15 00:00:00+00:00,62975.1796875,62996.5,62928.26953125,62950.71875,0,0.0,0.0
2026-08-15 01:00:00+00:00,62950.71875,62975.0,62923.859375,62972.28125,56567808,0.0,0.0
2026-08-15 02:00:00+00:00,62972.28125,63072.0703125,62963.2890625,63071.390625,0,0.0,0.0
2026-08-15 03:00:00+00:00,63071.390625,63120.7890625,62975.8515625,62988.390625,197591040,0.0,0.0
2026-08-15 04:00:00+00:00,62989.98828125,63087.37890625,62989.98828125,63052.01953125,0,0.0,0.0
2026-08-15 05:00:00+00:00,63052.01953125,63091.78125,62966.3984375,63016.1015625,0,0.0,0.0
2026-08-15 06:00:00+00:00,63016.1015625,63067.53125,62969.7109375,63045.5390625,0,0.0,0.0
2026-08-15 07:00:00+00:00,63045.5390625,63061.76953125,62972.6484375,63005.66015625,0,0.0,0.0
2026-08-15 08:00:00+00:00,63014.98046875,63018.890625,62863.12890625,62869.0703125,0,0.0,0.0
2026-08-15 09:00:00+00:00,62874.08984375,62979.859375,62847.078125,62957.640625,0,0.0,0.0
2026-08-15 10:00:00+00:00,62959.01171875,62984.53125,62928.58984375,62976.03125,0,0.0,0.0
2026-08-15 11:00:00+00:00,62966.83984375,62990.359375,62923.53125,62949.21875,0,0.0,0.0
2026-08-15 12:00:00+00:00,62949.21875,62987.12109375,62875.96875,62985.9296875,0,0.0,0.0
2026-08-15 13:00:00+00:00,62982.12890625,63012.828125,62951.83984375,62985.921875,0,0.0,0.0
2026-08-15 14:00:00+00:00,62985.96875,62985.98046875,62920.0,62966.421875,0,0.0,0.0
2026-08-15 15:00:00+00:00,62966.4296875,63051.73828125,62955.01171875,63022.94921875,0,0.0,0.0
2026-08-15 16:00:00+00:00,63022.94921875,63054.828125,62984.96875,63024.05859375,0,0.0,0.0
2026-08-15 17:00:00+00:00,63024.05859375,63034.75,62988.3984375,63000.33984375,0,0.0,0.0
2026-08-15 18:00:00+00:00,63000.3515625,63041.76953125,62971.171875,62989.12109375,0,0.0,0.0
2026-08-15 19:00:00+00:00,62989.12109375,63053.51171875,62987.80078125,63051.37890625,35456000,0.0,0.0
2026-08-15 20:00:00+00:00,63051.390625,63051.44140625,62999.98828125,63036.5,0,0.0,0.0
2026-08-15 21:00:00+00:00,63030.5390625,63097.44140625,63019.8984375,63085.921875,0,0.0,0.0
2026-08-15 22:00:00+00:00,63085.921875,63107.33984375,63057.5,63061.6796875,0,0.0,0.0
2026-08-15 23:00:00+00:00,63061.671875,63075.0,63013.51953125,63018.76171875,0,0.0,0.0
2026-08-16 00:00:00+00:00,63018.75,63019.66015625,62992.16015625,63012.9296875,0,0.0,0.0
2026-08-16 01:00:00+00:00,63012.9296875,63013.8984375,62938.171875,63013.8984375,0,0.0,0.0
2026-08-16 02:00:00+00:00,63010.37109375,63087.08984375,62950.640625,63054.44921875,17978368,0.0,0.0
2026-08-16 03:00:00+00:00,63054.4609375,63060.578125,63039.73828125,63059.4296875,0,0.0,0.0
2026-08-16 04:00:00+00:00,63059.421875,63082.5,63016.9296875,63016.9296875,0,0.0,0.0
2026-08-16 05:00:00+00:00,63016.9296875,63030.3203125,62966.91015625,62997.828125,0,0.0,0.0
2026-08-16 06:00:00+00:00,62995.0390625,63016.5390625,62977.69140625,62993.71875,0,0.0,0.0
2026-08-16 07:00:00+00:00,62993.71875,63000.01171875,62982.01171875,62991.23046875,0,0.0,0.0
2026-08-16 08:00:00+00:00,62991.23046875,63008.6015625,62988.03125,63001.91015625,0,0.0,0.0
2026-08-16 09:00:00+00:00,63001.8984375,63001.91015625,62897.48046875,62917.51953125,65421824,0.0,0.0
2026-08-16 10:00:00+00:00,62917.51953125,62942.9296875,62891.0703125,62940.19140625,3644928,0.0,0.0
2026-08-16 11:00:00+00:00,62940.19921875,62946.0390625,62906.80078125,62945.3203125,0,0.0,0.0
2026-08-16 12:00:00+00:00,62945.328125,62954.98046875,62921.171875,62948.0,0,0.0,0.0
2026-08-16 13:00:00+00:00,62948.0,63000.0,62947.140625,62993.62890625,0,0.0,0.0
2026-08-16 14:00:00+00:00,62993.828125,63039.0,62989.87109375,63034.5390625,0,0.0,0.0
2026-08-16 15:00:00+00:00,63038.37109375,63070.03125,63034.69921875,63070.03125,0,0.0,0.0
2026-08-16 16:00:00+00:00,63074.05859375,63313.0,63063.78125,63186.921875,319698944,0.0,0.0
2026-08-16 17:00:00+00:00,63195.62890625,63210.51171875,63053.12109375,63087.421875,186375168,0.0,0.0
2026-08-16 18:00:00+00:00,63087.41015625,63112.578125,63050.76171875,63074.2890625,0,0.0,0.0
2026-08-16 19:00:00+00:00,63074.2890625,63162.890625,63025.2890625,63040.171875,0,0.0,0.0
2026-08-16 20:00:00+00:00,63040.05859375,63073.359375,62954.2890625,63000.73046875,110647808,0.0,0.0
2026-08-16 21:00:00+00:00,62997.4296875,63016.7109375,62744.4609375,62862.80078125,80567296,0.0,0.0
2026-08-16 22:00:00+00:00,62857.0,62889.05859375,62640.87890625,62843.44921875,528695296,0.0,0.0
2026-08-16 23:00:00+00:00,62839.78125,62924.5703125,62756.921875,62830.578125,238403584,0.0,0.0
2026-08-17 00:00:00+00:00,62832.44921875,62886.44140625,62681.37890625,62840.55078125,523719680,0.0,0.0
2026-08-17 01:00:00+00:00,62831.3984375,63173.98828125,62831.3984375,63042.03125,548464640,0.0,0.0
2026-08-17 02:00:00+00:00,63060.609375,63430.6796875,62966.0390625,63335.73828125,268684288,0.0,0.0
2026-08-17 03:00:00+00:00,63346.51171875,63458.2890625,63277.98828125,63367.80859375,644800512,0.0,0.0
2026-08-17 04:00:00+00:00,63388.1796875,63521.578125,63373.359375,63479.98046875,589127680,0.0,0.0
2026-08-17 05:00:00+00:00,63481.37109375,63534.25,63381.109375,63456.6015625,631631872,0.0,0.0
2026-08-17 06:00:00+00:00,63456.6015625,63653.421875,63412.671875,63603.33984375,168604672,0.0,0.0
2026-08-17 07:00:00+00:00,63605.98828125,63605.98828125,63461.4609375,63461.4609375,385545216,0.0,0.0
2026-08-17 08:00:00+00:00,63468.91015625,63488.98046875,63278.578125,63307.859375,587085824,0.0,0.0
2026-08-17 09:00:00+00:00,63307.8515625,63358.48828125,63218.171875,63246.19921875,136393728,0.0,0.0
2026-08-17 10:00:00+00:00,63246.2109375,63627.28125,63219.44921875,63627.28125,562246656,0.0,0.0
2026-08-17 11:00:00+00:00,63606.578125,63713.2109375,63524.05859375,63559.890625,0,0.0,0.0
2026-08-17 12:00:00+00:00,63565.921875,63613.55078125,63456.26171875,63478.25,1031956480,0.0,0.0
2026-08-17 13:00:00+00:00,63478.23828125,63720.8203125,63357.2890625,63601.390625,683301888,0.0,0.0
2026-08-17 14:00:00+00:00,63591.2890625,63836.19921875,63515.9296875,63830.78125,588694528,0.0,0.0
2026-08-17 15:00:00+00:00,63830.66015625,64174.30078125,63750.0,64139.69921875,1396312064,0.0,0.0
2026-08-17 16:00:00+00:00,64150.109375,64154.98046875,63993.609375,64060.3515625,435357696,0.0,0.0
2026-08-17 17:00:00+00:00,64060.359375,64379.98828125,63921.01171875,64276.80859375,1444204544,0.0,0.0
2026-08-17 18:00:00+00:00,64293.9296875,64562.1796875,64229.0,64380.578125,1275262976,0.0,0.0
2026-08-17 19:00:00+00:00,64362.421875,64374.26171875,64231.01171875,64266.44140625,368891904,0.0,0.0
2026-08-17 20:00:00+00:00,64260.8984375,64376.41015625,64214.7109375,64341.76953125,230129664,0.0,0.0
2026-08-17 21:00:00+00:00,64341.76953125,64388.51953125,64245.19140625,64335.03125,210223104,0.0,0.0
2026-08-17 22:00:00+00:00,64340.1796875,64369.51171875,64222.9609375,64240.21875,0,0.0,0.0
2026-08-17 23:00:00+00:00,64240.21875,64530.0390625,64230.01171875,64477.25,51107840,0.0,0.0
2026-08-18 00:00:00+00:00,64486.25,64506.9609375,64300.53125,64322.2890625,0,0.0,0.0
2026-08-18 01:00:00+00:00,64323.62109375,64323.62109375,64097.46875,64148.44921875,0,0.0,0.0
2026-08-18 02:00:00+00:00,64144.328125,64217.98828125,63995.2890625,64036.12890625,41668608,0.0,0.0
2026-08-18 03:00:00+00:00,64043.3984375,64119.44140625,63979.37109375,64117.2109375,0,0.0,0.0
2026-08-18 04:00:00+00:00,64117.19921875,64181.87109375,64018.69921875,64149.69140625,137375744,0.0,0.0
2026-08-18 05:00:00+00:00,64149.69140625,64211.73046875,64079.7109375,64169.4609375,272480256,0.0,0.0
2026-08-18 06:00:00+00:00,64169.4609375,64397.37890625,64099.19921875,64266.41015625,243425280,0.0,0.0
2026-08-18 07:00:00+00:00,64264.41015625,64294.19921875,64104.16015625,64139.78125,0,0.0,0.0
2026-08-18 08:00:00+00:00,64139.78125,64278.23046875,64027.421875,64228.640625,0,0.0,0.0
2026-08-18 09:00:00+00:00,64203.12890625,64215.5390625,64070.87890625,64110.01171875,350208,0.0,0.0
2026-08-18 10:00:00+00:00,64105.01171875,64154.171875,64062.7109375,64134.5390625,0,0.0,0.0
2026-08-18 11:00:00+00:00,64124.7890625,64342.44140625,64124.7890625,64288.1796875,0,0.0,0.0
2026-08-18 12:00:00+00:00,64280.921875,64300.3203125,64161.671875,64161.671875,0,0.0,0.0
2026-08-18 13:00:00+00:00,64128.609375,64226.08984375,63991.25,64155.9296875,241235968,0.0,0.0
2026-08-18 14:00:00+00:00,64158.171875,65007.2890625,64158.171875,64668.140625,2084710400,0.0,0.0
2026-08-18 15:00:00+00:00,64696.3203125,64849.41015625,64601.3203125,64808.0,0,0.0,0.0
2026-08-18 16:00:00+00:00,64819.66015625,64853.08984375,64629.51953125,64795.1796875,0,0.0,0.0
2026-08-18 17:00:00+00:00,64798.19921875,64798.19921875,64629.55078125,64629.55859375,0,0.0,0.0
2026-08-18 18:00:00+00:00,64625.3984375,64790.91015625,64611.2890625,64737.171875,0,0.0,0.0
2026-08-18 19:00:00+00:00,64729.05078125,64763.05078125,64603.921875,64603.9296875,0,0.0,0.0
2026-08-18 20:00:00+00:00,64612.53125,64621.94921875,64523.28125,64538.48046875,0,0.0,0.0
2026-08-18 21:00:00+00:00,64540.16015625,64611.28125,64527.37109375,64559.328125,0,0.0,0.0
2026-08-18 22:00:00+00:00,64559.19140625,64615.12890625,64513.91015625,64596.41015625,0,0.0,0.0
2026-08-18 23:00:00+00:00,64588.2109375,64744.26953125,64584.9609375,64681.328125,0,0.0,0.0
2026-08-19 00:00:00+00:00,64692.2109375,64697.80078125,64445.4296875,64445.4296875,0,0.0,0.0
2026-08-19 01:00:00+00:00,64440.12109375,64502.98046875,64341.46875,64358.4609375,60477440,0.0,0.0
2026-08-19 02:00:00+00:00,64348.55078125,64367.2109375,64293.0703125,64295.83984375,0,0.0,0.0
2026-08-19 03:00:00+00:00,64295.8515625,64363.6484375,64218.3984375,64269.359375,0,0.0,0.0
2026-08-19 04:00:00+00:00,64268.109375,64336.859375,64234.37109375,64255.1015625,0,0.0,0.0
2026-08-19 05:00:00+00:00,64255.9296875,64357.890625,64178.28125,64185.23046875,0,0.0,0.0
2026-08-19 06:00:00+00:00,64186.33984375,64291.421875,64112.0390625,64289.8203125,0,0.0,0.0
2026-08-19 07:00:00+00:00,64289.8203125,64343.9296875,64211.23828125,64243.55078125,52691968,0.0,0.0
2026-08-19 08:00:00+00:00,64236.76171875,64455.6015625,64190.69921875,64357.12109375,35102720,0.0,0.0
2026-08-19 09:00:00+00:00,64356.46875,64418.390625,64307.171875,64371.5703125,0,0.0,0.0
2026-08-19 10:00:00+00:00,64367.80078125,64404.78125,64304.98828125,64393.80078125,94493696,0.0,0.0
2026-08-19 11:00:00+00:00,64386.7890625,64483.671875,64386.7890625,64459.109375,0,0.0,0.0
2026-08-19 12:00:00+00:00,64459.109375,64935.94140625,64417.140625,64830.890625,896557056,0.0,0.0
2026-08-19 13:00:00+00:00,64812.16015625,65170.19921875,64735.921875,64966.71875,1065179136,0.0,0.0
2026-08-19 14:00:00+00:00,64969.9296875,65930.828125,64966.08984375,65886.25,652589056,0.0,0.0
2026-08-19 15:00:00+00:00,65926.2734375,69594.25,65858.65625,68519.6328125,10297483264,0.0,0.0
2026-08-19 16:00:00+00:00,68588.359375,68892.6484375,68403.96875,68453.9765625,2866417664,0.0,0.0
2026-08-19 17:00:00+00:00,68444.3203125,68514.390625,67802.34375,68168.3125,2094526464,0.0,0.0
2026-08-19 18:00:00+00:00,68187.0078125,68439.5,68013.4921875,68389.1171875,871927808,0.0,0.0
2026-08-19 19:00:00+00:00,68367.0390625,68471.0390625,68093.3515625,68406.1328125,997826560,0.0,0.0
2026-08-19 20:00:00+00:00,68428.6015625,69544.90625,68373.4765625,69043.25,1756401664,0.0,0.0
2026-08-19 21:00:00+00:00,69038.640625,70010.9609375,68975.6171875,69700.0,4437491712,0.0,0.0
2026-08-19 22:00:00+00:00,69790.28125,69819.2578125,68959.609375,69219.546875,1832513536,0.0,0.0
2026-08-19 23:00:00+00:00,69224.703125,69421.6171875,69130.578125,69300.0078125,1161973760,0.0,0.0
2026-08-20 00:00:00+00:00,69298.7890625,69749.9921875,69291.6015625,69387.7734375,2000023552,0.0,0.0
2026-08-20 01:00:00+00:00,69385.7578125,69856.3828125,69239.65625,69678.6796875,913199104,0.0,0.0
2026-08-20 02:00:00+00:00,69682.296875,69787.1171875,69223.5625,69258.5703125,964894720,0.0,0.0
2026-08-20 03:00:00+00:00,69245.8671875,69282.921875,68857.28125,69139.9921875,1270792192,0.0,0.0
2026-08-20 04:00:00+00:00,69130.1875,69533.421875,69104.421875,69442.5234375,1019191296,0.0,0.0
2026-08-20 05:00:00+00:00,69445.640625,69633.0703125,69318.0,69374.828125,888156160,0.0,0.0
2026-08-20 06:00:00+00:00,69368.4609375,69866.296875,69313.96875,69813.9921875,1263570944,0.0,0.0
2026-08-20 07:00:00+00:00,69792.046875,69957.09375,69456.03125,69781.84375,1780432896,0.0,0.0
2026-08-20 08:00:00+00:00,69784.5078125,71746.5625,69736.640625,71524.28125,4352184320,0.0,0.0
2026-08-20 09:00:00+00:00,71532.3984375,71994.2265625,71458.3125,71740.890625,3360026624,0.0,0.0
2026-08-20 10:00:00+00:00,71733.2421875,72407.171875,71651.609375,71941.6875,3147587584,0.0,0.0
2026-08-20 11:00:00+00:00,71934.6484375,72272.6328125,71765.890625,71870.109375,1450704896,0.0,0.0
2026-08-20 12:00:00+00:00,71886.3515625,71950.8125,71440.046875,71894.5078125,242876416,0.0,0.0
2026-08-20 13:00:00+00:00,71921.15625,72025.5625,71143.1328125,71631.4609375,1817792512,0.0,0.0
2026-08-20 14:00:00+00:00,71632.3203125,71935.0703125,71364.3515625,71780.2890625,0,0.0,0.0
2026-08-20 15:00:00+00:00,71776.4921875,72781.046875,71751.640625,72443.1484375,0,0.0,0.0
2026-08-20 16:00:00+00:00,72437.671875,72843.2890625,72180.0078125,72829.4296875,0,0.0,0.0
2026-08-20 17:00:00+00:00,72820.609375,72940.40625,72540.59375,72715.328125,0,0.0,0.0
2026-08-20 18:00:00+00:00,72733.828125,72794.5390625,72373.5625,72413.0390625,684711936,0.0,0.0
2026-08-20 19:00:00+00:00,72410.921875,72768.4765625,72313.75,72626.453125,20582400,0.0,0.0
2026-08-20 20:00:00+00:00,72678.2265625,73002.6796875,72585.0390625,72660.2265625,0,0.0,0.0
2026-08-20 21:00:00+00:00,72660.2265625,72829.4375,72547.5625,72725.6328125,0,0.0,0.0
2026-08-20 22:00:00+00:00,72745.90625,72853.7890625,72485.0,72664.6796875,0,0.0,0.0
2026-08-20 23:00:00+00:00,72658.7109375,73377.8203125,72645.0,73015.9296875,88973312,0.0,0.0
2026-08-21 00:00:00+00:00,73010.2734375,73945.1796875,73010.2734375,73692.40625,531660800,0.0,0.0
2026-08-21 01:00:00+00:00,73658.7734375,75704.40625,73648.796875,75107.890625,3005939712,0.0,0.0
2026-08-21 02:00:00+00:00,75107.1328125,75155.9765625,74358.859375,74409.7109375,1275346944,0.0,0.0
2026-08-21 03:00:00+00:00,74444.28125,74832.65625,74219.6328125,74478.2734375,28532736,0.0,0.0
2026-08-21 04:00:00+00:00,74499.828125,75023.03125,74499.828125,74999.9921875,3575808,0.0,0.0
2026-08-21 05:00:00+00:00,74999.9921875,75482.921875,74888.2265625,75438.078125,320593920,0.0,0.0
2026-08-21 06:00:00+00:00,75391.1484375,75700.1171875,75065.3515625,75615.7890625,265400320,0.0,0.0
2026-08-21 07:00:00+00:00,75600.0,76845.359375,75596.9921875,76306.328125,1269219328,0.0,0.0
2026-08-21 08:00:00+00:00,76299.171875,79442.859375,76267.5078125,79224.703125,431730688,0.0,0.0
2026-08-21 09:00:00+00:00,79189.2734375,79326.21875,77267.3984375,77888.171875,4098641920,0.0,0.0
2026-08-21 10:00:00+00:00,77861.5234375,78236.171875,77606.1171875,77802.359375,101093376,0.0,0.0
2026-08-21 11:00:00+00:00,77814.40625,77840.640625,76416.4765625,76709.6171875,0,0.0,0.0
2026-08-21 12:00:00+00:00,76740.953125,77457.5,76521.2890625,77195.1484375,4271996928,0.0,0.0
2026-08-21 13:00:00+00:00,77229.71875,77671.5078125,76225.8125,77244.2265625,0,0.0,0.0
2026-08-21 14:00:00+00:00,77217.4921875,77432.6484375,76526.828125,77374.78125,1856126976,0.0,0.0
2026-08-21 15:00:00+00:00,77403.0625,77843.2734375,77136.0234375,77178.828125,0,0.0,0.0
2026-08-21 16:00:00+00:00,77190.75,77516.71875,76795.3671875,77451.34375,187875328,0.0,0.0
2026-08-21 17:00:00+00:00,77472.65625,77695.6796875,77167.8203125,77370.28125,0,0.0,0.0
2026-08-21 18:00:00+00:00,77380.25,77519.7578125,76623.4296875,77110.5234375,0,0.0,0.0
2026-08-21 19:00:00+00:00,77144.8984375,77338.90625,76837.8125,76995.203125,2632744960,0.0,0.0
2026-08-21 20:00:00+00:00,77028.0,77518.40625,76837.75,77497.96875,266452992,0.0,0.0
2026-08-21 21:00:00+00:00,77492.390625,78664.171875,77363.09375,78495.390625,1140613120,0.0,0.0
2026-08-21 22:00:00+00:00,78503.3828125,78747.0625,78106.6015625,78432.7734375,1738825728,0.0,0.0
2026-08-21 23:00:00+00:00,78459.7734375,78711.09375,78122.8203125,78325.546875,12009472,0.0,0.0
2026-08-22 00:00:00+00:00,78325.5390625,78495.5,77695.40625,77934.0625,0,0.0,0.0
2026-08-22 01:00:00+00:00,77938.3671875,78220.59375,77805.34375,77821.046875,0,0.0,0.0
2026-08-22 02:00:00+00:00,77840.703125,78543.8671875,77783.4609375,78462.796875,0,0.0,0.0
2026-08-22 03:00:00+00:00,78481.8984375,78814.4921875,78351.6015625,78402.6171875,408903680,0.0,0.0
2026-08-22 04:00:00+00:00,78402.6171875,78795.140625,78195.40625,78475.7109375,767688704,0.0,0.0
2026-08-22 05:00:00+00:00,78440.0,78562.9296875,76650.2734375,77351.1875,7252869120,0.0,0.0
2026-08-22 06:00:00+00:00,77343.546875,77560.6875,76992.3515625,77477.25,0,0.0,0.0
2026-08-22 07:00:00+00:00,77475.5703125,77645.3203125,77208.1796875,77286.2421875,0,0.0,0.0
2026-08-22 08:00:00+00:00,77293.890625,77429.1328125,77021.546875,77195.4921875,0,0.0,0.0
2026-08-22 09:00:00+00:00,77195.4921875,77366.7421875,76835.4921875,77049.3984375,0,0.0,0.0
2026-08-22 10:00:00+00:00,77049.390625,77179.3125,76524.3515625,76964.8828125,0,0.0,0.0
2026-08-22 11:00:00+00:00,76961.5390625,77206.0234375,76808.7578125,77114.3515625,0,0.0,0.0
2026-08-22 12:00:00+00:00,77119.921875,77373.046875,77069.0078125,77300.0078125,0,0.0,0.0
2026-08-22 13:00:00+00:00,77300.0078125,77359.6328125,77101.390625,77277.296875,0,0.0,0.0
2026-08-22 14:00:00+00:00,77277.2890625,77315.703125,76927.1796875,76995.59375,0,0.0,0.0
2026-08-22 15:00:00+00:00,77007.3828125,77093.828125,76884.0078125,76970.5625,0,0.0,0.0
2026-08-22 16:00:00+00:00,76972.4765625,77534.4921875,76944.0,77282.4609375,0,0.0,0.0
2026-08-22 17:00:00+00:00,77272.078125,77367.140625,77072.328125,77270.5234375,0,0.0,0.0
2026-08-22 18:00:00+00:00,77270.53125,77357.5,77133.9609375,77261.921875,0,0.0,0.0
2026-08-22 19:00:00+00:00,77261.921875,77475.78125,77196.7265625,77419.9375,0,0.0,0.0
2026-08-22 20:00:00+00:00,77421.578125,77459.640625,77260.0078125,77312.9765625,0,0.0,0.0
2026-08-22 21:00:00+00:00,77311.2265625,77312.2109375,76839.796875,76847.3671875,0,0.0,0.0
2026-08-22 22:00:00+00:00,76873.6796875,77146.4921875,76770.53125,76989.453125,0,0.0,0.0
2026-08-22 23:00:00+00:00,77005.953125,77121.96875,76888.96875,77054.4375,0,0.0,0.0
2026-08-23 00:00:00+00:00,77054.4609375,77343.5625,77037.9375,77289.0,0,0.0,0.0
2026-08-23 01:00:00+00:00,77287.4375,77397.3828125,77152.5390625,77184.53125,0,0.0,0.0
2026-08-23 02:00:00+00:00,77184.5390625,77206.5,76992.1015625,77064.6875,0,0.0,0.0
2026-08-23 03:00:00+00:00,77072.7421875,77133.4296875,76824.03125,76914.7265625,0,0.0,0.0
2026-08-23 04:00:00+00:00,76914.7265625,77025.0,76495.4765625,76602.46875,0,0.0,0.0
2026-08-23 05:00:00+00:00,76564.2734375,76707.0390625,75601.5703125,76048.5703125,0,0.0,0.0
2026-08-23 06:00:00+00:00,76100.0,76339.5078125,75899.578125,76089.0,0,0.0,0.0
2026-08-23 07:00:00+00:00,76090.8203125,76335.0078125,75899.2734375,75986.9921875,0,0.0,0.0
2026-08-23 08:00:00+00:00,75987.7890625,76605.8828125,75933.96875,76464.9375,0,0.0,0.0
2026-08-23 09:00:00+00:00,76468.46875,76629.203125,76449.671875,76540.0078125,0,0.0,0.0
2026-08-23 10:00:00+00:00,76533.7109375,76896.609375,76533.7109375,76776.9296875,0,0.0,0.0
2026-08-23 11:00:00+00:00,76776.9375,77369.140625,76729.578125,77288.15625,2861056,0.0,0.0
2026-08-23 12:00:00+00:00,77288.15625,77288.15625,76999.75,77201.59375,0,0.0,0.0
2026-08-23 13:00:00+00:00,77201.59375,77715.546875,77184.8828125,77477.2421875,715337728,0.0,0.0
2026-08-23 14:00:00+00:00,77481.78125,77630.578125,76829.4296875,77180.453125,1025032192,0.0,0.0
2026-08-23 15:00:00+00:00,77212.0078125,77320.0625,76917.921875,77133.453125,327010304,0.0,0.0
2026-08-23 16:00:00+00:00,77133.453125,77454.0,77133.453125,77405.671875,0,0.0,0.0
2026-08-23 17:00:00+00:00,77405.671875,77433.1171875,77144.90625,77175.46875,0,0.0,0.0
2026-08-23 18:00:00+00:00,77179.28125,77396.921875,77104.453125,77325.0,460367872,0.0,0.0
2026-08-23 19:00:00+00:00,77347.359375,77455.078125,77237.6328125,77328.2734375,80019456,0.0,0.0
2026-08-23 20:00:00+00:00,77320.6328125,77431.3984375,77186.84375,77393.1875,0,0.0,0.0
2026-08-23 21:00:00+00:00,77400.0,78025.8984375,77400.0,77832.5,384538624,0.0,0.0
2026-08-23 22:00:00+00:00,77866.8828125,77966.2421875,77560.0234375,77600.671875,481656832,0.0,0.0
2026-08-23 23:00:00+00:00,77612.5234375,77819.03125,77329.2578125,77725.5390625,522901504,0.0,0.0
2026-08-24 00:00:00+00:00,77733.703125,77740.3203125,77175.7265625,77672.046875,511672320,0.0,0.0
2026-08-24 01:00:00+00:00,77684.5234375,77700.2421875,76907.8515625,76907.8515625,714055680,0.0,0.0
2026-08-24 02:00:00+00:00,76913.0625,77542.1796875,76867.84375,77466.328125,690757632,0.0,0.0
2026-08-24 03:00:00+00:00,77474.15625,77519.2578125,76919.53125,76933.4609375,1072965632,0.0,0.0
2026-08-24 04:00:00+00:00,76969.8671875,77250.09375,76678.859375,76893.2265625,0,0.0,0.0
2026-08-24 05:00:00+00:00,76877.5,77213.65625,76835.4921875,77159.59375,0,0.0,0.0
2026-08-24 06:00:00+00:00,77152.53125,77520.09375,77064.6875,77459.1328125,0,0.0,0.0
2026-08-24 07:00:00+00:00,77459.7265625,77782.53125,77276.4375,77297.8671875,328226816,0.0,0.0
2026-08-24 08:00:00+00:00,77316.1171875,77397.96875,76819.7109375,77032.90625,109729792,0.0,0.0
2026-08-24 09:00:00+00:00,77025.0703125,77590.921875,77007.8984375,77540.8828125,394989568,0.0,0.0
2026-08-24 10:00:00+00:00,77540.7265625,78004.0703125,77523.5625,77608.859375,1007820800,0.0,0.0
2026-08-24 11:00:00+00:00,77614.2421875,78589.0,77449.96875,78434.0234375,1150758912,0.0,0.0
2026-08-24 12:00:00+00:00,78400.7109375,79279.3828125,77967.6328125,79137.0390625,2219028480,0.0,0.0
2026-08-24 13:00:00+00:00,79136.359375,79345.2109375,77873.2578125,78562.3984375,4471562240,0.0,0.0
2026-08-24 14:00:00+00:00,78578.6875,79798.1171875,78578.6875,79484.3203125,3139547136,0.0,0.0
2026-08-24 15:00:00+00:00,79486.1015625,79987.03125,78809.28125,79079.5,3707219968,0.0,0.0
2026-08-24 16:00:00+00:00,79091.3828125,79838.546875,78894.75,79041.0390625,3043389440,0.0,0.0
2026-08-24 17:00:00+00:00,79040.2421875,79182.640625,78469.078125,78744.9375,3124101120,0.0,0.0
2026-08-24 18:00:00+00:00,78763.71875,79091.3828125,78722.4375,78926.4921875,642224128,0.0,0.0
2026-08-24 19:00:00+00:00,78935.078125,79114.953125,78588.359375,78744.359375,1296715776,0.0,0.0
2026-08-24 20:00:00+00:00,78787.5234375,78984.6328125,78550.1328125,78913.78125,768851968,0.0,0.0
2026-08-24 21:00:00+00:00,78929.2578125,79036.8515625,78843.453125,78970.3125,192008192,0.0,0.0
2026-08-24 22:00:00+00:00,78970.3125,78970.3125,78830.78125,78967.359375,0,0.0,0.0
