Datetime,Open,High,Low,Close,Volume,Dividends,Stock Splits
2026-07-02 00:00:00+00:00,0.07129999995231628,0.07240000367164612,0.07100000232458115,0.0722000002861023,0,0.0,0.0
2026-07-02 01:00:00+00:00,0.0722000002861023,0.07410000264644623,0.07199999690055847,0.07410000264644623,0,0.0,0.0
2026-07-02 02:00:00+00:00,0.07410000264644623,0.07720000296831131,0.07370000332593918,0.07609999924898148,20206496,0.0,0.0
2026-07-02 03:00:00+00:00,0.07639999687671661,0.07810000330209732,0.07590000331401825,0.07720000296831131,29593232,0.0,0.0
2026-07-02 04:00:00+00:00,0.07689999788999557,0.07769999653100967,0.0763000026345253,0.07699999958276749,8788352,0.0,0.0
2026-07-02 05:00:00+00:00,0.07699999958276749,0.07760000228881836,0.07580000162124634,0.07609999924898148,4142240,0.0,0.0
2026-07-02 06:00:00+00:00,0.07609999924898148,0.0763000026345253,0.07530000060796738,0.07580000162124634,350432,0.0,0.0
2026-07-02 07:00:00+00:00,0.07580000162124634,0.07680000364780426,0.07569999992847443,0.07649999856948853,1584336,0.0,0.0
2026-07-02 08:00:00+00:00,0.07649999856948853,0.07769999653100967,0.07620000094175339,0.07739999890327454,3887088,0.0,0.0
2026-07-02 09:00:00+00:00,0.07739999890327454,0.07810000330209732,0.07680000364780426,0.07729999721050262,4881408,0.0,0.0
2026-07-02 10:00:00+00:00,0.07729999721050262,0.07819999754428864,0.07660000026226044,0.07660000026226044,7606352,0.0,0.0
2026-07-02 11:00:00+00:00,0.07670000195503235,0.07750000059604645,0.07670000195503235,0.0771000012755394,4258320,0.0,0.0
2026-07-02 12:00:00+00:00,0.0771000012755394,0.07800000160932541,0.0771000012755394,0.07739999890327454,7295472,0.0,0.0
2026-07-02 13:00:00+00:00,0.07760000228881836,0.07919999957084656,0.07739999890327454,0.07890000194311142,6872432,0.0,0.0
2026-07-02 14:00:00+00:00,0.07890000194311142,0.07959999889135361,0.0771000012755394,0.07720000296831131,6549840,0.0,0.0
2026-07-02 15:00:00+00:00,0.0771000012755394,0.07720000296831131,0.07580000162124634,0.07599999755620956,4112928,0.0,0.0
2026-07-02 16:00:00+00:00,0.07599999755620956,0.0763000026345253,0.07490000128746033,0.07530000060796738,2588256,0.0,0.0
2026-07-02 17:00:00+00:00,0.07530000060796738,0.0763000026345253,0.0746999979019165,0.07620000094175339,6482608,0.0,0.0
2026-07-02 18:00:00+00:00,0.07620000094175339,0.07689999788999557,0.07620000094175339,0.07639999687671661,0,0.0,0.0
2026-07-02 19:00:00+00:00,0.07670000195503235,0.07699999958276749,0.07620000094175339,0.07680000364780426,0,0.0,0.0
2026-07-02 20:00:00+00:00,0.07680000364780426,0.07699999958276749,0.07649999856948853,0.07680000364780426,0,0.0,0.0
2026-07-02 21:00:00+00:00,0.07680000364780426,0.07680000364780426,0.07620000094175339,0.07670000195503235,0,0.0,0.0
2026-07-02 22:00:00+00:00,0.07670000195503235,0.07680000364780426,0.07599999755620956,0.07660000026226044,0,0.0,0.0
2026-07-02 23:00:00+00:00,0.07660000026226044,0.07689999788999557,0.07639999687671661,0.07649999856948853,0,0.0,0.0
2026-07-03 00:00:00+00:00,0.07649999856948853,0.07660000026226044,0.07540000230073929,0.0754999965429306,0,0.0,0.0
2026-07-03 01:00:00+00:00,0.0754999965429306,0.0771000012755394,0.0754999965429306,0.07699999958276749,0,0.0,0.0
2026-07-03 02:00:00+00:00,0.07699999958276749,0.0771000012755394,0.07590000331401825,0.07660000026226044,0,0.0,0.0
2026-07-03 03:00:00+00:00,0.07660000026226044,0.07689999788999557,0.07599999755620956,0.07689999788999557,0,0.0,0.0
2026-07-03 04:00:00+00:00,0.07689999788999557,0.0771000012755394,0.0763000026345253,0.07660000026226044,0,0.0,0.0
2026-07-03 05:00:00+00:00,0.07649999856948853,0.07720000296831131,0.07639999687671661,0.07699999958276749,0,0.0,0.0
2026-07-03 06:00:00+00:00,0.07699999958276749,0.07779999822378159,0.07689999788999557,0.07779999822378159,0,0.0,0.0
2026-07-03 07:00:00+00:00,0.07760000228881836,0.07769999653100967,0.0771000012755394,0.07750000059604645,0,0.0,0.0
2026-07-03 08:00:00+00:00,0.07750000059604645,0.07779999822378159,0.07720000296831131,0.07750000059604645,0,0.0,0.0
2026-07-03 09:00:00+00:00,0.07750000059604645,0.07779999822378159,0.07699999958276749,0.07720000296831131,0,0.0,0.0
2026-07-03 10:00:00+00:00,0.07720000296831131,0.07769999653100967,0.07680000364780426,0.07760000228881836,0,0.0,0.0
2026-07-03 11:00:00+00:00,0.07760000228881836,0.07829999923706055,0.07729999721050262,0.07750000059604645,140576,0.0,0.0
2026-07-03 12:00:00+00:00,0.07769999653100967,0.07800000160932541,0.07739999890327454,0.07760000228881836,0,0.0,0.0
2026-07-03 13:00:00+00:00,0.07769999653100967,0.07880000025033951,0.07769999653100967,0.07850000262260437,0,0.0,0.0
2026-07-03 14:00:00+00:00,0.07840000092983246,0.07859999686479568,0.07769999653100967,0.07859999686479568,0,0.0,0.0
2026-07-03 15:00:00+00:00,0.07859999686479568,0.07940000295639038,0.07800000160932541,0.07829999923706055,0,0.0,0.0
2026-07-03 16:00:00+00:00,0.07819999754428864,0.07880000025033951,0.0778999999165535,0.07859999686479568,0,0.0,0.0
2026-07-03 17:00:00+00:00,0.07859999686479568,0.07900000363588333,0.07850000262260437,0.07890000194311142,0,0.0,0.0
2026-07-03 18:00:00+00:00,0.07890000194311142,0.07909999787807465,0.0786999985575676,0.07880000025033951,671264,0.0,0.0
2026-07-03 19:00:00+00:00,0.07880000025033951,0.07959999889135361,0.0786999985575676,0.07890000194311142,487400,0.0,0.0
2026-07-03 20:00:00+00:00,0.07890000194311142,0.08009999990463257,0.0786999985575676,0.07970000058412552,6488296,0.0,0.0
2026-07-03 21:00:00+00:00,0.07970000058412552,0.08009999990463257,0.07940000295639038,0.07980000227689743,559336,0.0,0.0
2026-07-03 22:00:00+00:00,0.07980000227689743,0.07980000227689743,0.07930000126361847,0.07940000295639038,0,0.0,0.0
2026-07-03 23:00:00+00:00,0.07940000295639038,0.07989999651908875,0.07909999787807465,0.07940000295639038,283024,0.0,0.0
2026-07-04 00:00:00+00:00,0.07940000295639038,0.07970000058412552,0.07880000025033951,0.07900000363588333,0,0.0,0.0
2026-07-04 01:00:00+00:00,0.07900000363588333,0.07900000363588333,0.07819999754428864,0.0786999985575676,0,0.0,0.0
2026-07-04 02:00:00+00:00,0.0786999985575676,0.07919999957084656,0.07859999686479568,0.07880000025033951,0,0.0,0.0
2026-07-04 03:00:00+00:00,0.07880000025033951,0.07940000295639038,0.07880000025033951,0.07909999787807465,0,0.0,0.0
2026-07-04 04:00:00+00:00,0.07909999787807465,0.0794999971985817,0.07890000194311142,0.07919999957084656,0,0.0,0.0
2026-07-04 05:00:00+00:00,0.07919999957084656,0.07919999957084656,0.07859999686479568,0.07890000194311142,0,0.0,0.0
2026-07-04 06:00:00+00:00,0.07890000194311142,0.0794999971985817,0.07850000262260437,0.07850000262260437,525096,0.0,0.0
2026-07-04 07:00:00+00:00,0.07850000262260437,0.0786999985575676,0.07760000228881836,0.0778999999165535,0,0.0,0.0
2026-07-04 08:00:00+00:00,0.0778999999165535,0.07829999923706055,0.07769999653100967,0.07810000330209732,0,0.0,0.0
2026-07-04 09:00:00+00:00,0.07810000330209732,0.07819999754428864,0.07729999721050262,0.07750000059604645,0,0.0,0.0
2026-07-04 10:00:00+00:00,0.07750000059604645,0.07779999822378159,0.07720000296831131,0.07779999822378159,158720,0.0,0.0
2026-07-04 11:00:00+00:00,0.07779999822378159,0.07819999754428864,0.07769999653100967,0.0778999999165535,0,0.0,0.0
2026-07-04 12:00:00+00:00,0.0778999999165535,0.07829999923706055,0.0778999999165535,0.07819999754428864,0,0.0,0.0
2026-07-04 13:00:00+00:00,0.07819999754428864,0.0786999985575676,0.07779999822378159,0.07810000330209732,0,0.0,0.0
2026-07-04 14:00:00+00:00,0.07810000330209732,0.07989999651908875,0.07810000330209732,0.07970000058412552,0,0.0,0.0
2026-07-04 15:00:00+00:00,0.07970000058412552,0.08160000294446945,0.07940000295639038,0.08079999685287476,7337472,0.0,0.0
2026-07-04 16:00:00+00:00,0.08079999685287476,0.08139999955892563,0.08030000329017639,0.08070000261068344,4388256,0.0,0.0
2026-07-04 17:00:00+00:00,0.08070000261068344,0.0812000036239624,0.08009999990463257,0.08079999685287476,1582304,0.0,0.0
2026-07-04 18:00:00+00:00,0.08079999685287476,0.08089999854564667,0.07989999651908875,0.08009999990463257,0,0.0,0.0
2026-07-04 19:00:00+00:00,0.08009999990463257,0.08020000159740448,0.07959999889135361,0.07980000227689743,0,0.0,0.0
2026-07-04 20:00:00+00:00,0.07980000227689743,0.07989999651908875,0.07880000025033951,0.07919999957084656,0,0.0,0.0
2026-07-04 21:00:00+00:00,0.07919999957084656,0.07959999889135361,0.07919999957084656,0.0794999971985817,0,0.0,0.0
2026-07-04 22:00:00+00:00,0.0794999971985817,0.0794999971985817,0.0786999985575676,0.07919999957084656,0,0.0,0.0
2026-07-04 23:00:00+00:00,0.07919999957084656,0.07919999957084656,0.07840000092983246,0.07880000025033951,0,0.0,0.0
2026-07-05 00:00:00+00:00,0.07880000025033951,0.07909999787807465,0.07829999923706055,0.07880000025033951,0,0.0,0.0
2026-07-05 01:00:00+00:00,0.07880000025033951,0.07880000025033951,0.07810000330209732,0.07850000262260437,0,0.0,0.0
2026-07-05 02:00:00+00:00,0.07850000262260437,0.07850000262260437,0.07739999890327454,0.07769999653100967,1631768,0.0,0.0
2026-07-05 03:00:00+00:00,0.07769999653100967,0.0778999999165535,0.07729999721050262,0.07739999890327454,912448,0.0,0.0
2026-07-05 04:00:00+00:00,0.07739999890327454,0.07779999822378159,0.07729999721050262,0.07760000228881836,0,0.0,0.0
2026-07-05 05:00:00+00:00,0.07760000228881836,0.07779999822378159,0.07670000195503235,0.07720000296831131,898024,0.0,0.0
2026-07-05 06:00:00+00:00,0.07720000296831131,0.07769999653100967,0.07689999788999557,0.07760000228881836,0,0.0,0.0
2026-07-05 07:00:00+00:00,0.07760000228881836,0.07819999754428864,0.07739999890327454,0.07819999754428864,0,0.0,0.0
2026-07-05 08:00:00+00:00,0.07819999754428864,0.07829999923706055,0.07779999822378159,0.07779999822378159,0,0.0,0.0
2026-07-05 09:00:00+00:00,0.07779999822378159,0.07800000160932541,0.07720000296831131,0.07729999721050262,0,0.0,0.0
2026-07-05 10:00:00+00:00,0.07729999721050262,0.07750000059604645,0.07699999958276749,0.07739999890327454,0,0.0,0.0
2026-07-05 11:00:00+00:00,0.07739999890327454,0.0778999999165535,0.07729999721050262,0.07760000228881836,0,0.0,0.0
2026-07-05 12:00:00+00:00,0.07760000228881836,0.0778999999165535,0.07720000296831131,0.0778999999165535,545464,0.0,0.0
2026-07-05 13:00:00+00:00,0.0778999999165535,0.07800000160932541,0.07750000059604645,0.07779999822378159,0,0.0,0.0
2026-07-05 14:00:00+00:00,0.07779999822378159,0.0778999999165535,0.07729999721050262,0.0778999999165535,0,0.0,0.0
2026-07-05 15:00:00+00:00,0.0778999999165535,0.07850000262260437,0.07779999822378159,0.07840000092983246,0,0.0,0.0
2026-07-05 16:00:00+00:00,0.07840000092983246,0.0786999985575676,0.07810000330209732,0.07819999754428864,0,0.0,0.0
2026-07-05 17:00:00+00:00,0.07819999754428864,0.07909999787807465,0.07800000160932541,0.07840000092983246,0,0.0,0.0
2026-07-05 18:00:00+00:00,0.07840000092983246,0.0803999975323677,0.07840000092983246,0.07959999889135361,0,0.0,0.0
2026-07-05 19:00:00+00:00,0.07959999889135361,0.08049999922513962,0.07940000295639038,0.07970000058412552,1446528,0.0,0.0
2026-07-05 20:00:00+00:00,0.07970000058412552,0.08009999990463257,0.07930000126361847,0.07980000227689743,42704,0.0,0.0
2026-07-05 21:00:00+00:00,0.07980000227689743,0.0812000036239624,0.07909999787807465,0.08030000329017639,5539280,0.0,0.0
2026-07-05 22:00:00+00:00,0.08020000159740448,0.08079999685287476,0.08009999990463257,0.08079999685287476,3527512,0.0,0.0
2026-07-05 23:00:00+00:00,0.08070000261068344,0.08129999786615372,0.07999999821186066,0.08060000091791153,2190424,0.0,0.0
2026-07-06 00:00:00+00:00,0.08060000091791153,0.08100000023841858,0.07940000295639038,0.0803999975323677,1723952,0.0,0.0
2026-07-06 01:00:00+00:00,0.0803999975323677,0.08060000091791153,0.07890000194311142,0.07909999787807465,1315072,0.0,0.0
2026-07-06 02:00:00+00:00,0.07919999957084656,0.07940000295639038,0.07859999686479568,0.07890000194311142,780640,0.0,0.0
2026-07-06 03:00:00+00:00,0.07890000194311142,0.07900000363588333,0.07829999923706055,0.0786999985575676,238616,0.0,0.0
2026-07-06 04:00:00+00:00,0.0786999985575676,0.07890000194311142,0.07819999754428864,0.07890000194311142,0,0.0,0.0
2026-07-06 05:00:00+00:00,0.07890000194311142,0.07890000194311142,0.0771000012755394,0.07800000160932541,1292024,0.0,0.0
2026-07-06 06:00:00+00:00,0.07800000160932541,0.07800000160932541,0.07729999721050262,0.07760000228881836,1796384,0.0,0.0
2026-07-06 07:00:00+00:00,0.07760000228881836,0.0778999999165535,0.07739999890327454,0.07769999653100967,41312,0.0,0.0
2026-07-06 08:00:00+00:00,0.07769999653100967,0.07800000160932541,0.07729999721050262,0.07760000228881836,525336,0.0,0.0
2026-07-06 09:00:00+00:00,0.07760000228881836,0.07760000228881836,0.07689999788999557,0.0771000012755394,0,0.0,0.0
2026-07-06 10:00:00+00:00,0.0771000012755394,0.07810000330209732,0.0771000012755394,0.0778999999165535,492880,0.0,0.0
2026-07-06 11:00:00+00:00,0.0778999999165535,0.07819999754428864,0.07720000296831131,0.07720000296831131,0,0.0,0.0
2026-07-06 12:00:00+00:00,0.0771000012755394,0.0771000012755394,0.07500000298023224,0.07530000060796738,13845056,0.0,0.0
2026-07-06 13:00:00+00:00,0.07519999891519547,0.07599999755620956,0.0746999979019165,0.07559999823570251,5606616,0.0,0.0
2026-07-06 14:00:00+00:00,0.07559999823570251,0.07649999856948853,0.0754999965429306,0.07590000331401825,2372760,0.0,0.0
2026-07-06 15:00:00+00:00,0.07590000331401825,0.07769999653100967,0.07580000162124634,0.07750000059604645,1596472,0.0,0.0
2026-07-06 16:00:00+00:00,0.07750000059604645,0.07919999957084656,0.07729999721050262,0.07850000262260437,6198760,0.0,0.0
2026-07-06 17:00:00+00:00,0.07850000262260437,0.07890000194311142,0.07800000160932541,0.07819999754428864,1266352,0.0,0.0
2026-07-06 18:00:00+00:00,0.07800000160932541,0.07859999686479568,0.07779999822378159,0.07850000262260437,0,0.0,0.0
2026-07-06 19:00:00+00:00,0.07850000262260437,0.07970000058412552,0.07829999923706055,0.07890000194311142,0,0.0,0.0
2026-07-06 20:00:00+00:00,0.07880000025033951,0.07880000025033951,0.07829999923706055,0.07850000262260437,0,0.0,0.0
2026-07-06 21:00:00+00:00,0.07850000262260437,0.07999999821186066,0.07850000262260437,0.07970000058412552,1409680,0.0,0.0
2026-07-06 22:00:00+00:00,0.07970000058412552,0.07970000058412552,0.07859999686479568,0.0786999985575676,0,0.0,0.0
2026-07-06 23:00:00+00:00,0.0786999985575676,0.07890000194311142,0.07829999923706055,0.07829999923706055,0,0.0,0.0
2026-07-07 00:00:00+00:00,0.07829999923706055,0.07850000262260437,0.07800000160932541,0.07819999754428864,0,0.0,0.0
2026-07-07 01:00:00+00:00,0.07819999754428864,0.07819999754428864,0.07739999890327454,0.07800000160932541,0,0.0,0.0
2026-07-07 02:00:00+00:00,0.07800000160932541,0.07800000160932541,0.07680000364780426,0.07689999788999557,0,0.0,0.0
2026-07-07 03:00:00+00:00,0.07689999788999557,0.07699999958276749,0.0763000026345253,0.07649999856948853,0,0.0,0.0
2026-07-07 04:00:00+00:00,0.07649999856948853,0.07670000195503235,0.0763000026345253,0.07670000195503235,4324288,0.0,0.0
2026-07-07 05:00:00+00:00,0.07670000195503235,0.07670000195503235,0.07530000060796738,0.07620000094175339,789432,0.0,0.0
2026-07-07 06:00:00+00:00,0.0763000026345253,0.07699999958276749,0.07599999755620956,0.07670000195503235,1092712,0.0,0.0
2026-07-07 07:00:00+00:00,0.07670000195503235,0.07689999788999557,0.07620000094175339,0.07620000094175339,3466392,0.0,0.0
2026-07-07 08:00:00+00:00,0.07620000094175339,0.07660000026226044,0.07599999755620956,0.07609999924898148,423024,0.0,0.0
2026-07-07 09:00:00+00:00,0.07580000162124634,0.0763000026345253,0.07580000162124634,0.07609999924898148,0,0.0,0.0
2026-07-07 10:00:00+00:00,0.07609999924898148,0.07660000026226044,0.07580000162124634,0.07590000331401825,2017960,0.0,0.0
2026-07-07 11:00:00+00:00,0.07590000331401825,0.07660000026226044,0.07569999992847443,0.07660000026226044,1425272,0.0,0.0
2026-07-07 12:00:00+00:00,0.07670000195503235,0.07729999721050262,0.07670000195503235,0.07699999958276749,0,0.0,0.0
2026-07-07 13:00:00+00:00,0.07699999958276749,0.07699999958276749,0.0754999965429306,0.07580000162124634,0,0.0,0.0
2026-07-07 14:00:00+00:00,0.0754999965429306,0.07639999687671661,0.07479999959468842,0.07639999687671661,2857416,0.0,0.0
2026-07-07 15:00:00+00:00,0.07639999687671661,0.07779999822378159,0.07609999924898148,0.07769999653100967,534328,0.0,0.0
2026-07-07 16:00:00+00:00,0.07779999822378159,0.07850000262260437,0.07750000059604645,0.07829999923706055,0,0.0,0.0
2026-07-07 17:00:00+00:00,0.07819999754428864,0.07829999923706055,0.07760000228881836,0.07829999923706055,1487128,0.0,0.0
2026-07-07 18:00:00+00:00,0.07829999923706055,0.07850000262260437,0.07639999687671661,0.07680000364780426,2778280,0.0,0.0
2026-07-07 19:00:00+00:00,0.07670000195503235,0.0778999999165535,0.07620000094175339,0.07720000296831131,1415920,0.0,0.0
2026-07-07 20:00:00+00:00,0.07720000296831131,0.07729999721050262,0.07639999687671661,0.07649999856948853,0,0.0,0.0
2026-07-07 21:00:00+00:00,0.07649999856948853,0.07680000364780426,0.0754999965429306,0.0754999965429306,0,0.0,0.0
2026-07-07 22:00:00+00:00,0.07540000230073929,0.07609999924898148,0.07509999722242355,0.07599999755620956,0,0.0,0.0
2026-07-07 23:00:00+00:00,0.07599999755620956,0.07649999856948853,0.07569999992847443,0.07580000162124634,1574904,0.0,0.0
2026-07-08 00:00:00+00:00,0.07580000162124634,0.07729999721050262,0.07580000162124634,0.07680000364780426,1788536,0.0,0.0
2026-07-08 01:00:00+00:00,0.07680000364780426,0.07689999788999557,0.07500000298023224,0.07500000298023224,3334552,0.0,0.0
2026-07-08 02:00:00+00:00,0.07479999959468842,0.07479999959468842,0.07360000163316727,0.07460000365972519,2783912,0.0,0.0
2026-07-08 03:00:00+00:00,0.07460000365972519,0.07500000298023224,0.07410000264644623,0.07419999688863754,998216,0.0,0.0
2026-07-08 04:00:00+00:00,0.07410000264644623,0.07429999858140945,0.07370000332593918,0.07429999858140945,0,0.0,0.0
2026-07-08 05:00:00+00:00,0.07429999858140945,0.0746999979019165,0.07410000264644623,0.07440000027418137,0,0.0,0.0
2026-07-08 06:00:00+00:00,0.07450000196695328,0.07450000196695328,0.0737999975681305,0.07419999688863754,0,0.0,0.0
2026-07-08 07:00:00+00:00,0.07419999688863754,0.0746999979019165,0.0738999992609024,0.07440000027418137,0,0.0,0.0
2026-07-08 08:00:00+00:00,0.07440000027418137,0.07450000196695328,0.0723000019788742,0.07259999960660934,7550928,0.0,0.0
2026-07-08 09:00:00+00:00,0.07259999960660934,0.0731000006198883,0.07240000367164612,0.07289999723434448,4048424,0.0,0.0
2026-07-08 10:00:00+00:00,0.07289999723434448,0.07349999994039536,0.07259999960660934,0.07320000231266022,0,0.0,0.0
2026-07-08 11:00:00+00:00,0.07320000231266022,0.07400000095367432,0.07320000231266022,0.0737999975681305,943728,0.0,0.0
2026-07-08 12:00:00+00:00,0.0737999975681305,0.07410000264644623,0.07339999824762344,0.07349999994039536,0,0.0,0.0
2026-07-08 13:00:00+00:00,0.07349999994039536,0.07410000264644623,0.0731000006198883,0.0737999975681305,1915288,0.0,0.0
2026-07-08 14:00:00+00:00,0.0737999975681305,0.07419999688863754,0.07329999655485153,0.0737999975681305,0,0.0,0.0
2026-07-08 15:00:00+00:00,0.0737999975681305,0.0737999975681305,0.07280000299215317,0.0731000006198883,0,0.0,0.0
2026-07-08 16:00:00+00:00,0.0731000006198883,0.07400000095367432,0.0731000006198883,0.07400000095367432,0,0.0,0.0
2026-07-08 17:00:00+00:00,0.07400000095367432,0.07460000365972519,0.0737999975681305,0.0738999992609024,0,0.0,0.0
2026-07-08 18:00:00+00:00,0.0738999992609024,0.07419999688863754,0.07349999994039536,0.07400000095367432,0,0.0,0.0
2026-07-08 19:00:00+00:00,0.07400000095367432,0.07419999688863754,0.0738999992609024,0.07410000264644623,0,0.0,0.0
2026-07-08 20:00:00+00:00,0.07410000264644623,0.07419999688863754,0.07360000163316727,0.07360000163316727,538712,0.0,0.0
2026-07-08 21:00:00+00:00,0.07360000163316727,0.07440000027418137,0.07320000231266022,0.07440000027418137,1342696,0.0,0.0
2026-07-08 22:00:00+00:00,0.07429999858140945,0.07479999959468842,0.07429999858140945,0.07460000365972519,1486024,0.0,0.0
2026-07-08 23:00:00+00:00,0.07460000365972519,0.07479999959468842,0.07429999858140945,0.07460000365972519,119720,0.0,0.0
2026-07-09 00:00:00+00:00,0.07460000365972519,0.07490000128746033,0.07419999688863754,0.07429999858140945,41856,0.0,0.0
2026-07-09 01:00:00+00:00,0.07429999858140945,0.07530000060796738,0.07410000264644623,0.07410000264644623,0,0.0,0.0
2026-07-09 02:00:00+00:00,0.07410000264644623,0.07479999959468842,0.0737999975681305,0.07400000095367432,0,0.0,0.0
2026-07-09 03:00:00+00:00,0.07400000095367432,0.07479999959468842,0.0737999975681305,0.0746999979019165,0,0.0,0.0
2026-07-09 04:00:00+00:00,0.0746999979019165,0.0754999965429306,0.07429999858140945,0.0754999965429306,0,0.0,0.0
2026-07-09 05:00:00+00:00,0.07540000230073929,0.07599999755620956,0.07519999891519547,0.07590000331401825,1412952,0.0,0.0
2026-07-09 06:00:00+00:00,0.07590000331401825,0.07720000296831131,0.07590000331401825,0.07680000364780426,3386152,0.0,0.0
2026-07-09 07:00:00+00:00,0.07670000195503235,0.07699999958276749,0.07599999755620956,0.0763000026345253,2589880,0.0,0.0
2026-07-09 08:00:00+00:00,0.0763000026345253,0.07680000364780426,0.07620000094175339,0.07670000195503235,0,0.0,0.0
2026-07-09 09:00:00+00:00,0.07660000026226044,0.07680000364780426,0.07639999687671661,0.07670000195503235,0,0.0,0.0
2026-07-09 10:00:00+00:00,0.07649999856948853,0.0771000012755394,0.07609999924898148,0.07649999856948853,2545520,0.0,0.0
2026-07-09 11:00:00+00:00,0.07649999856948853,0.07670000195503235,0.07620000094175339,0.0763000026345253,0,0.0,0.0
2026-07-09 12:00:00+00:00,0.0763000026345253,0.07660000026226044,0.07569999992847443,0.07590000331401825,2373488,0.0,0.0
2026-07-09 13:00:00+00:00,0.07590000331401825,0.0763000026345253,0.0754999965429306,0.0763000026345253,0,0.0,0.0
2026-07-09 14:00:00+00:00,0.07639999687671661,0.07660000026226044,0.07559999823570251,0.07609999924898148,0,0.0,0.0
2026-07-09 15:00:00+00:00,0.07620000094175339,0.07689999788999557,0.07609999924898148,0.0763000026345253,0,0.0,0.0
2026-07-09 16:00:00+00:00,0.0763000026345253,0.07670000195503235,0.07590000331401825,0.07620000094175339,0,0.0,0.0
2026-07-09 17:00:00+00:00,0.07620000094175339,0.07689999788999557,0.07590000331401825,0.07689999788999557,0,0.0,0.0
2026-07-09 18:00:00+00:00,0.07699999958276749,0.07779999822378159,0.07689999788999557,0.07720000296831131,3430080,0.0,0.0
2026-07-09 19:00:00+00:00,0.0771000012755394,0.0771000012755394,0.07660000026226044,0.07670000195503235,1212152,0.0,0.0
2026-07-09 20:00:00+00:00,0.07670000195503235,0.07739999890327454,0.07670000195503235,0.0771000012755394,195976,0.0,0.0
2026-07-09 21:00:00+00:00,0.0771000012755394,0.07750000059604645,0.07649999856948853,0.07680000364780426,0,0.0,0.0
2026-07-09 22:00:00+00:00,0.07680000364780426,0.07699999958276749,0.07660000026226044,0.07670000195503235,0,0.0,0.0
2026-07-09 23:00:00+00:00,0.07660000026226044,0.07689999788999557,0.07639999687671661,0.07639999687671661,0,0.0,0.0
2026-07-10 00:00:00+00:00,0.07639999687671661,0.07649999856948853,0.07599999755620956,0.07649999856948853,0,0.0,0.0
2026-07-10 01:00:00+00:00,0.07649999856948853,0.07850000262260437,0.07639999687671661,0.07810000330209732,795760,0.0,0.0
2026-07-10 02:00:00+00:00,0.07810000330209732,0.07900000363588333,0.07800000160932541,0.07890000194311142,3639704,0.0,0.0
2026-07-10 03:00:00+00:00,0.07880000025033951,0.07919999957084656,0.07850000262260437,0.07919999957084656,2115168,0.0,0.0
2026-07-10 04:00:00+00:00,0.07919999957084656,0.07930000126361847,0.07859999686479568,0.07890000194311142,14920,0.0,0.0
2026-07-10 05:00:00+00:00,0.07880000025033951,0.0794999971985817,0.07880000025033951,0.07919999957084656,864392,0.0,0.0
2026-07-10 06:00:00+00:00,0.07919999957084656,0.07930000126361847,0.07880000025033951,0.07909999787807465,0,0.0,0.0
2026-07-10 07:00:00+00:00,0.07900000363588333,0.07930000126361847,0.07859999686479568,0.07859999686479568,0,0.0,0.0
2026-07-10 08:00:00+00:00,0.07859999686479568,0.07909999787807465,0.07859999686479568,0.07880000025033951,401992,0.0,0.0
2026-07-10 09:00:00+00:00,0.0786999985575676,0.07890000194311142,0.07819999754428864,0.0786999985575676,0,0.0,0.0
2026-07-10 10:00:00+00:00,0.0786999985575676,0.07940000295639038,0.07850000262260437,0.07919999957084656,0,0.0,0.0
2026-07-10 11:00:00+00:00,0.07919999957084656,0.07930000126361847,0.07890000194311142,0.07900000363588333,0,0.0,0.0
2026-07-10 12:00:00+00:00,0.07900000363588333,0.07940000295639038,0.0786999985575676,0.07890000194311142,0,0.0,0.0
2026-07-10 13:00:00+00:00,0.07890000194311142,0.07930000126361847,0.0786999985575676,0.07900000363588333,556488,0.0,0.0
2026-07-10 14:00:00+00:00,0.07900000363588333,0.07900000363588333,0.0771000012755394,0.07810000330209732,2322384,0.0,0.0
2026-07-10 15:00:00+00:00,0.07810000330209732,0.07919999957084656,0.07810000330209732,0.07919999957084656,310200,0.0,0.0
2026-07-10 16:00:00+00:00,0.07919999957084656,0.08020000159740448,0.07890000194311142,0.08020000159740448,2819048,0.0,0.0
2026-07-10 17:00:00+00:00,0.08020000159740448,0.08020000159740448,0.07930000126361847,0.07940000295639038,2185432,0.0,0.0
2026-07-10 18:00:00+00:00,0.07940000295639038,0.08070000261068344,0.07919999957084656,0.07959999889135361,0,0.0,0.0
2026-07-10 19:00:00+00:00,0.07959999889135361,0.08100000023841858,0.07940000295639038,0.08030000329017639,3391880,0.0,0.0
2026-07-10 20:00:00+00:00,0.08030000329017639,0.0803999975323677,0.0794999971985817,0.07999999821186066,1276224,0.0,0.0
2026-07-10 21:00:00+00:00,0.07999999821186066,0.08150000125169754,0.07999999821186066,0.08100000023841858,3634784,0.0,0.0
2026-07-10 22:00:00+00:00,0.08100000023841858,0.0820000022649765,0.08100000023841858,0.08160000294446945,3607712,0.0,0.0
2026-07-10 23:00:00+00:00,0.08160000294446945,0.08169999718666077,0.08089999854564667,0.08100000023841858,2424320,0.0,0.0
2026-07-11 00:00:00+00:00,0.08100000023841858,0.08150000125169754,0.08070000261068344,0.08150000125169754,1481808,0.0,0.0
2026-07-11 01:00:00+00:00,0.08150000125169754,0.08250000327825546,0.08129999786615372,0.08160000294446945,0,0.0,0.0
2026-07-11 02:00:00+00:00,0.08160000294446945,0.0828000009059906,0.08160000294446945,0.08269999921321869,643144,0.0,0.0
2026-07-11 03:00:00+00:00,0.0828000009059906,0.0828000009059906,0.0820000022649765,0.08219999819993973,0,0.0,0.0
2026-07-11 04:00:00+00:00,0.08219999819993973,0.08269999921321869,0.08169999718666077,0.08179999887943268,1415984,0.0,0.0
2026-07-11 05:00:00+00:00,0.08179999887943268,0.0820000022649765,0.08129999786615372,0.08129999786615372,1238112,0.0,0.0
2026-07-11 06:00:00+00:00,0.0812000036239624,0.0820000022649765,0.0812000036239624,0.08129999786615372,601120,0.0,0.0
2026-07-11 07:00:00+00:00,0.08129999786615372,0.08169999718666077,0.08110000193119049,0.08139999955892563,167304,0.0,0.0
2026-07-11 08:00:00+00:00,0.08139999955892563,0.08219999819993973,0.08129999786615372,0.08190000057220459,0,0.0,0.0
2026-07-11 09:00:00+00:00,0.08190000057220459,0.08219999819993973,0.08160000294446945,0.08179999887943268,921552,0.0,0.0
2026-07-11 10:00:00+00:00,0.08179999887943268,0.0820000022649765,0.08150000125169754,0.08179999887943268,273896,0.0,0.0
2026-07-11 11:00:00+00:00,0.08179999887943268,0.08340000361204147,0.08179999887943268,0.08219999819993973,3030256,0.0,0.0
2026-07-11 12:00:00+00:00,0.08209999650716782,0.08240000158548355,0.08190000057220459,0.08219999819993973,550328,0.0,0.0
2026-07-11 13:00:00+00:00,0.08219999819993973,0.08299999684095383,0.08190000057220459,0.08290000259876251,0,0.0,0.0
2026-07-11 14:00:00+00:00,0.08299999684095383,0.08380000293254852,0.08269999921321869,0.0835999995470047,2844832,0.0,0.0
2026-07-11 15:00:00+00:00,0.08370000123977661,0.08389999717473984,0.08209999650716782,0.08240000158548355,5934264,0.0,0.0
2026-07-11 16:00:00+00:00,0.08240000158548355,0.08250000327825546,0.08169999718666077,0.08209999650716782,0,0.0,0.0
2026-07-11 17:00:00+00:00,0.08209999650716782,0.08290000259876251,0.0820000022649765,0.08229999989271164,0,0.0,0.0
2026-07-11 18:00:00+00:00,0.08229999989271164,0.08399999886751175,0.08229999989271164,0.08399999886751175,1331360,0.0,0.0
2026-07-11 19:00:00+00:00,0.08399999886751175,0.08399999886751175,0.08320000022649765,0.08389999717473984,412240,0.0,0.0
2026-07-11 20:00:00+00:00,0.08389999717473984,0.08399999886751175,0.08290000259876251,0.08290000259876251,0,0.0,0.0
2026-07-11 21:00:00+00:00,0.08290000259876251,0.08299999684095383,0.08219999819993973,0.08229999989271164,0,0.0,0.0
2026-07-11 22:00:00+00:00,0.08219999819993973,0.08219999819993973,0.0812000036239624,0.08150000125169754,0,0.0,0.0
2026-07-11 23:00:00+00:00,0.08150000125169754,0.08160000294446945,0.07980000227689743,0.07980000227689743,1482128,0.0,0.0
2026-07-12 00:00:00+00:00,0.07980000227689743,0.08020000159740448,0.07919999957084656,0.07989999651908875,602448,0.0,0.0
2026-07-12 01:00:00+00:00,0.07970000058412552,0.08049999922513962,0.07959999889135361,0.08049999922513962,0,0.0,0.0
2026-07-12 02:00:00+00:00,0.08049999922513962,0.08049999922513962,0.08009999990463257,0.08049999922513962,0,0.0,0.0
2026-07-12 03:00:00+00:00,0.08049999922513962,0.08100000023841858,0.0803999975323677,0.08089999854564667,0,0.0,0.0
2026-07-12 04:00:00+00:00,0.08089999854564667,0.0812000036239624,0.08060000091791153,0.08070000261068344,0,0.0,0.0
2026-07-12 05:00:00+00:00,0.08070000261068344,0.08110000193119049,0.08049999922513962,0.08060000091791153,0,0.0,0.0
2026-07-12 06:00:00+00:00,0.08060000091791153,0.08060000091791153,0.07980000227689743,0.0803999975323677,0,0.0,0.0
2026-07-12 07:00:00+00:00,0.0803999975323677,0.08060000091791153,0.08030000329017639,0.08060000091791153,0,0.0,0.0
2026-07-12 08:00:00+00:00,0.08060000091791153,0.08250000327825546,0.08049999922513962,0.08169999718666077,3051808,0.0,0.0
2026-07-12 09:00:00+00:00,0.08169999718666077,0.08240000158548355,0.08100000023841858,0.08209999650716782,997872,0.0,0.0
2026-07-12 10:00:00+00:00,0.08209999650716782,0.08219999819993973,0.08160000294446945,0.08169999718666077,0,0.0,0.0
2026-07-12 11:00:00+00:00,0.08169999718666077,0.08179999887943268,0.08070000261068344,0.08160000294446945,0,0.0,0.0
2026-07-12 12:00:00+00:00,0.08150000125169754,0.08209999650716782,0.08100000023841858,0.0812000036239624,0,0.0,0.0
2026-07-12 13:00:00+00:00,0.0812000036239624,0.08160000294446945,0.08110000193119049,0.0812000036239624,0,0.0,0.0
2026-07-12 14:00:00+00:00,0.0812000036239624,0.08179999887943268,0.08100000023841858,0.08150000125169754,0,0.0,0.0
2026-07-12 15:00:00+00:00,0.08150000125169754,0.08219999819993973,0.0812000036239624,0.0812000036239624,0,0.0,0.0
2026-07-12 16:00:00+00:00,0.0812000036239624,0.08179999887943268,0.0812000036239624,0.08160000294446945,0,0.0,0.0
2026-07-12 17:00:00+00:00,0.08160000294446945,0.08160000294446945,0.08070000261068344,0.08089999854564667,0,0.0,0.0
2026-07-12 18:00:00+00:00,0.08089999854564667,0.08100000023841858,0.08070000261068344,0.08070000261068344,0,0.0,0.0
2026-07-12 19:00:00+00:00,0.08070000261068344,0.08150000125169754,0.08070000261068344,0.08129999786615372,0,0.0,0.0
2026-07-12 20:00:00+00:00,0.08129999786615372,0.08129999786615372,0.08079999685287476,0.08089999854564667,0,0.0,0.0
2026-07-12 21:00:00+00:00,0.08089999854564667,0.08129999786615372,0.0803999975323677,0.08070000261068344,0,0.0,0.0
2026-07-12 22:00:00+00:00,0.08070000261068344,0.08070000261068344,0.07959999889135361,0.08009999990463257,0,0.0,0.0
2026-07-12 23:00:00+00:00,0.08009999990463257,0.08009999990463257,0.07970000058412552,0.07970000058412552,0,0.0,0.0
2026-07-13 00:00:00+00:00,0.07989999651908875,0.08179999887943268,0.07970000058412552,0.08030000329017639,2077592,0.0,0.0
2026-07-13 01:00:00+00:00,0.08020000159740448,0.08049999922513962,0.07930000126361847,0.07930000126361847,1389080,0.0,0.0
2026-07-13 02:00:00+00:00,0.07930000126361847,0.07970000058412552,0.07880000025033951,0.07930000126361847,2716400,0.0,0.0
2026-07-13 03:00:00+00:00,0.07930000126361847,0.07940000295639038,0.07769999653100967,0.07819999754428864,4894208,0.0,0.0
2026-07-13 04:00:00+00:00,0.07810000330209732,0.07859999686479568,0.07800000160932541,0.07829999923706055,501856,0.0,0.0
2026-07-13 05:00:00+00:00,0.07829999923706055,0.07909999787807465,0.07810000330209732,0.07900000363588333,2255224,0.0,0.0
2026-07-13 06:00:00+00:00,0.07919999957084656,0.0794999971985817,0.07900000363588333,0.07900000363588333,0,0.0,0.0
2026-07-13 07:00:00+00:00,0.07909999787807465,0.07909999787807465,0.07880000025033951,0.07890000194311142,795512,0.0,0.0
2026-07-13 08:00:00+00:00,0.07890000194311142,0.07909999787807465,0.07859999686479568,0.07900000363588333,0,0.0,0.0
2026-07-13 09:00:00+00:00,0.07900000363588333,0.07909999787807465,0.07900000363588333,0.07900000363588333,0,0.0,0.0
2026-07-13 10:00:00+00:00,0.07900000363588333,0.07930000126361847,0.07890000194311142,0.07919999957084656,0,0.0,0.0
2026-07-13 11:00:00+00:00,0.07919999957084656,0.07959999889135361,0.07919999957084656,0.07930000126361847,0,0.0,0.0
2026-07-13 12:00:00+00:00,0.07930000126361847,0.0794999971985817,0.07890000194311142,0.07900000363588333,506048,0.0,0.0
2026-07-13 13:00:00+00:00,0.07900000363588333,0.07919999957084656,0.07840000092983246,0.07880000025033951,2463232,0.0,0.0
2026-07-13 14:00:00+00:00,0.07880000025033951,0.07970000058412552,0.07840000092983246,0.07959999889135361,2534024,0.0,0.0
2026-07-13 15:00:00+00:00,0.07959999889135361,0.07980000227689743,0.07880000025033951,0.07880000025033951,390120,0.0,0.0
2026-07-13 16:00:00+00:00,0.07880000025033951,0.07919999957084656,0.07829999923706055,0.07890000194311142,402512,0.0,0.0
2026-07-13 17:00:00+00:00,0.07890000194311142,0.07890000194311142,0.07779999822378159,0.07779999822378159,1866448,0.0,0.0
2026-07-13 18:00:00+00:00,0.0778999999165535,0.07850000262260437,0.07779999822378159,0.07819999754428864,657704,0.0,0.0
2026-07-13 19:00:00+00:00,0.07819999754428864,0.07890000194311142,0.07800000160932541,0.07859999686479568,0,0.0,0.0
2026-07-13 20:00:00+00:00,0.07859999686479568,0.07880000025033951,0.07800000160932541,0.07810000330209732,1318096,0.0,0.0
2026-07-13 21:00:00+00:00,0.07810000330209732,0.07810000330209732,0.07699999958276749,0.07750000059604645,1144120,0.0,0.0
2026-07-13 22:00:00+00:00,0.07750000059604645,0.0778999999165535,0.07750000059604645,0.07779999822378159,0,0.0,0.0
2026-07-13 23:00:00+00:00,0.07779999822378159,0.07840000092983246,0.07769999653100967,0.07840000092983246,541632,0.0,0.0
2026-07-14 00:00:00+00:00,0.07850000262260437,0.0794999971985817,0.07810000330209732,0.0794999971985817,0,0.0,0.0
2026-07-14 01:00:00+00:00,0.0794999971985817,0.08089999854564667,0.0794999971985817,0.08060000091791153,0,0.0,0.0
2026-07-14 02:00:00+00:00,0.08060000091791153,0.08060000091791153,0.07940000295639038,0.08009999990463257,27032,0.0,0.0
2026-07-14 03:00:00+00:00,0.08009999990463257,0.08009999990463257,0.07919999957084656,0.07959999889135361,0,0.0,0.0
2026-07-14 04:00:00+00:00,0.07959999889135361,0.08070000261068344,0.07959999889135361,0.08070000261068344,0,0.0,0.0
2026-07-14 05:00:00+00:00,0.08060000091791153,0.0820000022649765,0.08060000091791153,0.08160000294446945,555752,0.0,0.0
2026-07-14 06:00:00+00:00,0.08160000294446945,0.08229999989271164,0.08129999786615372,0.08229999989271164,2759488,0.0,0.0
2026-07-14 07:00:00+00:00,0.08229999989271164,0.08380000293254852,0.08219999819993973,0.08269999921321869,4950880,0.0,0.0
2026-07-14 08:00:00+00:00,0.08269999921321869,0.08420000225305557,0.08269999921321869,0.0828000009059906,6732440,0.0,0.0
2026-07-14 09:00:00+00:00,0.0828000009059906,0.08299999684095383,0.08229999989271164,0.08259999752044678,3193888,0.0,0.0
2026-07-14 10:00:00+00:00,0.08259999752044678,0.08449999988079071,0.08250000327825546,0.08370000123977661,4504120,0.0,0.0
2026-07-14 11:00:00+00:00,0.08370000123977661,0.08380000293254852,0.08269999921321869,0.08290000259876251,4605312,0.0,0.0
2026-07-14 12:00:00+00:00,0.08299999684095383,0.08500000089406967,0.0828000009059906,0.08470000326633453,9940784,0.0,0.0
2026-07-14 13:00:00+00:00,0.08479999750852585,0.0851999968290329,0.08370000123977661,0.08380000293254852,6255056,0.0,0.0
2026-07-14 14:00:00+00:00,0.08380000293254852,0.08429999649524689,0.08340000361204147,0.08429999649524689,1040608,0.0,0.0
2026-07-14 15:00:00+00:00,0.08429999649524689,0.0843999981880188,0.0835999995470047,0.0835999995470047,2884192,0.0,0.0
2026-07-14 16:00:00+00:00,0.0835999995470047,0.08420000225305557,0.08349999785423279,0.08370000123977661,2244432,0.0,0.0
2026-07-14 17:00:00+00:00,0.08370000123977661,0.08420000225305557,0.08320000022649765,0.08410000056028366,980576,0.0,0.0
2026-07-14 18:00:00+00:00,0.08410000056028366,0.08420000225305557,0.08380000293254852,0.08399999886751175,342896,0.0,0.0
2026-07-14 19:00:00+00:00,0.08399999886751175,0.0843999981880188,0.08389999717473984,0.0843999981880188,1104752,0.0,0.0
2026-07-14 20:00:00+00:00,0.0843999981880188,0.0843999981880188,0.08380000293254852,0.08429999649524689,0,0.0,0.0
2026-07-14 21:00:00+00:00,0.0843999981880188,0.0843999981880188,0.08389999717473984,0.08429999649524689,0,0.0,0.0
2026-07-14 22:00:00+00:00,0.0843999981880188,0.08500000089406967,0.08420000225305557,0.08420000225305557,2777296,0.0,0.0
2026-07-14 23:00:00+00:00,0.08420000225305557,0.08429999649524689,0.08389999717473984,0.08410000056028366,34304,0.0,0.0
2026-07-15 00:00:00+00:00,0.08399999886751175,0.08399999886751175,0.0835999995470047,0.08370000123977661,0,0.0,0.0
2026-07-15 01:00:00+00:00,0.08370000123977661,0.08399999886751175,0.08330000191926956,0.08330000191926956,0,0.0,0.0
2026-07-15 02:00:00+00:00,0.08330000191926956,0.08370000123977661,0.08309999853372574,0.08320000022649765,0,0.0,0.0
2026-07-15 03:00:00+00:00,0.08320000022649765,0.08380000293254852,0.08309999853372574,0.08370000123977661,0,0.0,0.0
2026-07-15 04:00:00+00:00,0.08370000123977661,0.08380000293254852,0.08309999853372574,0.08349999785423279,0,0.0,0.0
2026-07-15 05:00:00+00:00,0.08349999785423279,0.08349999785423279,0.0828000009059906,0.08330000191926956,0,0.0,0.0
2026-07-15 06:00:00+00:00,0.08330000191926956,0.08380000293254852,0.08320000022649765,0.08320000022649765,1986576,0.0,0.0
2026-07-15 07:00:00+00:00,0.08320000022649765,0.08320000022649765,0.08250000327825546,0.08269999921321869,0,0.0,0.0
2026-07-15 08:00:00+00:00,0.08269999921321869,0.08309999853372574,0.08250000327825546,0.08299999684095383,0,0.0,0.0
2026-07-15 09:00:00+00:00,0.08299999684095383,0.0835999995470047,0.08299999684095383,0.08320000022649765,0,0.0,0.0
2026-07-15 10:00:00+00:00,0.08320000022649765,0.08370000123977661,0.08309999853372574,0.08349999785423279,0,0.0,0.0
2026-07-15 11:00:00+00:00,0.08349999785423279,0.08370000123977661,0.08290000259876251,0.08349999785423279,0,0.0,0.0
2026-07-15 12:00:00+00:00,0.08349999785423279,0.08489999920129776,0.08309999853372574,0.08460000157356262,0,0.0,0.0
2026-07-15 13:00:00+00:00,0.08470000326633453,0.08560000360012054,0.0843999981880188,0.08489999920129776,0,0.0,0.0
2026-07-15 14:00:00+00:00,0.08489999920129776,0.08500000089406967,0.08380000293254852,0.08420000225305557,0,0.0,0.0
2026-07-15 15:00:00+00:00,0.08420000225305557,0.08489999920129776,0.08380000293254852,0.08489999920129776,0,0.0,0.0
2026-07-15 16:00:00+00:00,0.08479999750852585,0.08479999750852585,0.08340000361204147,0.08420000225305557,687456,0.0,0.0
2026-07-15 17:00:00+00:00,0.08420000225305557,0.08470000326633453,0.08389999717473984,0.08449999988079071,0,0.0,0.0
2026-07-15 18:00:00+00:00,0.08449999988079071,0.08460000157356262,0.08309999853372574,0.08340000361204147,325664,0.0,0.0
2026-07-15 19:00:00+00:00,0.08340000361204147,0.08340000361204147,0.08259999752044678,0.08269999921321869,3289888,0.0,0.0
2026-07-15 20:00:00+00:00,0.08269999921321869,0.0835999995470047,0.08269999921321869,0.08349999785423279,2420824,0.0,0.0
2026-07-15 21:00:00+00:00,0.08349999785423279,0.08410000056028366,0.08340000361204147,0.08349999785423279,1283560,0.0,0.0
2026-07-15 22:00:00+00:00,0.08349999785423279,0.0843999981880188,0.08349999785423279,0.08410000056028366,0,0.0,0.0
2026-07-15 23:00:00+00:00,0.08410000056028366,0.08410000056028366,0.08340000361204147,0.08349999785423279,1566848,0.0,0.0
2026-07-16 00:00:00+00:00,0.08349999785423279,0.08370000123977661,0.08290000259876251,0.08299999684095383,767912,0.0,0.0
2026-07-16 01:00:00+00:00,0.08299999684095383,0.08380000293254852,0.08269999921321869,0.08370000123977661,708312,0.0,0.0
2026-07-16 02:00:00+00:00,0.08370000123977661,0.08449999988079071,0.08340000361204147,0.08449999988079071,1319056,0.0,0.0
2026-07-16 03:00:00+00:00,0.08449999988079071,0.08460000157356262,0.08370000123977661,0.08389999717473984,1575392,0.0,0.0
2026-07-16 04:00:00+00:00,0.08389999717473984,0.08429999649524689,0.08340000361204147,0.08389999717473984,585480,0.0,0.0
2026-07-16 05:00:00+00:00,0.08389999717473984,0.08479999750852585,0.08389999717473984,0.08410000056028366,2458568,0.0,0.0
2026-07-16 06:00:00+00:00,0.08420000225305557,0.08470000326633453,0.08420000225305557,0.08470000326633453,0,0.0,0.0
2026-07-16 07:00:00+00:00,0.08460000157356262,0.08479999750852585,0.08229999989271164,0.08299999684095383,5097808,0.0,0.0
2026-07-16 08:00:00+00:00,0.08299999684095383,0.08299999684095383,0.0820000022649765,0.08240000158548355,7399872,0.0,0.0
2026-07-16 09:00:00+00:00,0.08250000327825546,0.08250000327825546,0.08150000125169754,0.08160000294446945,2138016,0.0,0.0
2026-07-16 10:00:00+00:00,0.08160000294446945,0.08219999819993973,0.08160000294446945,0.08219999819993973,0,0.0,0.0
2026-07-16 11:00:00+00:00,0.08219999819993973,0.08229999989271164,0.08169999718666077,0.08190000057220459,0,0.0,0.0
2026-07-16 12:00:00+00:00,0.08190000057220459,0.08219999819993973,0.08169999718666077,0.08209999650716782,0,0.0,0.0
2026-07-16 13:00:00+00:00,0.08209999650716782,0.08449999988079071,0.08209999650716782,0.08449999988079071,0,0.0,0.0
2026-07-16 14:00:00+00:00,0.08460000157356262,0.08619999885559082,0.08449999988079071,0.08500000089406967,7737040,0.0,0.0
2026-07-16 15:00:00+00:00,0.08510000258684158,0.0860000029206276,0.08420000225305557,0.08550000190734863,5461136,0.0,0.0
2026-07-16 16:00:00+00:00,0.08529999852180481,0.0860000029206276,0.08489999920129776,0.08569999784231186,1614896,0.0,0.0
2026-07-16 17:00:00+00:00,0.08569999784231186,0.08569999784231186,0.08389999717473984,0.08420000225305557,2968864,0.0,0.0
2026-07-16 18:00:00+00:00,0.08420000225305557,0.08510000258684158,0.08420000225305557,0.08449999988079071,263456,0.0,0.0
2026-07-16 19:00:00+00:00,0.0843999981880188,0.08500000089406967,0.08399999886751175,0.08410000056028366,0,0.0,0.0
2026-07-16 20:00:00+00:00,0.08420000225305557,0.08420000225305557,0.08340000361204147,0.08370000123977661,978352,0.0,0.0
2026-07-16 21:00:00+00:00,0.08370000123977661,0.08479999750852585,0.08370000123977661,0.08380000293254852,1228528,0.0,0.0
2026-07-16 22:00:00+00:00,0.08380000293254852,0.0843999981880188,0.08250000327825546,0.0828000009059906,1602000,0.0,0.0
2026-07-16 23:00:00+00:00,0.0828000009059906,0.08290000259876251,0.0820000022649765,0.08219999819993973,878496,0.0,0.0
2026-07-17 00:00:00+00:00,0.08219999819993973,0.08259999752044678,0.08179999887943268,0.08250000327825546,3082880,0.0,0.0
2026-07-17 01:00:00+00:00,0.08250000327825546,0.0828000009059906,0.08089999854564667,0.08089999854564667,1883504,0.0,0.0
2026-07-17 02:00:00+00:00,0.08089999854564667,0.08089999854564667,0.07989999651908875,0.0803999975323677,3637792,0.0,0.0
2026-07-17 03:00:00+00:00,0.0803999975323677,0.08160000294446945,0.08020000159740448,0.08079999685287476,1217280,0.0,0.0
2026-07-17 04:00:00+00:00,0.08079999685287476,0.08129999786615372,0.0803999975323677,0.0812000036239624,816608,0.0,0.0
2026-07-17 05:00:00+00:00,0.08110000193119049,0.08110000193119049,0.07980000227689743,0.08009999990463257,0,0.0,0.0
2026-07-17 06:00:00+00:00,0.08009999990463257,0.08060000091791153,0.08009999990463257,0.0803999975323677,76736,0.0,0.0
2026-07-17 07:00:00+00:00,0.08049999922513962,0.08070000261068344,0.08009999990463257,0.08009999990463257,0,0.0,0.0
2026-07-17 08:00:00+00:00,0.08009999990463257,0.08060000091791153,0.07959999889135361,0.08060000091791153,0,0.0,0.0
2026-07-17 09:00:00+00:00,0.08060000091791153,0.0812000036239624,0.08049999922513962,0.08070000261068344,0,0.0,0.0
2026-07-17 10:00:00+00:00,0.08070000261068344,0.08129999786615372,0.08070000261068344,0.08110000193119049,0,0.0,0.0
2026-07-17 11:00:00+00:00,0.08110000193119049,0.08139999955892563,0.08100000023841858,0.08110000193119049,906976,0.0,0.0
2026-07-17 12:00:00+00:00,0.08110000193119049,0.08110000193119049,0.07989999651908875,0.08009999990463257,0,0.0,0.0
2026-07-17 13:00:00+00:00,0.07999999821186066,0.08030000329017639,0.0786999985575676,0.08030000329017639,2738928,0.0,0.0
2026-07-17 14:00:00+00:00,0.0803999975323677,0.08110000193119049,0.08009999990463257,0.08020000159740448,0,0.0,0.0
2026-07-17 15:00:00+00:00,0.08020000159740448,0.08079999685287476,0.07959999889135361,0.08070000261068344,0,0.0,0.0
2026-07-17 16:00:00+00:00,0.08070000261068344,0.08269999921321869,0.08070000261068344,0.08219999819993973,0,0.0,0.0
2026-07-17 17:00:00+00:00,0.08219999819993973,0.08309999853372574,0.08219999819993973,0.08250000327825546,0,0.0,0.0
2026-07-17 18:00:00+00:00,0.08240000158548355,0.08299999684095383,0.0820000022649765,0.0828000009059906,776576,0.0,0.0
2026-07-17 19:00:00+00:00,0.0828000009059906,0.08290000259876251,0.08150000125169754,0.08190000057220459,1244912,0.0,0.0
2026-07-17 20:00:00+00:00,0.08190000057220459,0.08229999989271164,0.08169999718666077,0.08229999989271164,0,0.0,0.0
2026-07-17 21:00:00+00:00,0.08229999989271164,0.08259999752044678,0.08179999887943268,0.08179999887943268,0,0.0,0.0
2026-07-17 22:00:00+00:00,0.08179999887943268,0.08190000057220459,0.08150000125169754,0.08190000057220459,0,0.0,0.0
2026-07-17 23:00:00+00:00,0.08190000057220459,0.08209999650716782,0.08150000125169754,0.08190000057220459,0,0.0,0.0
2026-07-18 00:00:00+00:00,0.08190000057220459,0.08250000327825546,0.08169999718666077,0.08240000158548355,0,0.0,0.0
2026-07-18 01:00:00+00:00,0.08240000158548355,0.08250000327825546,0.08219999819993973,0.08219999819993973,0,0.0,0.0
2026-07-18 02:00:00+00:00,0.08219999819993973,0.08299999684095383,0.08219999819993973,0.08269999921321869,0,0.0,0.0
2026-07-18 03:00:00+00:00,0.08269999921321869,0.0828000009059906,0.08219999819993973,0.08219999819993973,0,0.0,0.0
2026-07-18 04:00:00+00:00,0.08219999819993973,0.08229999989271164,0.08169999718666077,0.08190000057220459,0,0.0,0.0
2026-07-18 05:00:00+00:00,0.0820000022649765,0.08229999989271164,0.0812000036239624,0.08129999786615372,0,0.0,0.0
2026-07-18 06:00:00+00:00,0.08129999786615372,0.08139999955892563,0.08110000193119049,0.08129999786615372,0,0.0,0.0
2026-07-18 07:00:00+00:00,0.08129999786615372,0.08129999786615372,0.08089999854564667,0.08110000193119049,0,0.0,0.0
2026-07-18 08:00:00+00:00,0.08110000193119049,0.0812000036239624,0.08070000261068344,0.08070000261068344,0,0.0,0.0
2026-07-18 09:00:00+00:00,0.08070000261068344,0.08070000261068344,0.07989999651908875,0.08020000159740448,1930304,0.0,0.0
2026-07-18 10:00:00+00:00,0.08020000159740448,0.08070000261068344,0.07999999821186066,0.08030000329017639,857112,0.0,0.0
2026-07-18 11:00:00+00:00,0.08030000329017639,0.0803999975323677,0.08020000159740448,0.08020000159740448,0,0.0,0.0
2026-07-18 12:00:00+00:00,0.08020000159740448,0.08079999685287476,0.07999999821186066,0.08060000091791153,558504,0.0,0.0
2026-07-18 13:00:00+00:00,0.08060000091791153,0.08060000091791153,0.08009999990463257,0.08020000159740448,0,0.0,0.0
2026-07-18 14:00:00+00:00,0.08020000159740448,0.08070000261068344,0.07989999651908875,0.08070000261068344,0,0.0,0.0
2026-07-18 15:00:00+00:00,0.08070000261068344,0.08070000261068344,0.08009999990463257,0.08020000159740448,0,0.0,0.0
2026-07-18 16:00:00+00:00,0.08020000159740448,0.0803999975323677,0.07959999889135361,0.08020000159740448,0,0.0,0.0
2026-07-18 17:00:00+00:00,0.08020000159740448,0.08079999685287476,0.08009999990463257,0.08060000091791153,0,0.0,0.0
2026-07-18 18:00:00+00:00,0.08060000091791153,0.08110000193119049,0.08030000329017639,0.0803999975323677,0,0.0,0.0
2026-07-18 19:00:00+00:00,0.0803999975323677,0.08060000091791153,0.08020000159740448,0.0803999975323677,0,0.0,0.0
2026-07-18 20:00:00+00:00,0.0803999975323677,0.08070000261068344,0.08030000329017639,0.08049999922513962,0,0.0,0.0
2026-07-18 21:00:00+00:00,0.08049999922513962,0.08100000023841858,0.08049999922513962,0.08089999854564667,710864,0.0,0.0
2026-07-18 22:00:00+00:00,0.08089999854564667,0.0812000036239624,0.08089999854564667,0.08110000193119049,1751552,0.0,0.0
2026-07-18 23:00:00+00:00,0.08110000193119049,0.08110000193119049,0.08070000261068344,0.08070000261068344,389968,0.0,0.0
2026-07-19 00:00:00+00:00,0.08070000261068344,0.08079999685287476,0.08060000091791153,0.08079999685287476,0,0.0,0.0
2026-07-19 01:00:00+00:00,0.08079999685287476,0.08079999685287476,0.08049999922513962,0.08060000091791153,0,0.0,0.0
2026-07-19 02:00:00+00:00,0.08060000091791153,0.0812000036239624,0.08060000091791153,0.08089999854564667,0,0.0,0.0
2026-07-19 03:00:00+00:00,0.08089999854564667,0.08089999854564667,0.08030000329017639,0.0803999975323677,548592,0.0,0.0
2026-07-19 04:00:00+00:00,0.0803999975323677,0.08049999922513962,0.08009999990463257,0.08030000329017639,0,0.0,0.0
2026-07-19 05:00:00+00:00,0.08030000329017639,0.08060000091791153,0.08030000329017639,0.0803999975323677,0,0.0,0.0
2026-07-19 06:00:00+00:00,0.0803999975323677,0.08079999685287476,0.08030000329017639,0.08049999922513962,0,0.0,0.0
2026-07-19 07:00:00+00:00,0.08049999922513962,0.08060000091791153,0.0803999975323677,0.08049999922513962,0,0.0,0.0
2026-07-19 08:00:00+00:00,0.08049999922513962,0.08110000193119049,0.08049999922513962,0.08079999685287476,1437000,0.0,0.0
2026-07-19 09:00:00+00:00,0.08079999685287476,0.08100000023841858,0.08060000091791153,0.08089999854564667,0,0.0,0.0
2026-07-19 10:00:00+00:00,0.08089999854564667,0.08100000023841858,0.08049999922513962,0.08070000261068344,0,0.0,0.0
2026-07-19 11:00:00+00:00,0.08070000261068344,0.08070000261068344,0.08020000159740448,0.08020000159740448,106480,0.0,0.0
2026-07-19 12:00:00+00:00,0.08020000159740448,0.08030000329017639,0.07980000227689743,0.08030000329017639,0,0.0,0.0
2026-07-19 13:00:00+00:00,0.08030000329017639,0.08030000329017639,0.07989999651908875,0.08020000159740448,0,0.0,0.0
2026-07-19 14:00:00+00:00,0.08020000159740448,0.08079999685287476,0.08020000159740448,0.08070000261068344,0,0.0,0.0
2026-07-19 15:00:00+00:00,0.08070000261068344,0.08070000261068344,0.08020000159740448,0.0803999975323677,0,0.0,0.0
2026-07-19 16:00:00+00:00,0.0803999975323677,0.08049999922513962,0.07980000227689743,0.07980000227689743,0,0.0,0.0
2026-07-19 17:00:00+00:00,0.07980000227689743,0.08020000159740448,0.07909999787807465,0.07999999821186066,1175600,0.0,0.0
2026-07-19 18:00:00+00:00,0.07999999821186066,0.08020000159740448,0.0794999971985817,0.08020000159740448,0,0.0,0.0
2026-07-19 19:00:00+00:00,0.08020000159740448,0.08030000329017639,0.07999999821186066,0.08020000159740448,254064,0.0,0.0
2026-07-19 20:00:00+00:00,0.08030000329017639,0.08030000329017639,0.08009999990463257,0.08020000159740448,0,0.0,0.0
2026-07-19 21:00:00+00:00,0.08030000329017639,0.08030000329017639,0.07940000295639038,0.07940000295639038,0,0.0,0.0
2026-07-19 22:00:00+00:00,0.07940000295639038,0.0803999975323677,0.07940000295639038,0.07999999821186066,222712,0.0,0.0
2026-07-19 23:00:00+00:00,0.07989999651908875,0.07989999651908875,0.07959999889135361,0.07989999651908875,71824,0.0,0.0
2026-07-20 00:00:00+00:00,0.07980000227689743,0.08089999854564667,0.07940000295639038,0.07959999889135361,1876832,0.0,0.0
2026-07-20 01:00:00+00:00,0.07970000058412552,0.08070000261068344,0.07909999787807465,0.0794999971985817,184048,0.0,0.0
2026-07-20 02:00:00+00:00,0.0794999971985817,0.08070000261068344,0.0794999971985817,0.08049999922513962,562816,0.0,0.0
2026-07-20 03:00:00+00:00,0.08060000091791153,0.08100000023841858,0.08030000329017639,0.0803999975323677,0,0.0,0.0
2026-07-20 04:00:00+00:00,0.0803999975323677,0.08049999922513962,0.07970000058412552,0.07999999821186066,438880,0.0,0.0
2026-07-20 05:00:00+00:00,0.07999999821186066,0.07999999821186066,0.07900000363588333,0.07919999957084656,1726240,0.0,0.0
2026-07-20 06:00:00+00:00,0.07919999957084656,0.07930000126361847,0.07829999923706055,0.07880000025033951,2508296,0.0,0.0
2026-07-20 07:00:00+00:00,0.07880000025033951,0.07959999889135361,0.0786999985575676,0.07959999889135361,1055768,0.0,0.0
2026-07-20 08:00:00+00:00,0.07959999889135361,0.07970000058412552,0.0786999985575676,0.07909999787807465,2363784,0.0,0.0
2026-07-20 09:00:00+00:00,0.07909999787807465,0.07980000227689743,0.07900000363588333,0.07959999889135361,419832,0.0,0.0
2026-07-20 10:00:00+00:00,0.07959999889135361,0.07989999651908875,0.0794999971985817,0.07959999889135361,0,0.0,0.0
2026-07-20 11:00:00+00:00,0.07959999889135361,0.08100000023841858,0.07930000126361847,0.08100000023841858,2458816,0.0,0.0
2026-07-20 12:00:00+00:00,0.08100000023841858,0.08179999887943268,0.08079999685287476,0.08110000193119049,7553392,0.0,0.0
2026-07-20 13:00:00+00:00,0.08110000193119049,0.08240000158548355,0.08079999685287476,0.08100000023841858,6441304,0.0,0.0
2026-07-20 14:00:00+00:00,0.08100000023841858,0.08169999718666077,0.08060000091791153,0.08100000023841858,3426296,0.0,0.0
2026-07-20 15:00:00+00:00,0.08100000023841858,0.08349999785423279,0.08100000023841858,0.08320000022649765,7336128,0.0,0.0
2026-07-20 16:00:00+00:00,0.08320000022649765,0.08370000123977661,0.08269999921321869,0.08340000361204147,5079584,0.0,0.0
2026-07-20 17:00:00+00:00,0.08340000361204147,0.0835999995470047,0.08269999921321869,0.08290000259876251,0,0.0,0.0
2026-07-20 18:00:00+00:00,0.08290000259876251,0.08340000361204147,0.08240000158548355,0.08240000158548355,2318112,0.0,0.0
2026-07-20 19:00:00+00:00,0.08240000158548355,0.08250000327825546,0.0820000022649765,0.08240000158548355,1950248,0.0,0.0
2026-07-20 20:00:00+00:00,0.08240000158548355,0.08309999853372574,0.08240000158548355,0.08290000259876251,721264,0.0,0.0
2026-07-20 21:00:00+00:00,0.08290000259876251,0.08330000191926956,0.08250000327825546,0.08250000327825546,0,0.0,0.0
2026-07-20 22:00:00+00:00,0.08240000158548355,0.08240000158548355,0.08190000057220459,0.0820000022649765,0,0.0,0.0
2026-07-20 23:00:00+00:00,0.0820000022649765,0.08330000191926956,0.0820000022649765,0.0828000009059906,4032,0.0,0.0
2026-07-21 00:00:00+00:00,0.0828000009059906,0.08330000191926956,0.08269999921321869,0.08309999853372574,0,0.0,0.0
2026-07-21 01:00:00+00:00,0.08309999853372574,0.08389999717473984,0.08290000259876251,0.08299999684095383,724096,0.0,0.0
2026-07-21 02:00:00+00:00,0.08309999853372574,0.08370000123977661,0.08290000259876251,0.08349999785423279,0,0.0,0.0
2026-07-21 03:00:00+00:00,0.08349999785423279,0.08429999649524689,0.08349999785423279,0.08410000056028366,536736,0.0,0.0
2026-07-21 04:00:00+00:00,0.08429999649524689,0.08500000089406967,0.08410000056028366,0.08489999920129776,2726392,0.0,0.0
2026-07-21 05:00:00+00:00,0.08489999920129776,0.08550000190734863,0.0843999981880188,0.08540000021457672,1128944,0.0,0.0
2026-07-21 06:00:00+00:00,0.08560000360012054,0.08579999953508377,0.08500000089406967,0.08569999784231186,0,0.0,0.0
2026-07-21 07:00:00+00:00,0.08569999784231186,0.08590000122785568,0.08500000089406967,0.08579999953508377,1790136,0.0,0.0
2026-07-21 08:00:00+00:00,0.08579999953508377,0.08579999953508377,0.0851999968290329,0.08529999852180481,0,0.0,0.0
2026-07-21 09:00:00+00:00,0.08510000258684158,0.08619999885559082,0.08479999750852585,0.08579999953508377,5137400,0.0,0.0
2026-07-21 10:00:00+00:00,0.08579999953508377,0.08739999681711197,0.08579999953508377,0.0869000032544136,11176280,0.0,0.0
2026-07-21 11:00:00+00:00,0.08699999749660492,0.08730000257492065,0.08649999648332596,0.08720000088214874,1594816,0.0,0.0
2026-07-21 12:00:00+00:00,0.08720000088214874,0.08749999850988388,0.08649999648332596,0.0869000032544136,0,0.0,0.0
2026-07-21 13:00:00+00:00,0.0869000032544136,0.08749999850988388,0.08619999885559082,0.08749999850988388,864464,0.0,0.0
2026-07-21 14:00:00+00:00,0.08749999850988388,0.08749999850988388,0.08569999784231186,0.08619999885559082,2108960,0.0,0.0
2026-07-21 15:00:00+00:00,0.0860000029206276,0.08619999885559082,0.08560000360012054,0.08590000122785568,0,0.0,0.0
2026-07-21 16:00:00+00:00,0.08590000122785568,0.08640000224113464,0.08579999953508377,0.08619999885559082,0,0.0,0.0
2026-07-21 17:00:00+00:00,0.08619999885559082,0.08630000054836273,0.08529999852180481,0.0860000029206276,474680,0.0,0.0
2026-07-21 18:00:00+00:00,0.0860000029206276,0.08649999648332596,0.08569999784231186,0.08590000122785568,0,0.0,0.0
2026-07-21 19:00:00+00:00,0.08590000122785568,0.08649999648332596,0.08579999953508377,0.08619999885559082,0,0.0,0.0
2026-07-21 20:00:00+00:00,0.08619999885559082,0.08659999817609787,0.08609999716281891,0.08659999817609787,667200,0.0,0.0
2026-07-21 21:00:00+00:00,0.08659999817609787,0.08709999918937683,0.08649999648332596,0.08659999817609787,1841912,0.0,0.0
2026-07-21 22:00:00+00:00,0.08649999648332596,0.0868000015616417,0.08630000054836273,0.08669999986886978,569768,0.0,0.0
2026-07-21 23:00:00+00:00,0.08669999986886978,0.0868000015616417,0.08619999885559082,0.08669999986886978,44560,0.0,0.0
2026-07-22 00:00:00+00:00,0.08669999986886978,0.08749999850988388,0.08659999817609787,0.0869000032544136,2651704,0.0,0.0
2026-07-22 01:00:00+00:00,0.0869000032544136,0.08739999681711197,0.0868000015616417,0.08730000257492065,0,0.0,0.0
2026-07-22 02:00:00+00:00,0.08730000257492065,0.08780000358819962,0.08709999918937683,0.08739999681711197,2235728,0.0,0.0
2026-07-22 03:00:00+00:00,0.08739999681711197,0.08749999850988388,0.08640000224113464,0.08649999648332596,680216,0.0,0.0
2026-07-22 04:00:00+00:00,0.08649999648332596,0.08760000020265579,0.08640000224113464,0.08730000257492065,0,0.0,0.0
2026-07-22 05:00:00+00:00,0.08730000257492065,0.08730000257492065,0.08619999885559082,0.0868000015616417,0,0.0,0.0
2026-07-22 06:00:00+00:00,0.0868000015616417,0.0868000015616417,0.08619999885559082,0.08640000224113464,0,0.0,0.0
2026-07-22 07:00:00+00:00,0.08640000224113464,0.08659999817609787,0.0860000029206276,0.08649999648332596,124672,0.0,0.0
2026-07-22 08:00:00+00:00,0.08659999817609787,0.08820000290870667,0.08649999648332596,0.08810000121593475,2853704,0.0,0.0
2026-07-22 09:00:00+00:00,0.08810000121593475,0.08829999715089798,0.08739999681711197,0.08749999850988388,0,0.0,0.0
2026-07-22 10:00:00+00:00,0.08749999850988388,0.08879999816417694,0.08739999681711197,0.08829999715089798,0,0.0,0.0
2026-07-22 11:00:00+00:00,0.08829999715089798,0.08879999816417694,0.08829999715089798,0.08860000222921371,361864,0.0,0.0
2026-07-22 12:00:00+00:00,0.08869999647140503,0.08879999816417694,0.0877000018954277,0.08860000222921371,6043472,0.0,0.0
2026-07-22 13:00:00+00:00,0.08860000222921371,0.0892999991774559,0.08780000358819962,0.0892999991774559,4554544,0.0,0.0
2026-07-22 14:00:00+00:00,0.0892999991774559,0.09009999781847,0.0877000018954277,0.08810000121593475,2705200,0.0,0.0
2026-07-22 15:00:00+00:00,0.08829999715089798,0.08980000019073486,0.08829999715089798,0.08940000087022781,0,0.0,0.0
2026-07-22 16:00:00+00:00,0.0892999991774559,0.09130000323057175,0.08919999748468399,0.09099999815225601,6181408,0.0,0.0
2026-07-22 17:00:00+00:00,0.09099999815225601,0.0917000025510788,0.09030000120401382,0.09099999815225601,4215520,0.0,0.0
2026-07-22 18:00:00+00:00,0.09099999815225601,0.09210000187158585,0.09070000052452087,0.09149999916553497,2745920,0.0,0.0
2026-07-22 19:00:00+00:00,0.09179999679327011,0.09290000051259995,0.09130000323057175,0.0925000011920929,6795296,0.0,0.0
2026-07-22 20:00:00+00:00,0.09229999780654907,0.09290000051259995,0.09179999679327011,0.09239999949932098,5286800,0.0,0.0
2026-07-22 21:00:00+00:00,0.09239999949932098,0.09260000288486481,0.09139999747276306,0.09139999747276306,706272,0.0,0.0
2026-07-22 22:00:00+00:00,0.09139999747276306,0.09139999747276306,0.09049999713897705,0.09070000052452087,1729120,0.0,0.0
2026-07-22 23:00:00+00:00,0.09070000052452087,0.09080000221729279,0.08980000019073486,0.09019999951124191,1831744,0.0,0.0
2026-07-23 00:00:00+00:00,0.09009999781847,0.0908999964594841,0.08980000019073486,0.09030000120401382,0,0.0,0.0
2026-07-23 01:00:00+00:00,0.09019999951124191,0.09080000221729279,0.08980000019073486,0.09030000120401382,2307552,0.0,0.0
2026-07-23 02:00:00+00:00,0.09019999951124191,0.09080000221729279,0.09009999781847,0.09080000221729279,0,0.0,0.0
2026-07-23 03:00:00+00:00,0.09080000221729279,0.09179999679327011,0.09040000289678574,0.0908999964594841,710560,0.0,0.0
2026-07-23 04:00:00+00:00,0.09109999984502792,0.09189999848604202,0.0908999964594841,0.0917000025510788,779904,0.0,0.0
2026-07-23 05:00:00+00:00,0.09149999916553497,0.09220000356435776,0.0908999964594841,0.09139999747276306,831568,0.0,0.0
2026-07-23 06:00:00+00:00,0.09120000153779984,0.0917000025510788,0.09070000052452087,0.09120000153779984,0,0.0,0.0
2026-07-23 07:00:00+00:00,0.09120000153779984,0.09200000017881393,0.09059999883174896,0.09200000017881393,4383056,0.0,0.0
2026-07-23 08:00:00+00:00,0.09200000017881393,0.09279999881982803,0.09160000085830688,0.09189999848604202,0,0.0,0.0
2026-07-23 09:00:00+00:00,0.09189999848604202,0.09210000187158585,0.09130000323057175,0.09130000323057175,0,0.0,0.0
2026-07-23 10:00:00+00:00,0.09130000323057175,0.09200000017881393,0.09130000323057175,0.09139999747276306,1613232,0.0,0.0
2026-07-23 11:00:00+00:00,0.09139999747276306,0.09220000356435776,0.09120000153779984,0.09160000085830688,0,0.0,0.0
2026-07-23 12:00:00+00:00,0.09160000085830688,0.09179999679327011,0.09040000289678574,0.09040000289678574,0,0.0,0.0
2026-07-23 13:00:00+00:00,0.09030000120401382,0.09040000289678574,0.08869999647140503,0.08900000154972076,17497744,0.0,0.0
2026-07-23 14:00:00+00:00,0.08889999985694885,0.08940000087022781,0.08860000222921371,0.08879999816417694,0,0.0,0.0
2026-07-23 15:00:00+00:00,0.08879999816417694,0.09000000357627869,0.08879999816417694,0.08919999748468399,1004944,0.0,0.0
2026-07-23 16:00:00+00:00,0.08919999748468399,0.08950000256299973,0.08889999985694885,0.08940000087022781,0,0.0,0.0
2026-07-23 17:00:00+00:00,0.0892999991774559,0.08940000087022781,0.08789999783039093,0.08799999952316284,0,0.0,0.0
2026-07-23 18:00:00+00:00,0.08799999952316284,0.0885000005364418,0.08799999952316284,0.08829999715089798,0,0.0,0.0
2026-07-23 19:00:00+00:00,0.08829999715089798,0.08869999647140503,0.08810000121593475,0.0885000005364418,0,0.0,0.0
2026-07-23 20:00:00+00:00,0.0885000005364418,0.08940000087022781,0.0885000005364418,0.0892999991774559,0,0.0,0.0
2026-07-23 21:00:00+00:00,0.0892999991774559,0.08959999680519104,0.08879999816417694,0.08889999985694885,0,0.0,0.0
2026-07-23 22:00:00+00:00,0.08889999985694885,0.08940000087022781,0.08879999816417694,0.08900000154972076,0,0.0,0.0
2026-07-23 23:00:00+00:00,0.08900000154972076,0.08910000324249268,0.08869999647140503,0.08869999647140503,0,0.0,0.0
2026-07-24 00:00:00+00:00,0.08869999647140503,0.08879999816417694,0.08820000290870667,0.08869999647140503,86784,0.0,0.0
2026-07-24 01:00:00+00:00,0.08869999647140503,0.08910000324249268,0.08869999647140503,0.08889999985694885,0,0.0,0.0
2026-07-24 02:00:00+00:00,0.08900000154972076,0.08940000087022781,0.0885000005364418,0.0885000005364418,0,0.0,0.0
2026-07-24 03:00:00+00:00,0.0885000005364418,0.09120000153779984,0.0885000005364418,0.09040000289678574,2774720,0.0,0.0
2026-07-24 04:00:00+00:00,0.09040000289678574,0.09049999713897705,0.08969999849796295,0.08969999849796295,0,0.0,0.0
2026-07-24 05:00:00+00:00,0.08969999849796295,0.08990000188350677,0.08950000256299973,0.08950000256299973,0,0.0,0.0
2026-07-24 06:00:00+00:00,0.08950000256299973,0.09070000052452087,0.08950000256299973,0.09070000052452087,0,0.0,0.0
2026-07-24 07:00:00+00:00,0.09070000052452087,0.09139999747276306,0.09009999781847,0.09059999883174896,0,0.0,0.0
2026-07-24 08:00:00+00:00,0.09059999883174896,0.0908999964594841,0.09000000357627869,0.09030000120401382,0,0.0,0.0
2026-07-24 09:00:00+00:00,0.09030000120401382,0.09040000289678574,0.08969999849796295,0.09019999951124191,0,0.0,0.0
2026-07-24 10:00:00+00:00,0.09030000120401382,0.09030000120401382,0.08869999647140503,0.08879999816417694,0,0.0,0.0
2026-07-24 11:00:00+00:00,0.08879999816417694,0.08900000154972076,0.08829999715089798,0.0885000005364418,0,0.0,0.0
2026-07-24 12:00:00+00:00,0.0885000005364418,0.0885000005364418,0.08760000020265579,0.08780000358819962,0,0.0,0.0
2026-07-24 13:00:00+00:00,0.08780000358819962,0.08780000358819962,0.08569999784231186,0.08609999716281891,0,0.0,0.0
2026-07-24 14:00:00+00:00,0.08609999716281891,0.08630000054836273,0.0851999968290329,0.08630000054836273,2021640,0.0,0.0
2026-07-24 15:00:00+00:00,0.08630000054836273,0.08699999749660492,0.0860000029206276,0.0868000015616417,0,0.0,0.0
2026-07-24 16:00:00+00:00,0.0868000015616417,0.08739999681711197,0.08669999986886978,0.08709999918937683,0,0.0,0.0
2026-07-24 17:00:00+00:00,0.08709999918937683,0.0877000018954277,0.0868000015616417,0.08760000020265579,293816,0.0,0.0
2026-07-24 18:00:00+00:00,0.08760000020265579,0.0877000018954277,0.08709999918937683,0.08739999681711197,0,0.0,0.0
2026-07-24 19:00:00+00:00,0.08739999681711197,0.08739999681711197,0.0869000032544136,0.08709999918937683,0,0.0,0.0
2026-07-24 20:00:00+00:00,0.08709999918937683,0.08730000257492065,0.08709999918937683,0.08730000257492065,0,0.0,0.0
2026-07-24 21:00:00+00:00,0.08730000257492065,0.0877000018954277,0.0869000032544136,0.0869000032544136,0,0.0,0.0
2026-07-24 22:00:00+00:00,0.0869000032544136,0.08739999681711197,0.0869000032544136,0.08730000257492065,0,0.0,0.0
2026-07-24 23:00:00+00:00,0.08730000257492065,0.0877000018954277,0.08709999918937683,0.08709999918937683,32656,0.0,0.0
2026-07-25 00:00:00+00:00,0.08709999918937683,0.08730000257492065,0.0869000032544136,0.08730000257492065,0,0.0,0.0
2026-07-25 01:00:00+00:00,0.08730000257492065,0.0877000018954277,0.08730000257492065,0.08749999850988388,961168,0.0,0.0
2026-07-25 02:00:00+00:00,0.08749999850988388,0.08810000121593475,0.08720000088214874,0.0877000018954277,0,0.0,0.0
2026-07-25 03:00:00+00:00,0.0877000018954277,0.08839999884366989,0.0877000018954277,0.08780000358819962,0,0.0,0.0
2026-07-25 04:00:00+00:00,0.08789999783039093,0.08820000290870667,0.08780000358819962,0.08789999783039093,0,0.0,0.0
2026-07-25 05:00:00+00:00,0.08789999783039093,0.08799999952316284,0.08760000020265579,0.0877000018954277,0,0.0,0.0
2026-07-25 06:00:00+00:00,0.0877000018954277,0.0877000018954277,0.08659999817609787,0.08669999986886978,0,0.0,0.0
2026-07-25 07:00:00+00:00,0.08669999986886978,0.08709999918937683,0.08669999986886978,0.08699999749660492,0,0.0,0.0
2026-07-25 08:00:00+00:00,0.08709999918937683,0.08709999918937683,0.08649999648332596,0.08649999648332596,191096,0.0,0.0
2026-07-25 09:00:00+00:00,0.08649999648332596,0.08649999648332596,0.08550000190734863,0.08569999784231186,2282520,0.0,0.0
2026-07-25 10:00:00+00:00,0.08569999784231186,0.08609999716281891,0.08569999784231186,0.0860000029206276,0,0.0,0.0
2026-07-25 11:00:00+00:00,0.0860000029206276,0.08619999885559082,0.08590000122785568,0.08609999716281891,0,0.0,0.0
2026-07-25 12:00:00+00:00,0.08609999716281891,0.08630000054836273,0.0860000029206276,0.08619999885559082,0,0.0,0.0
2026-07-25 13:00:00+00:00,0.08619999885559082,0.08659999817609787,0.08609999716281891,0.08619999885559082,0,0.0,0.0
2026-07-25 14:00:00+00:00,0.08609999716281891,0.08630000054836273,0.08579999953508377,0.08609999716281891,0,0.0,0.0
2026-07-25 15:00:00+00:00,0.08609999716281891,0.08619999885559082,0.08590000122785568,0.0860000029206276,0,0.0,0.0
2026-07-25 16:00:00+00:00,0.0860000029206276,0.08609999716281891,0.08590000122785568,0.0860000029206276,0,0.0,0.0
2026-07-25 17:00:00+00:00,0.0860000029206276,0.0868000015616417,0.0860000029206276,0.08640000224113464,0,0.0,0.0
2026-07-25 18:00:00+00:00,0.08640000224113464,0.08649999648332596,0.08609999716281891,0.08609999716281891,282344,0.0,0.0
2026-07-25 19:00:00+00:00,0.08609999716281891,0.08609999716281891,0.08579999953508377,0.08590000122785568,109636,0.0,0.0
2026-07-25 20:00:00+00:00,0.08590000122785568,0.08609999716281891,0.08569999784231186,0.08569999784231186,0,0.0,0.0
2026-07-25 21:00:00+00:00,0.08569999784231186,0.08619999885559082,0.08569999784231186,0.08590000122785568,536692,0.0,0.0
2026-07-25 22:00:00+00:00,0.08590000122785568,0.08609999716281891,0.08590000122785568,0.0860000029206276,0,0.0,0.0
2026-07-25 23:00:00+00:00,0.0860000029206276,0.08609999716281891,0.08590000122785568,0.08590000122785568,0,0.0,0.0
2026-07-26 00:00:00+00:00,0.08590000122785568,0.08609999716281891,0.08590000122785568,0.08590000122785568,501100,0.0,0.0
2026-07-26 01:00:00+00:00,0.08590000122785568,0.08619999885559082,0.08579999953508377,0.0860000029206276,0,0.0,0.0
2026-07-26 02:00:00+00:00,0.0860000029206276,0.08630000054836273,0.08529999852180481,0.08630000054836273,930092,0.0,0.0
2026-07-26 03:00:00+00:00,0.08630000054836273,0.08630000054836273,0.08579999953508377,0.08579999953508377,0,0.0,0.0
2026-07-26 04:00:00+00:00,0.08579999953508377,0.08630000054836273,0.08579999953508377,0.08609999716281891,1112608,0.0,0.0
2026-07-26 05:00:00+00:00,0.08609999716281891,0.08609999716281891,0.08569999784231186,0.08579999953508377,702804,0.0,0.0
2026-07-26 06:00:00+00:00,0.08579999953508377,0.08590000122785568,0.08500000089406967,0.08579999953508377,1572236,0.0,0.0
2026-07-26 07:00:00+00:00,0.08579999953508377,0.0860000029206276,0.08529999852180481,0.08540000021457672,1439532,0.0,0.0
2026-07-26 08:00:00+00:00,0.08540000021457672,0.08550000190734863,0.08489999920129776,0.08489999920129776,707728,0.0,0.0
2026-07-26 09:00:00+00:00,0.08489999920129776,0.08500000089406967,0.0843999981880188,0.0843999981880188,0,0.0,0.0
2026-07-26 10:00:00+00:00,0.0843999981880188,0.08500000089406967,0.0843999981880188,0.08479999750852585,453340,0.0,0.0
2026-07-26 11:00:00+00:00,0.08479999750852585,0.08550000190734863,0.08460000157356262,0.08489999920129776,1339408,0.0,0.0
2026-07-26 12:00:00+00:00,0.08489999920129776,0.08540000021457672,0.08489999920129776,0.0851999968290329,1755144,0.0,0.0
2026-07-26 13:00:00+00:00,0.0851999968290329,0.08560000360012054,0.08500000089406967,0.08529999852180481,2664840,0.0,0.0
2026-07-26 14:00:00+00:00,0.08529999852180481,0.08590000122785568,0.0851999968290329,0.0851999968290329,3580056,0.0,0.0
2026-07-26 15:00:00+00:00,0.0851999968290329,0.08560000360012054,0.08479999750852585,0.08560000360012054,1181184,0.0,0.0
2026-07-26 16:00:00+00:00,0.08560000360012054,0.08640000224113464,0.08529999852180481,0.0860000029206276,2646624,0.0,0.0
2026-07-26 17:00:00+00:00,0.0860000029206276,0.08630000054836273,0.08579999953508377,0.08579999953508377,1498128,0.0,0.0
2026-07-26 18:00:00+00:00,0.08579999953508377,0.0860000029206276,0.08569999784231186,0.0860000029206276,0,0.0,0.0
2026-07-26 19:00:00+00:00,0.0860000029206276,0.0860000029206276,0.08550000190734863,0.08550000190734863,24920,0.0,0.0
2026-07-26 20:00:00+00:00,0.08550000190734863,0.08569999784231186,0.08500000089406967,0.08500000089406967,2351840,0.0,0.0
2026-07-26 21:00:00+00:00,0.08500000089406967,0.08540000021457672,0.08500000089406967,0.08529999852180481,0,0.0,0.0
2026-07-26 22:00:00+00:00,0.08569999784231186,0.08889999985694885,0.08569999784231186,0.08860000222921371,12422552,0.0,0.0
2026-07-26 23:00:00+00:00,0.08869999647140503,0.0908999964594841,0.08860000222921371,0.09030000120401382,9603312,0.0,0.0
2026-07-27 00:00:00+00:00,0.09030000120401382,0.09030000120401382,0.08860000222921371,0.08919999748468399,4902592,0.0,0.0
2026-07-27 01:00:00+00:00,0.08919999748468399,0.09049999713897705,0.0885000005364418,0.09040000289678574,3602840,0.0,0.0
2026-07-27 02:00:00+00:00,0.09040000289678574,0.09099999815225601,0.08969999849796295,0.0908999964594841,4066072,0.0,0.0
2026-07-27 03:00:00+00:00,0.0908999964594841,0.09109999984502792,0.08969999849796295,0.08990000188350677,2283856,0.0,0.0
2026-07-27 04:00:00+00:00,0.08990000188350677,0.09030000120401382,0.0892999991774559,0.0892999991774559,0,0.0,0.0
2026-07-27 05:00:00+00:00,0.0892999991774559,0.08940000087022781,0.08900000154972076,0.0892999991774559,904216,0.0,0.0
2026-07-27 06:00:00+00:00,0.0892999991774559,0.09040000289678574,0.0892999991774559,0.09030000120401382,827192,0.0,0.0
2026-07-27 07:00:00+00:00,0.09030000120401382,0.0908999964594841,0.08990000188350677,0.09009999781847,2705168,0.0,0.0
2026-07-27 08:00:00+00:00,0.09009999781847,0.09070000052452087,0.09000000357627869,0.09019999951124191,2347840,0.0,0.0
2026-07-27 09:00:00+00:00,0.09000000357627869,0.09009999781847,0.0892999991774559,0.08950000256299973,576712,0.0,0.0
2026-07-27 10:00:00+00:00,0.08950000256299973,0.09059999883174896,0.08950000256299973,0.09040000289678574,1326200,0.0,0.0
2026-07-27 11:00:00+00:00,0.09030000120401382,0.09030000120401382,0.08910000324249268,0.08940000087022781,0,0.0,0.0
2026-07-27 12:00:00+00:00,0.08940000087022781,0.09040000289678574,0.08879999816417694,0.09040000289678574,1659704,0.0,0.0
2026-07-27 13:00:00+00:00,0.09040000289678574,0.09309999644756317,0.09009999781847,0.09220000356435776,15211136,0.0,0.0
2026-07-27 14:00:00+00:00,0.09229999780654907,0.09269999712705612,0.08860000222921371,0.08910000324249268,7616640,0.0,0.0
2026-07-27 15:00:00+00:00,0.08910000324249268,0.0892999991774559,0.08810000121593475,0.08879999816417694,3205344,0.0,0.0
2026-07-27 16:00:00+00:00,0.08879999816417694,0.08959999680519104,0.08829999715089798,0.08910000324249268,783408,0.0,0.0
2026-07-27 17:00:00+00:00,0.08900000154972076,0.08950000256299973,0.08869999647140503,0.08889999985694885,0,0.0,0.0
2026-07-27 18:00:00+00:00,0.08889999985694885,0.08900000154972076,0.08720000088214874,0.08749999850988388,4789296,0.0,0.0
2026-07-27 19:00:00+00:00,0.08749999850988388,0.08820000290870667,0.08720000088214874,0.08820000290870667,1229824,0.0,0.0
2026-07-27 20:00:00+00:00,0.08820000290870667,0.08829999715089798,0.0869000032544136,0.08749999850988388,409472,0.0,0.0
2026-07-27 21:00:00+00:00,0.08760000020265579,0.08760000020265579,0.08640000224113464,0.08640000224113464,1798064,0.0,0.0
2026-07-27 22:00:00+00:00,0.08640000224113464,0.08640000224113464,0.08330000191926956,0.0835999995470047,0,0.0,0.0
2026-07-27 23:00:00+00:00,0.08340000361204147,0.08380000293254852,0.08190000057220459,0.08219999819993973,3687664,0.0,0.0
2026-07-28 00:00:00+00:00,0.08219999819993973,0.08299999684095383,0.08209999650716782,0.08240000158548355,0,0.0,0.0
2026-07-28 01:00:00+00:00,0.08250000327825546,0.08290000259876251,0.08179999887943268,0.08269999921321869,0,0.0,0.0
2026-07-28 02:00:00+00:00,0.08269999921321869,0.08320000022649765,0.08259999752044678,0.0828000009059906,0,0.0,0.0
2026-07-28 03:00:00+00:00,0.0828000009059906,0.08330000191926956,0.08269999921321869,0.08320000022649765,0,0.0,0.0
2026-07-28 04:00:00+00:00,0.08320000022649765,0.08320000022649765,0.08259999752044678,0.08309999853372574,0,0.0,0.0
2026-07-28 05:00:00+00:00,0.08309999853372574,0.08389999717473984,0.08299999684095383,0.0835999995470047,0,0.0,0.0
2026-07-28 06:00:00+00:00,0.0835999995470047,0.08420000225305557,0.08349999785423279,0.08399999886751175,0,0.0,0.0
2026-07-28 07:00:00+00:00,0.08399999886751175,0.08410000056028366,0.08309999853372574,0.08320000022649765,0,0.0,0.0
2026-07-28 08:00:00+00:00,0.08320000022649765,0.0835999995470047,0.08309999853372574,0.08340000361204147,0,0.0,0.0
2026-07-28 09:00:00+00:00,0.08340000361204147,0.08399999886751175,0.08330000191926956,0.08399999886751175,0,0.0,0.0
2026-07-28 10:00:00+00:00,0.08399999886751175,0.08399999886751175,0.08349999785423279,0.0835999995470047,0,0.0,0.0
2026-07-28 11:00:00+00:00,0.0835999995470047,0.08380000293254852,0.08269999921321869,0.08299999684095383,692560,0.0,0.0
2026-07-28 12:00:00+00:00,0.08299999684095383,0.08410000056028366,0.08299999684095383,0.08370000123977661,0,0.0,0.0
2026-07-28 13:00:00+00:00,0.08370000123977661,0.08370000123977661,0.08229999989271164,0.08330000191926956,0,0.0,0.0
2026-07-28 14:00:00+00:00,0.08340000361204147,0.08410000056028366,0.08299999684095383,0.0835999995470047,0,0.0,0.0
2026-07-28 15:00:00+00:00,0.08349999785423279,0.08630000054836273,0.08320000022649765,0.08609999716281891,2960128,0.0,0.0
2026-07-28 16:00:00+00:00,0.0860000029206276,0.08609999716281891,0.0851999968290329,0.08569999784231186,5752752,0.0,0.0
2026-07-28 17:00:00+00:00,0.08569999784231186,0.08569999784231186,0.0835999995470047,0.08399999886751175,1644408,0.0,0.0
2026-07-28 18:00:00+00:00,0.08399999886751175,0.08410000056028366,0.0835999995470047,0.08389999717473984,0,0.0,0.0
2026-07-28 19:00:00+00:00,0.08389999717473984,0.08410000056028366,0.08330000191926956,0.08349999785423279,1012320,0.0,0.0
2026-07-28 20:00:00+00:00,0.0835999995470047,0.08380000293254852,0.08330000191926956,0.0835999995470047,0,0.0,0.0
2026-07-28 21:00:00+00:00,0.0835999995470047,0.08380000293254852,0.08349999785423279,0.08349999785423279,0,0.0,0.0
2026-07-28 22:00:00+00:00,0.08349999785423279,0.08349999785423279,0.08259999752044678,0.0828000009059906,0,0.0,0.0
2026-07-28 23:00:00+00:00,0.0828000009059906,0.08330000191926956,0.08269999921321869,0.08330000191926956,0,0.0,0.0
2026-07-29 00:00:00+00:00,0.08330000191926956,0.08389999717473984,0.08290000259876251,0.08309999853372574,0,0.0,0.0
2026-07-29 01:00:00+00:00,0.08309999853372574,0.08320000022649765,0.08240000158548355,0.08250000327825546,0,0.0,0.0
2026-07-29 02:00:00+00:00,0.08240000158548355,0.08240000158548355,0.08160000294446945,0.0820000022649765,2654952,0.0,0.0
2026-07-29 03:00:00+00:00,0.0820000022649765,0.0820000022649765,0.07980000227689743,0.07999999821186066,2554320,0.0,0.0
2026-07-29 04:00:00+00:00,0.07999999821186066,0.08070000261068344,0.07919999957084656,0.08070000261068344,5016920,0.0,0.0
2026-07-29 05:00:00+00:00,0.08079999685287476,0.08209999650716782,0.08079999685287476,0.0820000022649765,2413184,0.0,0.0
2026-07-29 06:00:00+00:00,0.0820000022649765,0.08240000158548355,0.08129999786615372,0.08129999786615372,3333280,0.0,0.0
2026-07-29 07:00:00+00:00,0.08139999955892563,0.08139999955892563,0.08100000023841858,0.08129999786615372,14632,0.0,0.0
2026-07-29 08:00:00+00:00,0.08129999786615372,0.08129999786615372,0.08060000091791153,0.08110000193119049,1009888,0.0,0.0
2026-07-29 09:00:00+00:00,0.08110000193119049,0.08169999718666077,0.08100000023841858,0.08129999786615372,570952,0.0,0.0
2026-07-29 10:00:00+00:00,0.08129999786615372,0.08150000125169754,0.08100000023841858,0.08110000193119049,154872,0.0,0.0
2026-07-29 11:00:00+00:00,0.0812000036239624,0.08160000294446945,0.08110000193119049,0.08150000125169754,0,0.0,0.0
2026-07-29 12:00:00+00:00,0.08150000125169754,0.08150000125169754,0.08100000023841858,0.08110000193119049,0,0.0,0.0
2026-07-29 13:00:00+00:00,0.08110000193119049,0.08110000193119049,0.0803999975323677,0.08100000023841858,0,0.0,0.0
2026-07-29 14:00:00+00:00,0.08100000023841858,0.08100000023841858,0.07999999821186066,0.08009999990463257,0,0.0,0.0
2026-07-29 15:00:00+00:00,0.08009999990463257,0.08030000329017639,0.07959999889135361,0.07959999889135361,0,0.0,0.0
2026-07-29 16:00:00+00:00,0.07959999889135361,0.07959999889135361,0.0786999985575676,0.07909999787807465,0,0.0,0.0
2026-07-29 17:00:00+00:00,0.07909999787807465,0.07999999821186066,0.07900000363588333,0.07999999821186066,0,0.0,0.0
2026-07-29 18:00:00+00:00,0.08020000159740448,0.08079999685287476,0.07850000262260437,0.08030000329017639,9215368,0.0,0.0
2026-07-29 19:00:00+00:00,0.08030000329017639,0.08049999922513962,0.07779999822378159,0.07779999822378159,3165544,0.0,0.0
2026-07-29 20:00:00+00:00,0.07779999822378159,0.07829999923706055,0.0771000012755394,0.07729999721050262,4206880,0.0,0.0
2026-07-29 21:00:00+00:00,0.07720000296831131,0.07769999653100967,0.07689999788999557,0.07739999890327454,1956432,0.0,0.0
2026-07-29 22:00:00+00:00,0.07739999890327454,0.07810000330209732,0.07739999890327454,0.07810000330209732,391336,0.0,0.0
2026-07-29 23:00:00+00:00,0.07810000330209732,0.07829999923706055,0.07760000228881836,0.07810000330209732,825808,0.0,0.0
2026-07-30 00:00:00+00:00,0.07810000330209732,0.07840000092983246,0.07760000228881836,0.07810000330209732,0,0.0,0.0
2026-07-30 01:00:00+00:00,0.07819999754428864,0.07909999787807465,0.07779999822378159,0.07880000025033951,521424,0.0,0.0
2026-07-30 02:00:00+00:00,0.07880000025033951,0.07900000363588333,0.07810000330209732,0.07810000330209732,0,0.0,0.0
2026-07-30 03:00:00+00:00,0.07810000330209732,0.07829999923706055,0.07800000160932541,0.07819999754428864,0,0.0,0.0
2026-07-30 04:00:00+00:00,0.07819999754428864,0.07819999754428864,0.07739999890327454,0.07739999890327454,0,0.0,0.0
2026-07-30 05:00:00+00:00,0.07739999890327454,0.07810000330209732,0.0771000012755394,0.07800000160932541,0,0.0,0.0
2026-07-30 06:00:00+00:00,0.07800000160932541,0.07850000262260437,0.0778999999165535,0.0778999999165535,0,0.0,0.0
2026-07-30 07:00:00+00:00,0.0778999999165535,0.07859999686479568,0.0778999999165535,0.07850000262260437,1227240,0.0,0.0
2026-07-30 08:00:00+00:00,0.07840000092983246,0.07919999957084656,0.07819999754428864,0.07880000025033951,668792,0.0,0.0
2026-07-30 09:00:00+00:00,0.07880000025033951,0.07980000227689743,0.07880000025033951,0.07959999889135361,1121624,0.0,0.0
2026-07-30 10:00:00+00:00,0.07959999889135361,0.07989999651908875,0.07919999957084656,0.07919999957084656,1466272,0.0,0.0
2026-07-30 11:00:00+00:00,0.07919999957084656,0.07989999651908875,0.07919999957084656,0.07980000227689743,1862952,0.0,0.0
2026-07-30 12:00:00+00:00,0.07980000227689743,0.08009999990463257,0.07919999957084656,0.07989999651908875,1782800,0.0,0.0
2026-07-30 13:00:00+00:00,0.07989999651908875,0.08269999921321869,0.07970000058412552,0.08240000158548355,5134832,0.0,0.0
2026-07-30 14:00:00+00:00,0.08240000158548355,0.08290000259876251,0.0812000036239624,0.08129999786615372,5565320,0.0,0.0
2026-07-30 15:00:00+00:00,0.08129999786615372,0.08169999718666077,0.08079999685287476,0.08169999718666077,0,0.0,0.0
2026-07-30 16:00:00+00:00,0.08179999887943268,0.0820000022649765,0.08060000091791153,0.0812000036239624,0,0.0,0.0
2026-07-30 17:00:00+00:00,0.08110000193119049,0.08179999887943268,0.08079999685287476,0.08179999887943268,0,0.0,0.0
2026-07-30 18:00:00+00:00,0.08190000057220459,0.08240000158548355,0.08160000294446945,0.08160000294446945,0,0.0,0.0
2026-07-30 19:00:00+00:00,0.08160000294446945,0.08299999684095383,0.08160000294446945,0.08290000259876251,0,0.0,0.0
2026-07-30 20:00:00+00:00,0.08290000259876251,0.08330000191926956,0.0820000022649765,0.0820000022649765,0,0.0,0.0
2026-07-30 21:00:00+00:00,0.08190000057220459,0.08219999819993973,0.08160000294446945,0.08169999718666077,0,0.0,0.0
2026-07-30 22:00:00+00:00,0.08169999718666077,0.08169999718666077,0.0812000036239624,0.0812000036239624,0,0.0,0.0
2026-07-30 23:00:00+00:00,0.0812000036239624,0.08169999718666077,0.08110000193119049,0.08110000193119049,0,0.0,0.0
2026-07-31 00:00:00+00:00,0.08110000193119049,0.08129999786615372,0.08070000261068344,0.08079999685287476,0,0.0,0.0
2026-07-31 01:00:00+00:00,0.08079999685287476,0.08179999887943268,0.08079999685287476,0.08100000023841858,1639104,0.0,0.0
2026-07-31 02:00:00+00:00,0.08100000023841858,0.0812000036239624,0.08030000329017639,0.08079999685287476,806032,0.0,0.0
2026-07-31 03:00:00+00:00,0.08070000261068344,0.08160000294446945,0.08060000091791153,0.08139999955892563,0,0.0,0.0
2026-07-31 04:00:00+00:00,0.08139999955892563,0.08150000125169754,0.08079999685287476,0.08079999685287476,0,0.0,0.0
2026-07-31 05:00:00+00:00,0.08079999685287476,0.08139999955892563,0.08070000261068344,0.08100000023841858,104600,0.0,0.0
2026-07-31 06:00:00+00:00,0.08100000023841858,0.08150000125169754,0.08089999854564667,0.08129999786615372,9976,0.0,0.0
2026-07-31 07:00:00+00:00,0.08129999786615372,0.08219999819993973,0.08049999922513962,0.08179999887943268,8536512,0.0,0.0
2026-07-31 08:00:00+00:00,0.08190000057220459,0.08229999989271164,0.08150000125169754,0.0820000022649765,301784,0.0,0.0
2026-07-31 09:00:00+00:00,0.0820000022649765,0.08209999650716782,0.08129999786615372,0.08169999718666077,0,0.0,0.0
2026-07-31 10:00:00+00:00,0.08169999718666077,0.08240000158548355,0.08100000023841858,0.08209999650716782,0,0.0,0.0
2026-07-31 11:00:00+00:00,0.08209999650716782,0.0828000009059906,0.08139999955892563,0.08139999955892563,486752,0.0,0.0
2026-07-31 12:00:00+00:00,0.08139999955892563,0.08169999718666077,0.08110000193119049,0.08160000294446945,0,0.0,0.0
2026-07-31 13:00:00+00:00,0.08160000294446945,0.08219999819993973,0.08060000091791153,0.08070000261068344,0,0.0,0.0
2026-07-31 14:00:00+00:00,0.08070000261068344,0.08179999887943268,0.07999999821186066,0.08060000091791153,501296,0.0,0.0
2026-07-31 15:00:00+00:00,0.08060000091791153,0.08070000261068344,0.0794999971985817,0.07989999651908875,2260560,0.0,0.0
2026-07-31 16:00:00+00:00,0.07989999651908875,0.08129999786615372,0.07980000227689743,0.08129999786615372,0,0.0,0.0
2026-07-31 17:00:00+00:00,0.08129999786615372,0.08179999887943268,0.08110000193119049,0.08160000294446945,0,0.0,0.0
2026-07-31 18:00:00+00:00,0.08160000294446945,0.0820000022649765,0.08070000261068344,0.08079999685287476,1418880,0.0,0.0
2026-07-31 19:00:00+00:00,0.08079999685287476,0.08100000023841858,0.08020000159740448,0.08060000091791153,0,0.0,0.0
2026-07-31 20:00:00+00:00,0.08060000091791153,0.08060000091791153,0.08020000159740448,0.08020000159740448,0,0.0,0.0
2026-07-31 21:00:00+00:00,0.08020000159740448,0.08049999922513962,0.08009999990463257,0.08009999990463257,0,0.0,0.0
2026-07-31 22:00:00+00:00,0.08009999990463257,0.08030000329017639,0.07999999821186066,0.08020000159740448,0,0.0,0.0
2026-07-31 23:00:00+00:00,0.08020000159740448,0.08049999922513962,0.08009999990463257,0.08030000329017639,0,0.0,0.0
2026-08-01 00:00:00+00:00,0.08030000329017639,0.08070000261068344,0.08009999990463257,0.08020000159740448,1289008,0.0,0.0
2026-08-01 01:00:00+00:00,0.08020000159740448,0.08049999922513962,0.08009999990463257,0.08049999922513962,0,0.0,0.0
2026-08-01 02:00:00+00:00,0.08049999922513962,0.08070000261068344,0.08030000329017639,0.08030000329017639,0,0.0,0.0
2026-08-01 03:00:00+00:00,0.08020000159740448,0.08020000159740448,0.07989999651908875,0.08020000159740448,0,0.0,0.0
2026-08-01 04:00:00+00:00,0.08020000159740448,0.08070000261068344,0.08020000159740448,0.08070000261068344,0,0.0,0.0
2026-08-01 05:00:00+00:00,0.08070000261068344,0.0812000036239624,0.0803999975323677,0.08060000091791153,0,0.0,0.0
2026-08-01 06:00:00+00:00,0.08060000091791153,0.08089999854564667,0.08030000329017639,0.08079999685287476,0,0.0,0.0
2026-08-01 07:00:00+00:00,0.08079999685287476,0.08110000193119049,0.08070000261068344,0.08110000193119049,0,0.0,0.0
2026-08-01 08:00:00+00:00,0.08110000193119049,0.08129999786615372,0.08060000091791153,0.08070000261068344,0,0.0,0.0
2026-08-01 09:00:00+00:00,0.08070000261068344,0.08179999887943268,0.08030000329017639,0.08079999685287476,8421704,0.0,0.0
2026-08-01 10:00:00+00:00,0.08079999685287476,0.08160000294446945,0.0803999975323677,0.08100000023841858,1223392,0.0,0.0
2026-08-01 11:00:00+00:00,0.08089999854564667,0.08129999786615372,0.08079999685287476,0.08129999786615372,0,0.0,0.0
2026-08-01 12:00:00+00:00,0.08129999786615372,0.08169999718666077,0.08110000193119049,0.08139999955892563,0,0.0,0.0
2026-08-01 13:00:00+00:00,0.08139999955892563,0.08150000125169754,0.08089999854564667,0.08110000193119049,0,0.0,0.0
2026-08-01 14:00:00+00:00,0.0812000036239624,0.08150000125169754,0.08079999685287476,0.08110000193119049,0,0.0,0.0
2026-08-01 15:00:00+00:00,0.08110000193119049,0.08110000193119049,0.08070000261068344,0.08079999685287476,0,0.0,0.0
2026-08-01 16:00:00+00:00,0.08079999685287476,0.0812000036239624,0.08070000261068344,0.08110000193119049,0,0.0,0.0
2026-08-01 17:00:00+00:00,0.08110000193119049,0.08129999786615372,0.08030000329017639,0.08060000091791153,2413656,0.0,0.0
2026-08-01 18:00:00+00:00,0.08060000091791153,0.08060000091791153,0.07890000194311142,0.08049999922513962,2537992,0.0,0.0
2026-08-01 19:00:00+00:00,0.0803999975323677,0.08100000023841858,0.07989999651908875,0.08009999990463257,7417552,0.0,0.0
2026-08-01 20:00:00+00:00,0.08009999990463257,0.08020000159740448,0.07930000126361847,0.07940000295639038,2038704,0.0,0.0
2026-08-01 21:00:00+00:00,0.07940000295639038,0.07999999821186066,0.07940000295639038,0.07989999651908875,1005480,0.0,0.0
2026-08-01 22:00:00+00:00,0.07999999821186066,0.07999999821186066,0.07959999889135361,0.07959999889135361,121712,0.0,0.0
2026-08-01 23:00:00+00:00,0.07959999889135361,0.07970000058412552,0.07900000363588333,0.07909999787807465,768256,0.0,0.0
2026-08-02 00:00:00+00:00,0.07909999787807465,0.07980000227689743,0.07909999787807465,0.07970000058412552,991392,0.0,0.0
2026-08-02 01:00:00+00:00,0.07980000227689743,0.08229999989271164,0.07980000227689743,0.0820000022649765,5884368,0.0,0.0
2026-08-02 02:00:00+00:00,0.0820000022649765,0.08349999785423279,0.08190000057220459,0.08330000191926956,6790696,0.0,0.0
2026-08-02 03:00:00+00:00,0.08340000361204147,0.08500000089406967,0.08299999684095383,0.08460000157356262,6959000,0.0,0.0
2026-08-02 04:00:00+00:00,0.08479999750852585,0.08780000358819962,0.08470000326633453,0.08730000257492065,13876920,0.0,0.0
2026-08-02 05:00:00+00:00,0.08739999681711197,0.08820000290870667,0.08669999986886978,0.08739999681711197,13983456,0.0,0.0
2026-08-02 06:00:00+00:00,0.08739999681711197,0.08910000324249268,0.08739999681711197,0.0885000005364418,10132704,0.0,0.0
2026-08-02 07:00:00+00:00,0.08839999884366989,0.0892999991774559,0.08749999850988388,0.08839999884366989,9467280,0.0,0.0
2026-08-02 08:00:00+00:00,0.08829999715089798,0.0885000005364418,0.08749999850988388,0.08760000020265579,7001072,0.0,0.0
2026-08-02 09:00:00+00:00,0.08760000020265579,0.08959999680519104,0.08730000257492065,0.08919999748468399,0,0.0,0.0
2026-08-02 10:00:00+00:00,0.08919999748468399,0.08959999680519104,0.0885000005364418,0.08889999985694885,4225840,0.0,0.0
2026-08-02 11:00:00+00:00,0.08889999985694885,0.08919999748468399,0.08739999681711197,0.08749999850988388,5598160,0.0,0.0
2026-08-02 12:00:00+00:00,0.08749999850988388,0.08889999985694885,0.08739999681711197,0.08860000222921371,2670176,0.0,0.0
2026-08-02 13:00:00+00:00,0.08860000222921371,0.08879999816417694,0.08789999783039093,0.08799999952316284,2936272,0.0,0.0
2026-08-02 14:00:00+00:00,0.08799999952316284,0.08919999748468399,0.08760000020265579,0.08879999816417694,3867568,0.0,0.0
2026-08-02 15:00:00+00:00,0.08879999816417694,0.08940000087022781,0.08820000290870667,0.0885000005364418,8198480,0.0,0.0
2026-08-02 16:00:00+00:00,0.0885000005364418,0.08990000188350677,0.08829999715089798,0.08910000324249268,5240832,0.0,0.0
2026-08-02 17:00:00+00:00,0.08900000154972076,0.08969999849796295,0.08900000154972076,0.08940000087022781,0,0.0,0.0
2026-08-02 18:00:00+00:00,0.08940000087022781,0.08940000087022781,0.08869999647140503,0.08900000154972076,0,0.0,0.0
2026-08-02 19:00:00+00:00,0.08900000154972076,0.08950000256299973,0.08869999647140503,0.08879999816417694,0,0.0,0.0
2026-08-02 20:00:00+00:00,0.08879999816417694,0.08910000324249268,0.08829999715089798,0.08910000324249268,0,0.0,0.0
2026-08-02 21:00:00+00:00,0.08910000324249268,0.09000000357627869,0.08879999816417694,0.08940000087022781,1602464,0.0,0.0
2026-08-02 22:00:00+00:00,0.08969999849796295,0.09019999951124191,0.08889999985694885,0.0892999991774559,5300768,0.0,0.0
2026-08-02 23:00:00+00:00,0.08940000087022781,0.08950000256299973,0.08900000154972076,0.0892999991774559,1123984,0.0,0.0
2026-08-03 00:00:00+00:00,0.0892999991774559,0.08940000087022781,0.08860000222921371,0.08889999985694885,2039408,0.0,0.0
2026-08-03 01:00:00+00:00,0.08889999985694885,0.08910000324249268,0.08829999715089798,0.08879999816417694,0,0.0,0.0
2026-08-03 02:00:00+00:00,0.08879999816417694,0.08879999816417694,0.08730000257492065,0.0877000018954277,0,0.0,0.0
2026-08-03 03:00:00+00:00,0.0877000018954277,0.08829999715089798,0.08749999850988388,0.0877000018954277,0,0.0,0.0
2026-08-03 04:00:00+00:00,0.0877000018954277,0.08900000154972076,0.0877000018954277,0.08780000358819962,0,0.0,0.0
2026-08-03 05:00:00+00:00,0.08780000358819962,0.08820000290870667,0.08720000088214874,0.08760000020265579,0,0.0,0.0
2026-08-03 06:00:00+00:00,0.0877000018954277,0.0885000005364418,0.08699999749660492,0.08780000358819962,0,0.0,0.0
2026-08-03 07:00:00+00:00,0.08780000358819962,0.08869999647140503,0.0877000018954277,0.08789999783039093,0,0.0,0.0
2026-08-03 08:00:00+00:00,0.08789999783039093,0.08959999680519104,0.08789999783039093,0.08919999748468399,0,0.0,0.0
2026-08-03 09:00:00+00:00,0.08919999748468399,0.09009999781847,0.08889999985694885,0.08990000188350677,320208,0.0,0.0
2026-08-03 10:00:00+00:00,0.08990000188350677,0.09080000221729279,0.08959999680519104,0.08980000019073486,1028736,0.0,0.0
2026-08-03 11:00:00+00:00,0.08990000188350677,0.09049999713897705,0.08959999680519104,0.09019999951124191,0,0.0,0.0
2026-08-03 12:00:00+00:00,0.09030000120401382,0.09130000323057175,0.09009999781847,0.09109999984502792,0,0.0,0.0
2026-08-03 13:00:00+00:00,0.09109999984502792,0.09309999644756317,0.09099999815225601,0.09260000288486481,5235840,0.0,0.0
2026-08-03 14:00:00+00:00,0.09260000288486481,0.09399999678134918,0.09210000187158585,0.09279999881982803,5737456,0.0,0.0
2026-08-03 15:00:00+00:00,0.09300000220537186,0.093299999833107,0.09179999679327011,0.09210000187158585,5080912,0.0,0.0
2026-08-03 16:00:00+00:00,0.09210000187158585,0.09350000321865082,0.09200000017881393,0.09309999644756317,725680,0.0,0.0
2026-08-03 17:00:00+00:00,0.09309999644756317,0.093299999833107,0.09210000187158585,0.09239999949932098,452176,0.0,0.0
2026-08-03 18:00:00+00:00,0.09239999949932098,0.09300000220537186,0.09239999949932098,0.0925000011920929,0,0.0,0.0
2026-08-03 19:00:00+00:00,0.0925000011920929,0.0925000011920929,0.09130000323057175,0.09161999821662903,2602752,0.0,0.0
2026-08-03 20:00:00+00:00,0.091559998691082,0.09217000007629395,0.09137000143527985,0.09205000102519989,959344,0.0,0.0
2026-08-03 21:00:00+00:00,0.09205000102519989,0.09290000051259995,0.09188999980688095,0.09224999696016312,921440,0.0,0.0
2026-08-03 22:00:00+00:00,0.09224999696016312,0.09274999797344208,0.09176000207662582,0.09262999892234802,0,0.0,0.0
2026-08-03 23:00:00+00:00,0.09255000203847885,0.09291999787092209,0.09233000129461288,0.0928800031542778,306928,0.0,0.0
2026-08-04 00:00:00+00:00,0.09279999881982803,0.09335999935865402,0.09212999790906906,0.09223999828100204,178240,0.0,0.0
2026-08-04 01:00:00+00:00,0.09223999828100204,0.0926399976015091,0.09148000180721283,0.0926399976015091,1775216,0.0,0.0
2026-08-04 02:00:00+00:00,0.09264999628067017,0.09272000193595886,0.09138000011444092,0.09143999963998795,0,0.0,0.0
2026-08-04 03:00:00+00:00,0.09154000133275986,0.09204000234603882,0.09102000296115875,0.09155000001192093,0,0.0,0.0
2026-08-04 04:00:00+00:00,0.09154000133275986,0.09266000241041183,0.09093999862670898,0.09237000346183777,0,0.0,0.0
2026-08-04 05:00:00+00:00,0.09244000166654587,0.09324000030755997,0.09187000244855881,0.09228000044822693,0,0.0,0.0
2026-08-04 06:00:00+00:00,0.09228000044822693,0.09285999834537506,0.0919400006532669,0.09220000356435776,0,0.0,0.0
2026-08-04 07:00:00+00:00,0.09217999875545502,0.09241999685764313,0.09115999937057495,0.09166000038385391,1857296,0.0,0.0
2026-08-04 08:00:00+00:00,0.09158000349998474,0.09164000302553177,0.09066999703645706,0.09093999862670898,399616,0.0,0.0
2026-08-04 09:00:00+00:00,0.0909700021147728,0.09098000079393387,0.09034000337123871,0.09086000174283981,0,0.0,0.0
2026-08-04 10:00:00+00:00,0.0907600000500679,0.09132000058889389,0.09013000130653381,0.09087999910116196,0,0.0,0.0
2026-08-04 11:00:00+00:00,0.09087999910116196,0.09143999963998795,0.0907600000500679,0.09092000126838684,0,0.0,0.0
2026-08-04 12:00:00+00:00,0.0908999964594841,0.09139999747276306,0.09043999761343002,0.09102000296115875,0,0.0,0.0
2026-08-04 13:00:00+00:00,0.0910400003194809,0.09165000170469284,0.09055999666452408,0.09076999872922897,0,0.0,0.0
2026-08-04 14:00:00+00:00,0.0907600000500679,0.09201999753713608,0.09036999940872192,0.09188000112771988,0,0.0,0.0
2026-08-04 15:00:00+00:00,0.09195999801158905,0.09249000251293182,0.0906200036406517,0.09139999747276306,0,0.0,0.0
2026-08-04 16:00:00+00:00,0.09139999747276306,0.09139999747276306,0.09083999693393707,0.091279998421669,0,0.0,0.0
2026-08-04 17:00:00+00:00,0.09114000201225281,0.09210000187158585,0.09114000201225281,0.09153000265359879,0,0.0,0.0
2026-08-04 18:00:00+00:00,0.09160000085830688,0.09237000346183777,0.09150999784469604,0.09223999828100204,0,0.0,0.0
2026-08-04 19:00:00+00:00,0.09217999875545502,0.09257999807596207,0.09150999784469604,0.09220000356435776,0,0.0,0.0
2026-08-04 20:00:00+00:00,0.09220000356435776,0.09245000034570694,0.09168999642133713,0.0919400006532669,452624,0.0,0.0
2026-08-04 21:00:00+00:00,0.0919400006532669,0.09247999638319016,0.09185999631881714,0.0920799970626831,0,0.0,0.0
2026-08-04 22:00:00+00:00,0.09210000187158585,0.09251999855041504,0.09177999943494797,0.0920799970626831,39792,0.0,0.0
2026-08-04 23:00:00+00:00,0.09210000187158585,0.09290999919176102,0.09200000017881393,0.09228000044822693,32096,0.0,0.0
2026-08-05 00:00:00+00:00,0.0922200009226799,0.09260000288486481,0.09171999990940094,0.09176000207662582,0,0.0,0.0
2026-08-05 01:00:00+00:00,0.09172999858856201,0.09267999976873398,0.09156999737024307,0.09217999875545502,0,0.0,0.0
2026-08-05 02:00:00+00:00,0.09223999828100204,0.09233999997377396,0.0914200022816658,0.09188000112771988,712800,0.0,0.0
2026-08-05 03:00:00+00:00,0.09185999631881714,0.09196999669075012,0.08965999633073807,0.08998999744653702,6712424,0.0,0.0
2026-08-05 04:00:00+00:00,0.08998999744653702,0.09081999957561493,0.08995000272989273,0.09070999920368195,275624,0.0,0.0
2026-08-05 05:00:00+00:00,0.09075000137090683,0.09130000323057175,0.0903099998831749,0.09040000289678574,0,0.0,0.0
2026-08-05 06:00:00+00:00,0.09042000025510788,0.09043999761343002,0.09000000357627869,0.09030000120401382,0,0.0,0.0
2026-08-05 07:00:00+00:00,0.09031999856233597,0.09130000323057175,0.08993999660015106,0.09126000106334686,0,0.0,0.0
2026-08-05 08:00:00+00:00,0.09126000106334686,0.09160000085830688,0.090379998087883,0.0906200036406517,0,0.0,0.0
2026-08-05 09:00:00+00:00,0.09059999883174896,0.09192000329494476,0.09052000194787979,0.09185999631881714,0,0.0,0.0
2026-08-05 10:00:00+00:00,0.09178999811410904,0.09181000292301178,0.09105999767780304,0.09173999726772308,0,0.0,0.0
2026-08-05 11:00:00+00:00,0.09177999943494797,0.09205999970436096,0.09143000096082687,0.09166000038385391,0,0.0,0.0
2026-08-05 12:00:00+00:00,0.09161999821662903,0.09220000356435776,0.09138999879360199,0.091559998691082,0,0.0,0.0
2026-08-05 13:00:00+00:00,0.091559998691082,0.09165000170469284,0.09053999930620193,0.09158000349998474,1369656,0.0,0.0
2026-08-05 14:00:00+00:00,0.09167999774217606,0.0921500027179718,0.09139999747276306,0.09188000112771988,0,0.0,0.0
2026-08-05 15:00:00+00:00,0.09188000112771988,0.09334000200033188,0.09176000207662582,0.09185999631881714,3095464,0.0,0.0
2026-08-05 16:00:00+00:00,0.09192000329494476,0.09278000146150589,0.09167999774217606,0.0923599973320961,1193016,0.0,0.0
2026-08-05 17:00:00+00:00,0.09239999949932098,0.09245000034570694,0.09160999953746796,0.09223999828100204,252320,0.0,0.0
2026-08-05 18:00:00+00:00,0.0922200009226799,0.0926399976015091,0.09150999784469604,0.09223999828100204,1548016,0.0,0.0
2026-08-05 19:00:00+00:00,0.09218999743461609,0.09257999807596207,0.091839998960495,0.091839998960495,0,0.0,0.0
2026-08-05 20:00:00+00:00,0.09182000160217285,0.09390000253915787,0.0917000025510788,0.0931600034236908,1203664,0.0,0.0
2026-08-05 21:00:00+00:00,0.09318000078201294,0.09334000200033188,0.09187000244855881,0.09187000244855881,1484320,0.0,0.0
2026-08-05 22:00:00+00:00,0.09187000244855881,0.0923599973320961,0.09156999737024307,0.09204000234603882,2701096,0.0,0.0
2026-08-05 23:00:00+00:00,0.09196999669075012,0.09246999770402908,0.091839998960495,0.09226000308990479,0,0.0,0.0
2026-08-06 00:00:00+00:00,0.09228000044822693,0.09245000034570694,0.09195999801158905,0.09239000082015991,0,0.0,0.0
2026-08-06 01:00:00+00:00,0.09245999902486801,0.09245999902486801,0.09155000001192093,0.09158000349998474,0,0.0,0.0
2026-08-06 02:00:00+00:00,0.09148000180721283,0.09154000133275986,0.09000000357627869,0.09027999639511108,7079936,0.0,0.0
2026-08-06 03:00:00+00:00,0.09030000120401382,0.09136000275611877,0.08995000272989273,0.09136000275611877,0,0.0,0.0
2026-08-06 04:00:00+00:00,0.09132000058889389,0.09297999739646912,0.09109999984502792,0.09297999739646912,219712,0.0,0.0
2026-08-06 05:00:00+00:00,0.09300000220537186,0.09371999651193619,0.0925000011920929,0.09344000369310379,731920,0.0,0.0
2026-08-06 06:00:00+00:00,0.09344000369310379,0.09346000105142593,0.09220000356435776,0.09241999685764313,605576,0.0,0.0
2026-08-06 07:00:00+00:00,0.09238000214099884,0.09245999902486801,0.09165000170469284,0.09178999811410904,12760,0.0,0.0
2026-08-06 08:00:00+00:00,0.09182000160217285,0.09185999631881714,0.0914200022816658,0.09158000349998474,0,0.0,0.0
2026-08-06 09:00:00+00:00,0.091559998691082,0.09195999801158905,0.09077999740839005,0.09136000275611877,2942464,0.0,0.0
2026-08-06 10:00:00+00:00,0.09126000106334686,0.09126999974250793,0.09035000205039978,0.09075000137090683,1756064,0.0,0.0
2026-08-06 11:00:00+00:00,0.09086000174283981,0.09245000034570694,0.09053000062704086,0.09223999828100204,2575752,0.0,0.0
2026-08-06 12:00:00+00:00,0.09228000044822693,0.09228000044822693,0.09088999778032303,0.09099999815225601,0,0.0,0.0
2026-08-06 13:00:00+00:00,0.09099999815225601,0.09130000323057175,0.09042000025510788,0.09068000316619873,0,0.0,0.0
2026-08-06 14:00:00+00:00,0.09068000316619873,0.0917700007557869,0.09047999978065491,0.09171999990940094,999896,0.0,0.0
2026-08-06 15:00:00+00:00,0.09171999990940094,0.09313999861478806,0.09165000170469284,0.09228000044822693,0,0.0,0.0
2026-08-06 16:00:00+00:00,0.09233999997377396,0.09307000041007996,0.09188000112771988,0.09296000003814697,262608,0.0,0.0
2026-08-06 17:00:00+00:00,0.09300000220537186,0.0931600034236908,0.09177999943494797,0.0919099971652031,0,0.0,0.0
2026-08-06 18:00:00+00:00,0.09196999669075012,0.09233999997377396,0.09120000153779984,0.09155000001192093,0,0.0,0.0
2026-08-06 19:00:00+00:00,0.09155000001192093,0.09232000261545181,0.09148000180721283,0.09216000139713287,0,0.0,0.0
2026-08-06 20:00:00+00:00,0.09216000139713287,0.09291999787092209,0.0919099971652031,0.0919099971652031,0,0.0,0.0
2026-08-06 21:00:00+00:00,0.09198000282049179,0.09335999935865402,0.09198000282049179,0.09294000267982483,0,0.0,0.0
2026-08-06 22:00:00+00:00,0.09303999692201614,0.09375999867916107,0.09239000082015991,0.09262000024318695,0,0.0,0.0
2026-08-06 23:00:00+00:00,0.09257999807596207,0.09309999644756317,0.09233000129461288,0.09275999665260315,0,0.0,0.0
2026-08-07 00:00:00+00:00,0.09274999797344208,0.09307999908924103,0.0923599973320961,0.09241999685764313,0,0.0,0.0
2026-08-07 01:00:00+00:00,0.0925000011920929,0.09357000142335892,0.09205000102519989,0.09306000173091888,1343008,0.0,0.0
2026-08-07 02:00:00+00:00,0.09307999908924103,0.09369999915361404,0.09223999828100204,0.09241999685764313,0,0.0,0.0
2026-08-07 03:00:00+00:00,0.09239000082015991,0.09297999739646912,0.09212999790906906,0.09213999658823013,0,0.0,0.0
2026-08-07 04:00:00+00:00,0.09211999922990799,0.09286999702453613,0.09160999953746796,0.09176000207662582,0,0.0,0.0
2026-08-07 05:00:00+00:00,0.09177999943494797,0.09247999638319016,0.09143999963998795,0.09245000034570694,0,0.0,0.0
2026-08-07 06:00:00+00:00,0.09239999949932098,0.09359999746084213,0.0921500027179718,0.093019999563694,0,0.0,0.0
2026-08-07 07:00:00+00:00,0.09296000003814697,0.09335999935865402,0.09251999855041504,0.09258999675512314,0,0.0,0.0
2026-08-07 08:00:00+00:00,0.092569999396801,0.09628000110387802,0.092569999396801,0.09616000205278397,14666312,0.0,0.0
2026-08-07 09:00:00+00:00,0.09623999893665314,0.09715999662876129,0.09544000029563904,0.09602999687194824,9146920,0.0,0.0
2026-08-07 10:00:00+00:00,0.09606999903917313,0.09814999997615814,0.0957299992442131,0.09678000211715698,6988176,0.0,0.0
2026-08-07 11:00:00+00:00,0.09679999947547913,0.09781000018119812,0.09634999930858612,0.09640000015497208,4653272,0.0,0.0
2026-08-07 12:00:00+00:00,0.09644000232219696,0.09672000259160995,0.09465999901294708,0.09612999856472015,6611120,0.0,0.0
2026-08-07 13:00:00+00:00,0.0961500033736229,0.09625999629497528,0.095210000872612,0.0952799990773201,1028416,0.0,0.0
2026-08-07 14:00:00+00:00,0.09531000256538391,0.09573999792337418,0.09418000280857086,0.09435000270605087,775376,0.0,0.0
2026-08-07 15:00:00+00:00,0.0942699983716011,0.09520000219345093,0.0940999984741211,0.09493999928236008,0,0.0,0.0
2026-08-07 16:00:00+00:00,0.09495999664068222,0.09589999914169312,0.0946900025010109,0.09474000334739685,660320,0.0,0.0
2026-08-07 17:00:00+00:00,0.09467999637126923,0.09480000287294388,0.09325999766588211,0.09402000159025192,793472,0.0,0.0
2026-08-07 18:00:00+00:00,0.09397999942302704,0.09424000233411789,0.0935399979352951,0.0938199982047081,243392,0.0,0.0
2026-08-07 19:00:00+00:00,0.09374000132083893,0.094200000166893,0.09363000094890594,0.09407000243663788,961904,0.0,0.0
2026-08-07 20:00:00+00:00,0.09407000243663788,0.09446000307798386,0.09375999867916107,0.09414000064134598,0,0.0,0.0
2026-08-07 21:00:00+00:00,0.09419000148773193,0.09429000318050385,0.09283000230789185,0.09296000003814697,0,0.0,0.0
2026-08-07 22:00:00+00:00,0.09296000003814697,0.09296999871730804,0.0913499966263771,0.09151999652385712,470208,0.0,0.0
2026-08-07 23:00:00+00:00,0.09149999916553497,0.09176000207662582,0.09081000089645386,0.09143999963998795,3808880,0.0,0.0
2026-08-08 00:00:00+00:00,0.09143999963998795,0.09143999963998795,0.09053000062704086,0.09068000316619873,2735776,0.0,0.0
2026-08-08 01:00:00+00:00,0.09068000316619873,0.09096000343561172,0.08933000266551971,0.08990000188350677,2525184,0.0,0.0
2026-08-08 02:00:00+00:00,0.08990000188350677,0.09013999998569489,0.08961000293493271,0.089819997549057,0,0.0,0.0
2026-08-08 03:00:00+00:00,0.089819997549057,0.09063000231981277,0.08979000151157379,0.09049999713897705,937648,0.0,0.0
2026-08-08 04:00:00+00:00,0.09053000062704086,0.09143999963998795,0.09038999676704407,0.09132999926805496,2473776,0.0,0.0
2026-08-08 05:00:00+00:00,0.09132999926805496,0.09185999631881714,0.09086000174283981,0.09116999804973602,0,0.0,0.0
2026-08-08 06:00:00+00:00,0.09111999720335007,0.09144999831914902,0.09063000231981277,0.09074000269174576,0,0.0,0.0
2026-08-08 07:00:00+00:00,0.09072999656200409,0.09105999767780304,0.09040000289678574,0.09088999778032303,0,0.0,0.0
2026-08-08 08:00:00+00:00,0.09087999910116196,0.0913499966263771,0.09059000015258789,0.09099999815225601,0,0.0,0.0
2026-08-08 09:00:00+00:00,0.09099999815225601,0.09130000323057175,0.09083999693393707,0.09099999815225601,0,0.0,0.0
2026-08-08 10:00:00+00:00,0.09098999947309494,0.09128999710083008,0.09093999862670898,0.09106999635696411,0,0.0,0.0
2026-08-08 11:00:00+00:00,0.09106999635696411,0.09108000248670578,0.090549997985363,0.09071999788284302,0,0.0,0.0
2026-08-08 12:00:00+00:00,0.09068000316619873,0.09098000079393387,0.09057000279426575,0.09081999957561493,0,0.0,0.0
2026-08-08 13:00:00+00:00,0.090829998254776,0.09098000079393387,0.09064000099897385,0.0906900018453598,0,0.0,0.0
2026-08-08 14:00:00+00:00,0.09068000316619873,0.09168999642133713,0.09052000194787979,0.09143999963998795,0,0.0,0.0
2026-08-08 15:00:00+00:00,0.09145999699831009,0.09168999642133713,0.09125000238418579,0.09143999963998795,0,0.0,0.0
2026-08-08 16:00:00+00:00,0.0914200022816658,0.0919400006532669,0.09021999686956406,0.09077999740839005,0,0.0,0.0
2026-08-08 17:00:00+00:00,0.09077999740839005,0.09087999910116196,0.09035000205039978,0.09042000025510788,0,0.0,0.0
2026-08-08 18:00:00+00:00,0.09042000025510788,0.09051000326871872,0.08986999839544296,0.09015999734401703,0,0.0,0.0
2026-08-08 19:00:00+00:00,0.09015999734401703,0.09029000252485275,0.08997999876737595,0.09019999951124191,0,0.0,0.0
2026-08-08 20:00:00+00:00,0.09014999866485596,0.09047000110149384,0.09001000225543976,0.09031999856233597,0,0.0,0.0
2026-08-08 21:00:00+00:00,0.09031999856233597,0.09049999713897705,0.09007000178098679,0.09013999998569489,0,0.0,0.0
2026-08-08 22:00:00+00:00,0.09014999866485596,0.09027999639511108,0.08972000330686569,0.09006000310182571,0,0.0,0.0
2026-08-08 23:00:00+00:00,0.09003999829292297,0.09042999893426895,0.08976999670267105,0.09023000299930573,0,0.0,0.0
2026-08-09 00:00:00+00:00,0.09023000299930573,0.09043999761343002,0.08976999670267105,0.08990000188350677,0,0.0,0.0
2026-08-09 01:00:00+00:00,0.08985999971628189,0.09007000178098679,0.08946000039577484,0.08968000113964081,0,0.0,0.0
2026-08-09 02:00:00+00:00,0.08963000029325485,0.08991999924182892,0.08961000293493271,0.08986999839544296,0,0.0,0.0
2026-08-09 03:00:00+00:00,0.08986999839544296,0.08990000188350677,0.08905000239610672,0.08910000324249268,0,0.0,0.0
2026-08-09 04:00:00+00:00,0.08908999711275101,0.08978000283241272,0.08901999890804291,0.08918000012636185,0,0.0,0.0
2026-08-09 05:00:00+00:00,0.08917000144720078,0.08917000144720078,0.0880500003695488,0.08834999799728394,0,0.0,0.0
2026-08-09 06:00:00+00:00,0.08832000195980072,0.08862999826669693,0.08824999630451202,0.08852999657392502,0,0.0,0.0
2026-08-09 07:00:00+00:00,0.08848000317811966,0.08855000138282776,0.08771999925374985,0.08788999915122986,0,0.0,0.0
2026-08-09 08:00:00+00:00,0.08788999915122986,0.08812999725341797,0.08721999824047089,0.08765999972820282,1479336,0.0,0.0
2026-08-09 09:00:00+00:00,0.08765999972820282,0.08809000253677368,0.08726000040769577,0.08809000253677368,37272,0.0,0.0
2026-08-09 10:00:00+00:00,0.08809000253677368,0.08866000175476074,0.08800999820232391,0.08806999772787094,1089280,0.0,0.0
2026-08-09 11:00:00+00:00,0.08805999904870987,0.08805999904870987,0.08765999972820282,0.08782999962568283,0,0.0,0.0
2026-08-09 12:00:00+00:00,0.08782999962568283,0.08782999962568283,0.08714000135660172,0.0871800035238266,748032,0.0,0.0
2026-08-09 13:00:00+00:00,0.0871800035238266,0.08773999661207199,0.08681999891996384,0.08759000152349472,3995688,0.0,0.0
2026-08-09 14:00:00+00:00,0.08761999756097794,0.08782999962568283,0.08743999898433685,0.08782000094652176,0,0.0,0.0
2026-08-09 15:00:00+00:00,0.08786000311374664,0.0880500003695488,0.08752000331878662,0.08775000274181366,0,0.0,0.0
2026-08-09 16:00:00+00:00,0.08773999661207199,0.08778999745845795,0.08707000315189362,0.08708000183105469,0,0.0,0.0
2026-08-09 17:00:00+00:00,0.08711999654769897,0.0872500017285347,0.0869000032544136,0.08715999871492386,766736,0.0,0.0
2026-08-09 18:00:00+00:00,0.08715999871492386,0.08727999776601791,0.08692000061273575,0.0869700014591217,0,0.0,0.0
2026-08-09 19:00:00+00:00,0.08696000277996063,0.08728999644517899,0.08694999665021896,0.08724000304937363,416496,0.0,0.0
2026-08-09 20:00:00+00:00,0.08722999691963196,0.08769000321626663,0.08715999871492386,0.08758000284433365,240872,0.0,0.0
2026-08-09 21:00:00+00:00,0.08756999671459198,0.08814000338315964,0.08749999850988388,0.08767999708652496,897952,0.0,0.0
2026-08-09 22:00:00+00:00,0.08767999708652496,0.08822000026702881,0.08641000092029572,0.08686999976634979,135472,0.0,0.0
2026-08-09 23:00:00+00:00,0.08683999627828598,0.08709999918937683,0.08589000254869461,0.08651000261306763,2185808,0.0,0.0
2026-08-10 00:00:00+00:00,0.08643999695777893,0.08724000304937363,0.08619999885559082,0.08662000298500061,2676264,0.0,0.0
2026-08-10 01:00:00+00:00,0.08662000298500061,0.08743999898433685,0.08636999875307083,0.08724000304937363,746536,0.0,0.0
2026-08-10 02:00:00+00:00,0.0873199999332428,0.08760000020265579,0.08674000203609467,0.08759000152349472,1452200,0.0,0.0
2026-08-10 03:00:00+00:00,0.08761999756097794,0.08781000226736069,0.08713000267744064,0.08719000220298767,1377960,0.0,0.0
2026-08-10 04:00:00+00:00,0.08715999871492386,0.08737999945878983,0.08693999797105789,0.0871800035238266,0,0.0,0.0
2026-08-10 05:00:00+00:00,0.08715000003576279,0.08917000144720078,0.08708000183105469,0.08906999975442886,1831680,0.0,0.0
2026-08-10 06:00:00+00:00,0.08904000371694565,0.09006000310182571,0.08889000117778778,0.08986999839544296,5102928,0.0,0.0
2026-08-10 07:00:00+00:00,0.08990000188350677,0.09025999903678894,0.0895799994468689,0.09008000046014786,1828200,0.0,0.0
2026-08-10 08:00:00+00:00,0.09008000046014786,0.09080000221729279,0.089819997549057,0.09070000052452087,396008,0.0,0.0
2026-08-10 09:00:00+00:00,0.09064000099897385,0.09075000137090683,0.08976999670267105,0.089819997549057,2184504,0.0,0.0
2026-08-10 10:00:00+00:00,0.08983000367879868,0.09049999713897705,0.089819997549057,0.09043999761343002,0,0.0,0.0
2026-08-10 11:00:00+00:00,0.09047999978065491,0.09139999747276306,0.09036999940872192,0.09098999947309494,1950488,0.0,0.0
2026-08-10 12:00:00+00:00,0.09099999815225601,0.09125000238418579,0.09000000357627869,0.09000000357627869,1148576,0.0,0.0
2026-08-10 13:00:00+00:00,0.09002000093460083,0.09047999978065491,0.08913999795913696,0.08947999775409698,1296904,0.0,0.0
2026-08-10 14:00:00+00:00,0.0895799994468689,0.08968999981880188,0.08839999884366989,0.08839999884366989,3043672,0.0,0.0
2026-08-10 15:00:00+00:00,0.0884300023317337,0.08860000222921371,0.0879800021648407,0.08839999884366989,1599504,0.0,0.0
2026-08-10 16:00:00+00:00,0.08835999667644501,0.0885699987411499,0.08755999803543091,0.08756999671459198,404896,0.0,0.0
2026-08-10 17:00:00+00:00,0.08756999671459198,0.08855000138282776,0.08749999850988388,0.08795999735593796,0,0.0,0.0
2026-08-10 18:00:00+00:00,0.08792000263929367,0.08801999688148499,0.08702000230550766,0.08726999908685684,1246880,0.0,0.0
2026-08-10 19:00:00+00:00,0.08726999908685684,0.08842000365257263,0.08724000304937363,0.0877700001001358,1336048,0.0,0.0
2026-08-10 20:00:00+00:00,0.0877700001001358,0.08806999772787094,0.08767999708652496,0.0877000018954277,543008,0.0,0.0
2026-08-10 21:00:00+00:00,0.08769000321626663,0.08789999783039093,0.08721999824047089,0.08755999803543091,0,0.0,0.0
2026-08-10 22:00:00+00:00,0.08754000067710876,0.08816000074148178,0.08743999898433685,0.08799000084400177,0,0.0,0.0
2026-08-10 23:00:00+00:00,0.08792000263929367,0.08805999904870987,0.0877000018954277,0.087909996509552,0,0.0,0.0
2026-08-11 00:00:00+00:00,0.087909996509552,0.08866000175476074,0.08787000179290771,0.0885000005364418,0,0.0,0.0
2026-08-11 01:00:00+00:00,0.08848000317811966,0.09070000052452087,0.08827999979257584,0.09059999883174896,4171896,0.0,0.0
2026-08-11 02:00:00+00:00,0.09057000279426575,0.09132000058889389,0.09043999761343002,0.09077999740839005,6126592,0.0,0.0
2026-08-11 03:00:00+00:00,0.09053000062704086,0.09059999883174896,0.08998999744653702,0.09049999713897705,1310192,0.0,0.0
2026-08-11 04:00:00+00:00,0.09053999930620193,0.09087000042200089,0.08980000019073486,0.09023000299930573,3781152,0.0,0.0
2026-08-11 05:00:00+00:00,0.09013999998569489,0.0904499962925911,0.08979000151157379,0.09019000083208084,0,0.0,0.0
2026-08-11 06:00:00+00:00,0.09018000215291977,0.09156999737024307,0.08998999744653702,0.09040000289678574,446384,0.0,0.0
2026-08-11 07:00:00+00:00,0.09038999676704407,0.09087999910116196,0.09003999829292297,0.09055999666452408,0,0.0,0.0
2026-08-11 08:00:00+00:00,0.09057000279426575,0.09080000221729279,0.08984000235795975,0.09053000062704086,0,0.0,0.0
2026-08-11 09:00:00+00:00,0.09049999713897705,0.09093999862670898,0.0902400016784668,0.090379998087883,0,0.0,0.0
2026-08-11 10:00:00+00:00,0.09031999856233597,0.09059999883174896,0.08995000272989273,0.09048999845981598,272472,0.0,0.0
2026-08-11 11:00:00+00:00,0.09047999978065491,0.09077999740839005,0.0899600014090538,0.09004999697208405,0,0.0,0.0
2026-08-11 12:00:00+00:00,0.09007000178098679,0.09007000178098679,0.08918999880552292,0.08940000087022781,1124376,0.0,0.0
2026-08-11 13:00:00+00:00,0.08940000087022781,0.08978000283241272,0.08896999806165695,0.08914999663829803,0,0.0,0.0
2026-08-11 14:00:00+00:00,0.08912000060081482,0.08957000076770782,0.08869999647140503,0.08890999853610992,0,0.0,0.0
2026-08-11 15:00:00+00:00,0.08894000202417374,0.09019999951124191,0.08846999704837799,0.0892999991774559,3965488,0.0,0.0
2026-08-11 16:00:00+00:00,0.0892999991774559,0.08975999802350998,0.08907999843358994,0.08907999843358994,550768,0.0,0.0
2026-08-11 17:00:00+00:00,0.08912000060081482,0.08992999792098999,0.08910000324249268,0.0891600027680397,755624,0.0,0.0
2026-08-11 18:00:00+00:00,0.0891600027680397,0.089369997382164,0.088189996778965,0.08822000026702881,0,0.0,0.0
2026-08-11 19:00:00+00:00,0.0881199985742569,0.08885999768972397,0.08741000294685364,0.08885999768972397,3063944,0.0,0.0
2026-08-11 20:00:00+00:00,0.08888000249862671,0.09085000306367874,0.08886999636888504,0.08972000330686569,7869960,0.0,0.0
2026-08-11 21:00:00+00:00,0.08972000330686569,0.09019000083208084,0.08963999897241592,0.08974000066518784,1613616,0.0,0.0
2026-08-11 22:00:00+00:00,0.08974000066518784,0.08997000008821487,0.08925999701023102,0.08965999633073807,0,0.0,0.0
2026-08-11 23:00:00+00:00,0.089649997651577,0.09021999686956406,0.08947999775409698,0.09008000046014786,1147344,0.0,0.0
2026-08-12 00:00:00+00:00,0.09006000310182571,0.09041000157594681,0.08990000188350677,0.08993999660015106,2569224,0.0,0.0
2026-08-12 01:00:00+00:00,0.08991999924182892,0.09051000326871872,0.08979000151157379,0.09003999829292297,0,0.0,0.0
2026-08-12 02:00:00+00:00,0.09008000046014786,0.09009999781847,0.08957000076770782,0.0895799994468689,0,0.0,0.0
2026-08-12 03:00:00+00:00,0.08959999680519104,0.0902400016784668,0.0895799994468689,0.09004999697208405,0,0.0,0.0
2026-08-12 04:00:00+00:00,0.09004999697208405,0.09020999819040298,0.08967000246047974,0.08972000330686569,0,0.0,0.0
2026-08-12 05:00:00+00:00,0.08980000019073486,0.08990000188350677,0.08929000049829483,0.08929000049829483,0,0.0,0.0
2026-08-12 06:00:00+00:00,0.08928000181913376,0.08940999954938889,0.08848000317811966,0.08855000138282776,0,0.0,0.0
2026-08-12 07:00:00+00:00,0.08855000138282776,0.08900000154972076,0.08845999836921692,0.08895999938249588,0,0.0,0.0
2026-08-12 08:00:00+00:00,0.08888000249862671,0.08923999965190887,0.08877000212669373,0.08914999663829803,0,0.0,0.0
2026-08-12 09:00:00+00:00,0.08913999795913696,0.08975999802350998,0.08889999985694885,0.08967000246047974,0,0.0,0.0
2026-08-12 10:00:00+00:00,0.08967000246047974,0.08993999660015106,0.08935999870300293,0.08969999849796295,0,0.0,0.0
2026-08-12 11:00:00+00:00,0.08969999849796295,0.08974000066518784,0.08935000002384186,0.08946999907493591,0,0.0,0.0
2026-08-12 12:00:00+00:00,0.08946999907493591,0.0901700034737587,0.0892999991774559,0.08980000019073486,1408656,0.0,0.0
2026-08-12 13:00:00+00:00,0.08976999670267105,0.09065999835729599,0.08965999633073807,0.08965999633073807,0,0.0,0.0
2026-08-12 14:00:00+00:00,0.08962000161409378,0.08972000330686569,0.08844000101089478,0.08845999836921692,477104,0.0,0.0
2026-08-12 15:00:00+00:00,0.08839999884366989,0.0891600027680397,0.08829999715089798,0.08893000334501266,0,0.0,0.0
2026-08-12 16:00:00+00:00,0.08889999985694885,0.08910000324249268,0.0879800021648407,0.08816000074148178,0,0.0,0.0
2026-08-12 17:00:00+00:00,0.08816999942064285,0.08846999704837799,0.08810000121593475,0.08826000243425369,0,0.0,0.0
2026-08-12 18:00:00+00:00,0.08826000243425369,0.08826000243425369,0.08747000247240067,0.08752000331878662,0,0.0,0.0
2026-08-12 19:00:00+00:00,0.08748000115156174,0.08765999972820282,0.08649999648332596,0.0866599977016449,889368,0.0,0.0
2026-08-12 20:00:00+00:00,0.08666999638080597,0.08688999712467194,0.08603999763727188,0.0866599977016449,0,0.0,0.0
2026-08-12 21:00:00+00:00,0.0866599977016449,0.08671999722719193,0.08528000116348267,0.08545999974012375,1285952,0.0,0.0
2026-08-12 22:00:00+00:00,0.08546999841928482,0.08608999848365784,0.0853400006890297,0.08603999763727188,1880040,0.0,0.0
2026-08-12 23:00:00+00:00,0.08602000027894974,0.08677999675273895,0.08598999679088593,0.08671999722719193,0,0.0,0.0
2026-08-13 00:00:00+00:00,0.08668000251054764,0.08743999898433685,0.08668000251054764,0.08708000183105469,0,0.0,0.0
2026-08-13 01:00:00+00:00,0.08705999702215195,0.08744999766349792,0.08698000013828278,0.08708000183105469,0,0.0,0.0
2026-08-13 02:00:00+00:00,0.08708000183105469,0.0873199999332428,0.08670999854803085,0.0873199999332428,0,0.0,0.0
2026-08-13 03:00:00+00:00,0.08728999644517899,0.08799999952316284,0.08728999644517899,0.08761999756097794,1833288,0.0,0.0
2026-08-13 04:00:00+00:00,0.08758000284433365,0.08773999661207199,0.08737999945878983,0.08756999671459198,463088,0.0,0.0
2026-08-13 05:00:00+00:00,0.08756999671459198,0.08822000026702881,0.08754000067710876,0.08799000084400177,0,0.0,0.0
2026-08-13 06:00:00+00:00,0.08789999783039093,0.08793999999761581,0.08721999824047089,0.08760000020265579,0,0.0,0.0
2026-08-13 07:00:00+00:00,0.08759000152349472,0.08794999867677689,0.08692999929189682,0.08704999834299088,0,0.0,0.0
2026-08-13 08:00:00+00:00,0.0871099978685379,0.08713000267744064,0.08631999790668488,0.08653999865055084,1871608,0.0,0.0
2026-08-13 09:00:00+00:00,0.08654999732971191,0.08674000203609467,0.08597999811172485,0.08664999902248383,1817848,0.0,0.0
2026-08-13 10:00:00+00:00,0.08666999638080597,0.08666999638080597,0.08607999980449677,0.08615999668836594,501440,0.0,0.0
2026-08-13 11:00:00+00:00,0.08615999668836594,0.08628000319004059,0.08567000180482864,0.08603999763727188,566760,0.0,0.0
2026-08-13 12:00:00+00:00,0.08603999763727188,0.08634000271558762,0.08579999953508377,0.08602000027894974,0,0.0,0.0
2026-08-13 13:00:00+00:00,0.0860000029206276,0.08634000271558762,0.08574000000953674,0.08630000054836273,0,0.0,0.0
2026-08-13 14:00:00+00:00,0.08629000186920166,0.08654999732971191,0.08608999848365784,0.0861700028181076,98616,0.0,0.0
2026-08-13 15:00:00+00:00,0.08618000149726868,0.08648999780416489,0.08534999936819077,0.08541999757289886,492560,0.0,0.0
2026-08-13 16:00:00+00:00,0.0854400023818016,0.08556000143289566,0.08451999723911285,0.08489000052213669,6003920,0.0,0.0
2026-08-13 17:00:00+00:00,0.08490999788045883,0.08528000116348267,0.08479999750852585,0.08500000089406967,394784,0.0,0.0
2026-08-13 18:00:00+00:00,0.08500000089406967,0.08541999757289886,0.08494000136852264,0.08525999635457993,667576,0.0,0.0
2026-08-13 19:00:00+00:00,0.08528999984264374,0.08557000011205673,0.08521000295877457,0.08523000031709671,0,0.0,0.0
2026-08-13 20:00:00+00:00,0.08525999635457993,0.08545000106096268,0.08483999967575073,0.08507999777793884,0,0.0,0.0
2026-08-13 21:00:00+00:00,0.08504000306129456,0.08550000190734863,0.0849900022149086,0.0853400006890297,0,0.0,0.0
2026-08-13 22:00:00+00:00,0.08538000285625458,0.08581999689340591,0.08538000285625458,0.0855799987912178,0,0.0,0.0
2026-08-13 23:00:00+00:00,0.08555000275373459,0.08591999858617783,0.08551999926567078,0.08590000122785568,0,0.0,0.0
2026-08-14 00:00:00+00:00,0.08594000339508057,0.08618000149726868,0.0855799987912178,0.0855799987912178,0,0.0,0.0
2026-08-14 01:00:00+00:00,0.08561000227928162,0.08597999811172485,0.0855799987912178,0.0857200026512146,0,0.0,0.0
2026-08-14 02:00:00+00:00,0.0857200026512146,0.08585000038146973,0.08545000106096268,0.08546999841928482,0,0.0,0.0
2026-08-14 03:00:00+00:00,0.08541999757289886,0.08569999784231186,0.0849900022149086,0.08528000116348267,0,0.0,0.0
2026-08-14 04:00:00+00:00,0.08525999635457993,0.08574000000953674,0.08523999899625778,0.08563999831676483,0,0.0,0.0
2026-08-14 05:00:00+00:00,0.08563999831676483,0.08583000302314758,0.08550000190734863,0.08573000133037567,0,0.0,0.0
2026-08-14 06:00:00+00:00,0.08575999736785889,0.08575999736785889,0.08522000163793564,0.08528999984264374,0,0.0,0.0
2026-08-14 07:00:00+00:00,0.08525999635457993,0.08536999672651291,0.0850600004196167,0.08528000116348267,26816,0.0,0.0
2026-08-14 08:00:00+00:00,0.08528000116348267,0.08563999831676483,0.08504000306129456,0.08513999730348587,0,0.0,0.0
2026-08-14 09:00:00+00:00,0.08513999730348587,0.08530999720096588,0.08433999866247177,0.0845400020480156,0,0.0,0.0
2026-08-14 10:00:00+00:00,0.0845400020480156,0.08498000353574753,0.08405999839305878,0.08405999839305878,0,0.0,0.0
2026-08-14 11:00:00+00:00,0.08405999839305878,0.08444999903440475,0.0835300013422966,0.08355999737977982,3858892,0.0,0.0
2026-08-14 12:00:00+00:00,0.08364000171422958,0.0838799998164177,0.08343999832868576,0.08382000029087067,974640,0.0,0.0
2026-08-14 13:00:00+00:00,0.08382000029087067,0.08382000029087067,0.08340000361204147,0.08359000086784363,39152,0.0,0.0
2026-08-14 14:00:00+00:00,0.08359000086784363,0.08370000123977661,0.08263999968767166,0.08274000138044357,0,0.0,0.0
2026-08-14 15:00:00+00:00,0.0826599970459938,0.08352000266313553,0.08226999640464783,0.08352000266313553,2158616,0.0,0.0
2026-08-14 16:00:00+00:00,0.08348000049591064,0.08410000056028366,0.0832500010728836,0.08399999886751175,0,0.0,0.0
2026-08-14 17:00:00+00:00,0.08395999670028687,0.08421000093221664,0.08369000256061554,0.08372999727725983,682148,0.0,0.0
2026-08-14 18:00:00+00:00,0.08372999727725983,0.08397000283002853,0.08337999880313873,0.08337999880313873,0,0.0,0.0
2026-08-14 19:00:00+00:00,0.08333999663591385,0.08376000076532364,0.08320000022649765,0.08361999690532684,535500,0.0,0.0
2026-08-14 20:00:00+00:00,0.08361999690532684,0.08392000198364258,0.08359000086784363,0.08383999764919281,248688,0.0,0.0
2026-08-14 21:00:00+00:00,0.08383999764919281,0.08389999717473984,0.08347000181674957,0.08354000002145767,0,0.0,0.0
2026-08-14 22:00:00+00:00,0.08354000002145767,0.08370999991893768,0.08337999880313873,0.0835999995470047,0,0.0,0.0
2026-08-14 23:00:00+00:00,0.08358000218868256,0.08460000157356262,0.08358000218868256,0.08455999940633774,561292,0.0,0.0
2026-08-15 00:00:00+00:00,0.08460000157356262,0.08489999920129776,0.08442000299692154,0.0847800001502037,0,0.0,0.0
2026-08-15 01:00:00+00:00,0.0847800001502037,0.08483999967575073,0.08455999940633774,0.08466000109910965,569780,0.0,0.0
2026-08-15 02:00:00+00:00,0.08466000109910965,0.08534999936819077,0.08445999771356583,0.08516000211238861,1083976,0.0,0.0
2026-08-15 03:00:00+00:00,0.08517999947071075,0.08551999926567078,0.08507999777793884,0.08525999635457993,300464,0.0,0.0
2026-08-15 04:00:00+00:00,0.0853400006890297,0.08573000133037567,0.08516000211238861,0.08516000211238861,829924,0.0,0.0
2026-08-15 05:00:00+00:00,0.08516000211238861,0.08517999947071075,0.08478999882936478,0.08495000004768372,999252,0.0,0.0
2026-08-15 06:00:00+00:00,0.08495000004768372,0.08500000089406967,0.08432000130414963,0.08483999967575073,637888,0.0,0.0
2026-08-15 07:00:00+00:00,0.08483999967575073,0.0848499983549118,0.0843999981880188,0.0843999981880188,0,0.0,0.0
2026-08-15 08:00:00+00:00,0.0843999981880188,0.08455999940633774,0.08427999913692474,0.08438000082969666,0,0.0,0.0
2026-08-15 09:00:00+00:00,0.08438000082969666,0.08500999957323074,0.08433999866247177,0.08494000136852264,0,0.0,0.0
2026-08-15 10:00:00+00:00,0.08494000136852264,0.08508999645709991,0.0846799984574318,0.08485999703407288,0,0.0,0.0
2026-08-15 11:00:00+00:00,0.08485999703407288,0.08500999957323074,0.0846799984574318,0.08472000062465668,0,0.0,0.0
2026-08-15 12:00:00+00:00,0.08474999666213989,0.08525999635457993,0.08473999798297882,0.08525999635457993,0,0.0,0.0
2026-08-15 13:00:00+00:00,0.08522000163793564,0.08522000163793564,0.0849199965596199,0.08500999957323074,0,0.0,0.0
2026-08-15 14:00:00+00:00,0.08500999957323074,0.08516000211238861,0.08490999788045883,0.0851299986243248,0,0.0,0.0
2026-08-15 15:00:00+00:00,0.08511999994516373,0.08528999984264374,0.08498000353574753,0.08521000295877457,0,0.0,0.0
2026-08-15 16:00:00+00:00,0.08521000295877457,0.08549000322818756,0.08517999947071075,0.08522000163793564,0,0.0,0.0
2026-08-15 17:00:00+00:00,0.08522000163793564,0.08528000116348267,0.08472999930381775,0.08472999930381775,0,0.0,0.0
2026-08-15 18:00:00+00:00,0.08472999930381775,0.08476000279188156,0.08457999676465988,0.08468999713659286,0,0.0,0.0
2026-08-15 19:00:00+00:00,0.08468999713659286,0.08476000279188156,0.08449000120162964,0.08466000109910965,0,0.0,0.0
2026-08-15 20:00:00+00:00,0.08466000109910965,0.08466000109910965,0.08421999961137772,0.08432000130414963,0,0.0,0.0
2026-08-15 21:00:00+00:00,0.08429999649524689,0.08443000167608261,0.08421000093221664,0.08432000130414963,619448,0.0,0.0
2026-08-15 22:00:00+00:00,0.08432000130414963,0.08440999686717987,0.0839499980211258,0.0839499980211258,658952,0.0,0.0
2026-08-15 23:00:00+00:00,0.08393999934196472,0.08410999923944473,0.08371999859809875,0.0839100033044815,319404,0.0,0.0
2026-08-16 00:00:00+00:00,0.08386000245809555,0.08395999670028687,0.08375000208616257,0.08377999812364578,0,0.0,0.0
2026-08-16 01:00:00+00:00,0.0837400034070015,0.08382000029087067,0.08344999700784683,0.08354000002145767,0,0.0,0.0
2026-08-16 02:00:00+00:00,0.08354000002145767,0.08393999934196472,0.08341000229120255,0.08387000113725662,0,0.0,0.0
2026-08-16 03:00:00+00:00,0.08386000245809555,0.0839800015091896,0.0837400034070015,0.0837400034070015,0,0.0,0.0
2026-08-16 04:00:00+00:00,0.0837400034070015,0.08399999886751175,0.08370000123977661,0.08382000029087067,0,0.0,0.0
2026-08-16 05:00:00+00:00,0.0838100016117096,0.08382999897003174,0.08342000097036362,0.08343999832868576,0,0.0,0.0
2026-08-16 06:00:00+00:00,0.08342000097036362,0.08348999917507172,0.0826599970459938,0.08269999921321869,1882184,0.0,0.0
2026-08-16 07:00:00+00:00,0.0826599970459938,0.08305999636650085,0.0826599970459938,0.08305999636650085,434768,0.0,0.0
2026-08-16 08:00:00+00:00,0.08305999636650085,0.0831499993801117,0.08286000043153763,0.08302000164985657,0,0.0,0.0
2026-08-16 09:00:00+00:00,0.08302000164985657,0.08333999663591385,0.08298999816179276,0.0832199975848198,209144,0.0,0.0
2026-08-16 10:00:00+00:00,0.08319000154733658,0.08324000239372253,0.0828699991106987,0.08295000344514847,0,0.0,0.0
2026-08-16 11:00:00+00:00,0.08295000344514847,0.08325999975204468,0.08292999863624573,0.08307000249624252,457400,0.0,0.0
2026-08-16 12:00:00+00:00,0.08307000249624252,0.08337999880313873,0.08303000032901764,0.08337999880313873,0,0.0,0.0
2026-08-16 13:00:00+00:00,0.08337999880313873,0.08372999727725983,0.08331000059843063,0.08344999700784683,1423280,0.0,0.0
2026-08-16 14:00:00+00:00,0.08344999700784683,0.08364000171422958,0.08344999700784683,0.08348999917507172,0,0.0,0.0
2026-08-16 15:00:00+00:00,0.08348999917507172,0.08443000167608261,0.08348999917507172,0.08408000320196152,1970428,0.0,0.0
2026-08-16 16:00:00+00:00,0.08408000320196152,0.0842600017786026,0.08348000049591064,0.08369000256061554,1358252,0.0,0.0
2026-08-16 17:00:00+00:00,0.08371999859809875,0.08376000076532364,0.0833899974822998,0.08376000076532364,208932,0.0,0.0
2026-08-16 18:00:00+00:00,0.08376000076532364,0.08376000076532364,0.08323000371456146,0.08333999663591385,209980,0.0,0.0
2026-08-16 19:00:00+00:00,0.08336000144481659,0.08360999822616577,0.08326999843120575,0.08333999663591385,946564,0.0,0.0
2026-08-16 20:00:00+00:00,0.08333999663591385,0.08336000144481659,0.08288999646902084,0.08290000259876251,1747328,0.0,0.0
2026-08-16 21:00:00+00:00,0.08290000259876251,0.08296000212430954,0.08135999739170074,0.08196000009775162,4443864,0.0,0.0
2026-08-16 22:00:00+00:00,0.08184999972581863,0.08271999657154083,0.08177000284194946,0.08269999921321869,885660,0.0,0.0
2026-08-16 23:00:00+00:00,0.08269999921321869,0.08274000138044357,0.0821399986743927,0.08226999640464783,852816,0.0,0.0
2026-08-17 00:00:00+00:00,0.08229000121355057,0.08246000111103058,0.08207999914884567,0.08243999630212784,698092,0.0,0.0
2026-08-17 01:00:00+00:00,0.0824500024318695,0.08337999880313873,0.0824199989438057,0.0824899971485138,1970352,0.0,0.0
2026-08-17 02:00:00+00:00,0.0825200006365776,0.08367999643087387,0.08251000195741653,0.08343999832868576,2004540,0.0,0.0
2026-08-17 03:00:00+00:00,0.08350999653339386,0.08358000218868256,0.08297999948263168,0.08327999711036682,2087828,0.0,0.0
2026-08-17 04:00:00+00:00,0.08327999711036682,0.0838799998164177,0.08323000371456146,0.08376000076532364,896744,0.0,0.0
2026-08-17 05:00:00+00:00,0.08376000076532364,0.0838100016117096,0.08348000049591064,0.08358000218868256,913868,0.0,0.0
2026-08-17 06:00:00+00:00,0.08358000218868256,0.08437000215053558,0.08337000012397766,0.08433999866247177,0,0.0,0.0
2026-08-17 07:00:00+00:00,0.08442000299692154,0.08442000299692154,0.08376000076532364,0.0841199979186058,199140,0.0,0.0
2026-08-17 08:00:00+00:00,0.08409000188112259,0.08410000056028366,0.08284000307321548,0.0828699991106987,1731512,0.0,0.0
2026-08-17 09:00:00+00:00,0.08292999863624573,0.08324000239372253,0.08288999646902084,0.08315999805927277,333992,0.0,0.0
2026-08-17 10:00:00+00:00,0.08315999805927277,0.0837400034070015,0.08278000354766846,0.08370000123977661,808424,0.0,0.0
2026-08-17 11:00:00+00:00,0.0836699977517128,0.08386000245809555,0.08349999785423279,0.08358000218868256,179480,0.0,0.0
2026-08-17 12:00:00+00:00,0.08358000218868256,0.0836699977517128,0.08271999657154083,0.08282999694347382,1616832,0.0,0.0
2026-08-17 13:00:00+00:00,0.08278000354766846,0.08383999764919281,0.08270999789237976,0.08380000293254852,0,0.0,0.0
2026-08-17 14:00:00+00:00,0.08380000293254852,0.08404000103473663,0.08332999795675278,0.08399999886751175,1762792,0.0,0.0
2026-08-17 15:00:00+00:00,0.08402000367641449,0.08402000367641449,0.08319000154733658,0.08375000208616257,1148352,0.0,0.0
2026-08-17 16:00:00+00:00,0.08382999897003174,0.08382999897003174,0.08297999948263168,0.08299999684095383,0,0.0,0.0
2026-08-17 17:00:00+00:00,0.08297000080347061,0.08376000076532364,0.08275000005960464,0.08341000229120255,1554920,0.0,0.0
2026-08-17 18:00:00+00:00,0.08341000229120255,0.08341000229120255,0.0828699991106987,0.0831800028681755,1027700,0.0,0.0
2026-08-17 19:00:00+00:00,0.0831800028681755,0.08355999737977982,0.08312000334262848,0.08336000144481659,0,0.0,0.0
2026-08-17 20:00:00+00:00,0.08336000144481659,0.08370000123977661,0.08320999890565872,0.08342000097036362,0,0.0,0.0
2026-08-17 21:00:00+00:00,0.08342000097036362,0.08363000303506851,0.08342000097036362,0.08343999832868576,0,0.0,0.0
2026-08-17 22:00:00+00:00,0.08343999832868576,0.08354000002145767,0.08258000016212463,0.08262000232934952,0,0.0,0.0
2026-08-17 23:00:00+00:00,0.08247999846935272,0.08315999805927277,0.08247999846935272,0.08313000202178955,0,0.0,0.0
2026-08-18 00:00:00+00:00,0.0831499993801117,0.08330000191926956,0.08299999684095383,0.08325999975204468,0,0.0,0.0
2026-08-18 01:00:00+00:00,0.08327999711036682,0.08336000144481659,0.08259999752044678,0.08261000365018845,0,0.0,0.0
2026-08-18 02:00:00+00:00,0.08261000365018845,0.08284000307321548,0.08160000294446945,0.08179999887943268,346128,0.0,0.0
2026-08-18 03:00:00+00:00,0.0817599967122078,0.08218999952077866,0.08160000294446945,0.08218999952077866,0,0.0,0.0
2026-08-18 04:00:00+00:00,0.08218999952077866,0.08256000280380249,0.0820000022649765,0.0823500007390976,49212,0.0,0.0
2026-08-18 05:00:00+00:00,0.0823500007390976,0.08247999846935272,0.08172000199556351,0.08219999819993973,525836,0.0,0.0
2026-08-18 06:00:00+00:00,0.08219999819993973,0.0831800028681755,0.0818599984049797,0.08264999836683273,0,0.0,0.0
2026-08-18 07:00:00+00:00,0.08269999921321869,0.08302000164985657,0.0824500024318695,0.08256000280380249,0,0.0,0.0
2026-08-18 08:00:00+00:00,0.08256000280380249,0.08284000307321548,0.08196999877691269,0.0826599970459938,167256,0.0,0.0
2026-08-18 09:00:00+00:00,0.0826599970459938,0.08291000127792358,0.08258000016212463,0.0828000009059906,0,0.0,0.0
2026-08-18 10:00:00+00:00,0.0828000009059906,0.08335000276565552,0.08275999873876572,0.08309999853372574,388156,0.0,0.0
2026-08-18 11:00:00+00:00,0.08314000070095062,0.08348000049591064,0.08297999948263168,0.08330000191926956,158876,0.0,0.0
2026-08-18 12:00:00+00:00,0.08330000191926956,0.08392000198364258,0.08330000191926956,0.08359000086784363,0,0.0,0.0
2026-08-18 13:00:00+00:00,0.08343999832868576,0.0838100016117096,0.08330000191926956,0.08369000256061554,0,0.0,0.0
2026-08-18 14:00:00+00:00,0.08364000171422958,0.08547999709844589,0.0835999995470047,0.0842600017786026,5375084,0.0,0.0
2026-08-18 15:00:00+00:00,0.0842600017786026,0.08479999750852585,0.0842600017786026,0.08459000289440155,0,0.0,0.0
2026-08-18 16:00:00+00:00,0.08459000289440155,0.0846799984574318,0.08376999944448471,0.08376999944448471,481636,0.0,0.0
2026-08-18 17:00:00+00:00,0.08376999944448471,0.08380000293254852,0.08342000097036362,0.08342000097036362,0,0.0,0.0
2026-08-18 18:00:00+00:00,0.08342000097036362,0.08410000056028366,0.08342000097036362,0.08348999917507172,0,0.0,0.0
2026-08-18 19:00:00+00:00,0.08348000049591064,0.08377999812364578,0.0833199992775917,0.08336000144481659,0,0.0,0.0
2026-08-18 20:00:00+00:00,0.08337999880313873,0.08340000361204147,0.08270999789237976,0.08276999741792679,1757876,0.0,0.0
2026-08-18 21:00:00+00:00,0.08278000354766846,0.08314000070095062,0.08278000354766846,0.08308999985456467,1397100,0.0,0.0
2026-08-18 22:00:00+00:00,0.08308999985456467,0.0832199975848198,0.0825899988412857,0.08275999873876572,601568,0.0,0.0
2026-08-18 23:00:00+00:00,0.08276999741792679,0.0830800011754036,0.08256000280380249,0.0827300027012825,0,0.0,0.0
2026-08-19 00:00:00+00:00,0.08274000138044357,0.08279000222682953,0.08201999962329865,0.0826599970459938,1835956,0.0,0.0
2026-08-19 01:00:00+00:00,0.08269999921321869,0.0841199979186058,0.08264999836683273,0.08405999839305878,1516684,0.0,0.0
2026-08-19 02:00:00+00:00,0.08402000367641449,0.0840499997138977,0.08370000123977661,0.08376000076532364,0,0.0,0.0
2026-08-19 03:00:00+00:00,0.08376999944448471,0.08434999734163284,0.08365000039339066,0.08402000367641449,0,0.0,0.0
2026-08-19 04:00:00+00:00,0.08402000367641449,0.0841199979186058,0.08370999991893768,0.08382000029087067,0,0.0,0.0
2026-08-19 05:00:00+00:00,0.08382000029087067,0.08393999934196472,0.08354999870061874,0.08359000086784363,0,0.0,0.0
2026-08-19 06:00:00+00:00,0.08359000086784363,0.08523999899625778,0.08357000350952148,0.0851999968290329,850824,0.0,0.0
2026-08-19 07:00:00+00:00,0.0851999968290329,0.0860000029206276,0.08504000306129456,0.0853400006890297,4998500,0.0,0.0
2026-08-19 08:00:00+00:00,0.08545999974012375,0.08557000011205673,0.08476000279188156,0.08517999947071075,370360,0.0,0.0
2026-08-19 09:00:00+00:00,0.08518999814987183,0.08529999852180481,0.08414000272750854,0.08416000008583069,1298944,0.0,0.0
2026-08-19 10:00:00+00:00,0.0841900035738945,0.0843999981880188,0.08400999754667282,0.0843999981880188,0,0.0,0.0
2026-08-19 11:00:00+00:00,0.08428999781608582,0.08436000347137451,0.08371999859809875,0.08395999670028687,1572848,0.0,0.0
2026-08-19 12:00:00+00:00,0.0839800015091896,0.08455999940633774,0.08393999934196472,0.0845400020480156,0,0.0,0.0
2026-08-19 13:00:00+00:00,0.08562000095844269,0.08562000095844269,0.08414000272750854,0.08463999629020691,4905984,0.0,0.0
2026-08-19 14:00:00+00:00,0.08470000326633453,0.08636000007390976,0.08459000289440155,0.08619999885559082,0,0.0,0.0
2026-08-19 15:00:00+00:00,0.08628000319004059,0.089369997382164,0.08613000065088272,0.08754000067710876,17685576,0.0,0.0
2026-08-19 16:00:00+00:00,0.08755999803543091,0.09052000194787979,0.08724000304937363,0.09019999951124191,12147816,0.0,0.0
2026-08-19 17:00:00+00:00,0.09020999819040298,0.09021999686956406,0.08814000338315964,0.08912000060081482,6776840,0.0,0.0
2026-08-19 18:00:00+00:00,0.08912999927997589,0.0891600027680397,0.0878399983048439,0.08816000074148178,2335088,0.0,0.0
2026-08-19 19:00:00+00:00,0.08806999772787094,0.08993999660015106,0.08806999772787094,0.08993999660015106,3073624,0.0,0.0
2026-08-19 20:00:00+00:00,0.08993999660015106,0.09299000352621078,0.08974000066518784,0.09285999834537506,8108960,0.0,0.0
2026-08-19 21:00:00+00:00,0.09290000051259995,0.09504000097513199,0.09252999722957611,0.09427999705076218,20096936,0.0,0.0
2026-08-19 22:00:00+00:00,0.09431999921798706,0.09464000165462494,0.0935399979352951,0.094480000436306,8471296,0.0,0.0
2026-08-19 23:00:00+00:00,0.09438999742269516,0.0951400026679039,0.09325999766588211,0.09325999766588211,5346416,0.0,0.0
2026-08-20 00:00:00+00:00,0.09328000247478485,0.0942699983716011,0.09292999655008316,0.09362000226974487,2973728,0.0,0.0
2026-08-20 01:00:00+00:00,0.09365999698638916,0.09453999996185303,0.09271000325679779,0.09442000091075897,3740240,0.0,0.0
2026-08-20 02:00:00+00:00,0.09442000091075897,0.09442000091075897,0.09334000200033188,0.09334000200033188,2967568,0.0,0.0
2026-08-20 03:00:00+00:00,0.09334000200033188,0.09334000200033188,0.09192000329494476,0.09210000187158585,2653616,0.0,0.0
2026-08-20 04:00:00+00:00,0.0921500027179718,0.09299000352621078,0.09205999970436096,0.09282000362873077,1404336,0.0,0.0
2026-08-20 05:00:00+00:00,0.09282000362873077,0.09302999824285507,0.09245999902486801,0.09256000071763992,1643920,0.0,0.0
2026-08-20 06:00:00+00:00,0.09256000071763992,0.09322000294923782,0.09246999770402908,0.09318999946117401,0,0.0,0.0
2026-08-20 07:00:00+00:00,0.09317000210285187,0.09408999979496002,0.09307999908924103,0.09393999725580215,0,0.0,0.0
2026-08-20 08:00:00+00:00,0.09402000159025192,0.09752000123262405,0.09390000253915787,0.09691999852657318,15161408,0.0,0.0
2026-08-20 09:00:00+00:00,0.09697999805212021,0.09766999632120132,0.09606000036001205,0.0966000035405159,8910304,0.0,0.0
2026-08-20 10:00:00+00:00,0.0966000035405159,0.09982000291347504,0.09647999703884125,0.09972000122070312,17705440,0.0,0.0
2026-08-20 11:00:00+00:00,0.09973999857902527,0.10162000358104706,0.09956000000238419,0.10028000175952911,16847808,0.0,0.0
2026-08-20 12:00:00+00:00,0.10044000297784805,0.1005299985408783,0.09826000034809113,0.09922000020742416,13938992,0.0,0.0
2026-08-20 13:00:00+00:00,0.09915000200271606,0.09954000264406204,0.09777999669313431,0.09821999818086624,2157248,0.0,0.0
2026-08-20 14:00:00+00:00,0.09831999987363815,0.09985999763011932,0.09799999743700027,0.09949000179767609,5430432,0.0,0.0
2026-08-20 15:00:00+00:00,0.0995199978351593,0.10301999747753143,0.09926000237464905,0.10209999978542328,0,0.0,0.0
2026-08-20 16:00:00+00:00,0.1018500030040741,0.1031000018119812,0.10070999711751938,0.10309000313282013,0,0.0,0.0
2026-08-20 17:00:00+00:00,0.10304000228643417,0.10790000110864639,0.10279999673366547,0.1071700006723404,13199984,0.0,0.0
2026-08-20 18:00:00+00:00,0.10728000104427338,0.1091499999165535,0.10597000271081924,0.10751999914646149,21243504,0.0,0.0
2026-08-20 19:00:00+00:00,0.10767000168561935,0.11039000004529953,0.10740000009536743,0.10772000253200531,20286272,0.0,0.0
2026-08-20 20:00:00+00:00,0.1076200008392334,0.11176999658346176,0.10660000145435333,0.11176999658346176,10527584,0.0,0.0
2026-08-20 21:00:00+00:00,0.11184000223875046,0.11411000043153763,0.11032000184059143,0.11330000311136246,4655136,0.0,0.0
2026-08-20 22:00:00+00:00,0.11336000263690948,0.11636000126600266,0.1130400002002716,0.1153699979186058,23278272,0.0,0.0
2026-08-20 23:00:00+00:00,0.11507999897003174,0.1188800036907196,0.11495000123977661,0.11659999936819077,18834432,0.0,0.0
2026-08-21 00:00:00+00:00,0.1167600005865097,0.11986000090837479,0.11608000099658966,0.11965999752283096,16001344,0.0,0.0
2026-08-21 01:00:00+00:00,0.1196800023317337,0.12247999757528305,0.11777999997138977,0.12116000056266785,30440032,0.0,0.0
2026-08-21 02:00:00+00:00,0.12125000357627869,0.12451999634504318,0.12044999748468399,0.12359999865293503,29487520,0.0,0.0
2026-08-21 03:00:00+00:00,0.1237500011920929,0.12544000148773193,0.12075000256299973,0.12509000301361084,34654464,0.0,0.0
2026-08-21 04:00:00+00:00,0.12522000074386597,0.12640999257564545,0.12342999875545502,0.12580999732017517,29825216,0.0,0.0
2026-08-21 05:00:00+00:00,0.12547999620437622,0.13065999746322632,0.12547999620437622,0.1305599957704544,44187264,0.0,0.0
2026-08-21 06:00:00+00:00,0.1305599957704544,0.13131000101566315,0.12750999629497528,0.13022999465465546,43046272,0.0,0.0
2026-08-21 07:00:00+00:00,0.13017000257968903,0.13468000292778015,0.12943999469280243,0.1310099959373474,39584448,0.0,0.0
2026-08-21 08:00:00+00:00,0.1310500055551529,0.14462999999523163,0.1310500055551529,0.14154000580310822,73148992,0.0,0.0
2026-08-21 09:00:00+00:00,0.14196999371051788,0.14284999668598175,0.1312599927186966,0.1377200037240982,125752640,0.0,0.0
2026-08-21 10:00:00+00:00,0.13776999711990356,0.14018000662326813,0.13405999541282654,0.13819000124931335,30868288,0.0,0.0
2026-08-21 11:00:00+00:00,0.13912999629974365,0.14351999759674072,0.13808000087738037,0.14057999849319458,42252416,0.0,0.0
2026-08-21 12:00:00+00:00,0.14093999564647675,0.14182999730110168,0.1372399926185608,0.13936999440193176,39964352,0.0,0.0
2026-08-21 13:00:00+00:00,0.13931000232696533,0.1450899988412857,0.1384499967098236,0.1447400003671646,53151424,0.0,0.0
2026-08-21 14:00:00+00:00,0.14504000544548035,0.14914999902248383,0.1421000063419342,0.14883999526500702,59409408,0.0,0.0
2026-08-21 15:00:00+00:00,0.14879000186920166,0.15500999987125397,0.14484000205993652,0.149849995970726,118509760,0.0,0.0
2026-08-21 16:00:00+00:00,0.14993000030517578,0.15276999771595,0.1476999968290329,0.14871999621391296,80194048,0.0,0.0
2026-08-21 17:00:00+00:00,0.14882999658584595,0.15211999416351318,0.14598999917507172,0.14858999848365784,21479296,0.0,0.0
2026-08-21 18:00:00+00:00,0.1482599973678589,0.15036000311374664,0.1371999979019165,0.1404999941587448,19893504,0.0,0.0
2026-08-21 19:00:00+00:00,0.1398800015449524,0.13996000587940216,0.13516999781131744,0.13672000169754028,20654464,0.0,0.0
2026-08-21 20:00:00+00:00,0.1366100013256073,0.14098000526428223,0.13616999983787537,0.14014999568462372,12187904,0.0,0.0
2026-08-21 21:00:00+00:00,0.14010000228881836,0.14452999830245972,0.13979999721050262,0.1429399996995926,15192576,0.0,0.0
2026-08-21 22:00:00+00:00,0.14283999800682068,0.14420999586582184,0.1394300013780594,0.1424500048160553,0,0.0,0.0
2026-08-21 23:00:00+00:00,0.1422400027513504,0.14351999759674072,0.14055000245571136,0.14214999973773956,2072704,0.0,0.0
2026-08-22 00:00:00+00:00,0.14226999878883362,0.1426900029182434,0.13989999890327454,0.1422799974679947,1023232,0.0,0.0
2026-08-22 01:00:00+00:00,0.14244000613689423,0.146029993891716,0.1422400027513504,0.14374999701976776,1984512,0.0,0.0
2026-08-22 02:00:00+00:00,0.1438400000333786,0.1497199982404709,0.1438400000333786,0.14924000203609467,1234688,0.0,0.0
2026-08-22 03:00:00+00:00,0.14907999336719513,0.15992000699043274,0.1482599973678589,0.15583999454975128,53588864,0.0,0.0
2026-08-22 04:00:00+00:00,0.15613999962806702,0.1655000001192093,0.15613999962806702,0.16303999722003937,66157696,0.0,0.0
2026-08-22 05:00:00+00:00,0.16315999627113342,0.1634799987077713,0.13663999736309052,0.15088999271392822,191258496,0.0,0.0
2026-08-22 06:00:00+00:00,0.15102000534534454,0.15410999953746796,0.14720000326633453,0.15279999375343323,7620480,0.0,0.0
2026-08-22 07:00:00+00:00,0.15289999544620514,0.15786999464035034,0.1505499929189682,0.15211999416351318,0,0.0,0.0
2026-08-22 08:00:00+00:00,0.15211999416351318,0.15440000593662262,0.14904999732971191,0.1515599936246872,0,0.0,0.0
2026-08-22 09:00:00+00:00,0.15174999833106995,0.15424999594688416,0.14921000599861145,0.15033000707626343,0,0.0,0.0
2026-08-22 10:00:00+00:00,0.15052999556064606,0.15129999816417694,0.14361000061035156,0.15045000612735748,1621504,0.0,0.0
2026-08-22 11:00:00+00:00,0.1505499929189682,0.1540900021791458,0.1496800035238266,0.15304000675678253,0,0.0,0.0
2026-08-22 12:00:00+00:00,0.15285000205039978,0.16061000525951385,0.15285000205039978,0.1582999974489212,0,0.0,0.0
2026-08-22 13:00:00+00:00,0.15855999290943146,0.16112999618053436,0.15539999306201935,0.15547999739646912,0,0.0,0.0
2026-08-22 14:00:00+00:00,0.15573999285697937,0.1565299928188324,0.14891000092029572,0.15068000555038452,0,0.0,0.0
2026-08-22 15:00:00+00:00,0.150409996509552,0.1532299965620041,0.14775000512599945,0.15123000741004944,0,0.0,0.0
2026-08-22 16:00:00+00:00,0.15127000212669373,0.15219999849796295,0.14858999848365784,0.15072999894618988,0,0.0,0.0
2026-08-22 17:00:00+00:00,0.15072999894618988,0.15222999453544617,0.14921000599861145,0.1512400060892105,0,0.0,0.0
2026-08-22 18:00:00+00:00,0.15113000571727753,0.15345999598503113,0.1492999941110611,0.15285000205039978,0,0.0,0.0
2026-08-22 19:00:00+00:00,0.15298999845981598,0.15625,0.15082000195980072,0.15449999272823334,0,0.0,0.0
2026-08-22 20:00:00+00:00,0.1546500027179718,0.1584399938583374,0.1538500040769577,0.15803000330924988,0,0.0,0.0
2026-08-22 21:00:00+00:00,0.15786999464035034,0.1582999974489212,0.15365999937057495,0.15707999467849731,0,0.0,0.0
2026-08-22 22:00:00+00:00,0.1574299931526184,0.16274000704288483,0.15595999360084534,0.15815000236034393,8093696,0.0,0.0
2026-08-22 23:00:00+00:00,0.1579499989748001,0.16005000472068787,0.1563500016927719,0.15845000743865967,0,0.0,0.0
2026-08-23 00:00:00+00:00,0.1581999957561493,0.16068999469280243,0.1548299938440323,0.15919999778270721,0,0.0,0.0
2026-08-23 01:00:00+00:00,0.159170001745224,0.16120000183582306,0.15610000491142273,0.15755000710487366,0,0.0,0.0
2026-08-23 02:00:00+00:00,0.15780000388622284,0.15782999992370605,0.1506900042295456,0.15379999577999115,1618816,0.0,0.0
2026-08-23 03:00:00+00:00,0.15399999916553497,0.15464000403881073,0.14869999885559082,0.1506499946117401,0,0.0,0.0
2026-08-23 04:00:00+00:00,0.15060999989509583,0.15188999474048615,0.14680999517440796,0.1488499939441681,0,0.0,0.0
2026-08-23 05:00:00+00:00,0.14880000054836273,0.15394000709056854,0.1483599990606308,0.15028999745845795,0,0.0,0.0
2026-08-23 06:00:00+00:00,0.1507900059223175,0.15380999445915222,0.14951999485492706,0.15244999527931213,0,0.0,0.0
2026-08-23 07:00:00+00:00,0.15219999849796295,0.15671999752521515,0.1520799994468689,0.15396000444889069,0,0.0,0.0
2026-08-23 08:00:00+00:00,0.15399999916553497,0.16575999557971954,0.15357999503612518,0.16440999507904053,17885824,0.0,0.0
2026-08-23 09:00:00+00:00,0.1646299958229065,0.1743600070476532,0.16367000341415405,0.1742199957370758,67806336,0.0,0.0
2026-08-23 10:00:00+00:00,0.1746000051498413,0.1805800050497055,0.17122000455856323,0.17497999966144562,42199872,0.0,0.0
2026-08-23 11:00:00+00:00,0.1756799966096878,0.18285000324249268,0.1738000065088272,0.17590999603271484,43327360,0.0,0.0
2026-08-23 12:00:00+00:00,0.175819993019104,0.17805999517440796,0.1736299991607666,0.17580999433994293,9494400,0.0,0.0
2026-08-23 13:00:00+00:00,0.1757500022649765,0.17767000198364258,0.16832000017166138,0.1699499934911728,16531840,0.0,0.0
2026-08-23 14:00:00+00:00,0.1698800027370453,0.1713400036096573,0.16610999405384064,0.17124000191688538,27033408,0.0,0.0
2026-08-23 15:00:00+00:00,0.1712000072002411,0.17464999854564667,0.17036999762058258,0.17117999494075775,11845056,0.0,0.0
2026-08-23 16:00:00+00:00,0.17114999890327454,0.1716500073671341,0.16489000618457794,0.16717000305652618,19759616,0.0,0.0
2026-08-23 17:00:00+00:00,0.1671600043773651,0.16739000380039215,0.16430999338626862,0.16471000015735626,0,0.0,0.0
2026-08-23 18:00:00+00:00,0.16475999355316162,0.1674100011587143,0.16358999907970428,0.1670999974012375,5914560,0.0,0.0
2026-08-23 19:00:00+00:00,0.1671299934387207,0.16750000417232513,0.16446000337600708,0.16492000222206116,0,0.0,0.0
2026-08-23 20:00:00+00:00,0.16463999450206757,0.16562999784946442,0.16348999738693237,0.16446000337600708,0,0.0,0.0
2026-08-23 21:00:00+00:00,0.16434000432491302,0.1676200032234192,0.16433000564575195,0.16553999483585358,0,0.0,0.0
2026-08-23 22:00:00+00:00,0.16545000672340393,0.16607999801635742,0.16196000576019287,0.16407999396324158,0,0.0,0.0
2026-08-23 23:00:00+00:00,0.16392000019550323,0.16460999846458435,0.16012999415397644,0.16165000200271606,4868928,0.0,0.0
2026-08-24 00:00:00+00:00,0.16147999465465546,0.16388000547885895,0.15928000211715698,0.16282999515533447,14667072,0.0,0.0
2026-08-24 01:00:00+00:00,0.16297000646591187,0.1641400009393692,0.16058999300003052,0.16087999939918518,0,0.0,0.0
2026-08-24 02:00:00+00:00,0.1611199975013733,0.165910005569458,0.15984000265598297,0.1650400012731552,2325760,0.0,0.0
2026-08-24 03:00:00+00:00,0.1649799942970276,0.16543999314308167,0.16140000522136688,0.164000004529953,5336448,0.0,0.0
2026-08-24 04:00:00+00:00,0.16412000358104706,0.16967999935150146,0.16412000358104706,0.16660000383853912,12257600,0.0,0.0
2026-08-24 05:00:00+00:00,0.16625000536441803,0.16913999617099762,0.1656699925661087,0.1677599996328354,0,0.0,0.0
2026-08-24 06:00:00+00:00,0.16760000586509705,0.16845999658107758,0.1595200002193451,0.16189000010490417,13004480,0.0,0.0
2026-08-24 07:00:00+00:00,0.16184000670909882,0.16410000622272491,0.16103999316692352,0.1615999937057495,10221120,0.0,0.0
2026-08-24 08:00:00+00:00,0.1614599972963333,0.16324999928474426,0.1598300039768219,0.16092999279499054,0,0.0,0.0
2026-08-24 09:00:00+00:00,0.16078999638557434,0.162650004029274,0.16047999262809753,0.160630002617836,0,0.0,0.0
2026-08-24 10:00:00+00:00,0.16052000224590302,0.16148999333381653,0.15769000351428986,0.15884999930858612,0,0.0,0.0
2026-08-24 11:00:00+00:00,0.15848000347614288,0.16224999725818634,0.1563899964094162,0.161640003323555,0,0.0,0.0
2026-08-24 12:00:00+00:00,0.16155999898910522,0.1639000028371811,0.15940000116825104,0.16338999569416046,8565248,0.0,0.0
2026-08-24 13:00:00+00:00,0.16349999606609344,0.164110004901886,0.15832999348640442,0.16019999980926514,21727552,0.0,0.0
2026-08-24 14:00:00+00:00,0.16015000641345978,0.16401000320911407,0.15897999703884125,0.1610099971294403,0,0.0,0.0
2026-08-24 15:00:00+00:00,0.16086000204086304,0.16410000622272491,0.16054999828338623,0.16122999787330627,33540416,0.0,0.0
2026-08-24 16:00:00+00:00,0.16143999993801117,0.16277000308036804,0.15770000219345093,0.15770000219345093,0,0.0,0.0
2026-08-24 17:00:00+00:00,0.15805000066757202,0.15873999893665314,0.15131999552249908,0.15360000729560852,61565888,0.0,0.0
2026-08-24 18:00:00+00:00,0.1536799967288971,0.15503999590873718,0.15137000381946564,0.15195000171661377,6195200,0.0,0.0
2026-08-24 19:00:00+00:00,0.15185000002384186,0.1530500054359436,0.15092000365257263,0.15238000452518463,1999808,0.0,0.0
2026-08-24 20:00:00+00:00,0.15277999639511108,0.1540900021791458,0.1507900059223175,0.1538500040769577,7376064,0.0,0.0
2026-08-24 21:00:00+00:00,0.15411999821662903,0.1546500027179718,0.15285000205039978,0.15331000089645386,0,0.0,0.0
2026-08-24 22:00:00+00:00,0.15331000089645386,0.15331000089645386,0.14991000294685364,0.15000000596046448,0,0.0,0.0
2026-08-24 23:00:00+00:00,0.15012000501155853,0.1531199961900711,0.1493699997663498,0.15272000432014465,4717184,0.0,0.0
2026-08-25 00:00:00+00:00,0.15271000564098358,0.15613999962806702,0.15160000324249268,0.15488000214099884,0,0.0,0.0
2026-08-25 01:00:00+00:00,0.15493999421596527,0.15602000057697296,0.15343999862670898,0.1544100046157837,8806848,0.0,0.0
2026-08-25 02:00:00+00:00,0.15434999763965607,0.15950000286102295,0.15291999280452728,0.15570999681949615,24058496,0.0,0.0
2026-08-25 03:00:00+00:00,0.1557600051164627,0.1573600023984909,0.15410999953746796,0.15467999875545502,0,0.0,0.0
2026-08-25 04:00:00+00:00,0.1545799970626831,0.1565999984741211,0.1535000056028366,0.15592999756336212,0,0.0,0.0
2026-08-25 05:00:00+00:00,0.15591000020503998,0.1582300066947937,0.1555500030517578,0.1564200073480606,0,0.0,0.0
2026-08-25 06:00:00+00:00,0.15645000338554382,0.15647999942302704,0.15209999680519104,0.15313999354839325,0,0.0,0.0
2026-08-25 07:00:00+00:00,0.15306000411510468,0.15654000639915466,0.1517000049352646,0.1517000049352646,0,0.0,0.0
2026-08-25 08:00:00+00:00,0.1516299992799759,0.15320000052452087,0.15026000142097473,0.1507200002670288,16629888,0.0,0.0
2026-08-25 09:00:00+00:00,0.15067000687122345,0.1526300013065338,0.1496800035238266,0.15059000253677368,13286848,0.0,0.0
2026-08-25 10:00:00+00:00,0.1505099982023239,0.15172000229358673,0.14991000294685364,0.15142999589443207,0,0.0,0.0
2026-08-25 11:00:00+00:00,0.15142999589443207,0.1514499932527542,0.14754000306129456,0.14754000306129456,0,0.0,0.0
2026-08-25 12:00:00+00:00,0.1476600021123886,0.14957000315189362,0.14715999364852905,0.14911000430583954,0,0.0,0.0
2026-08-25 13:00:00+00:00,0.14910000562667847,0.1491200029850006,0.14571000635623932,0.14762000739574432,0,0.0,0.0
2026-08-25 14:00:00+00:00,0.14760999381542206,0.14941999316215515,0.14736999571323395,0.14826999604701996,0,0.0,0.0
2026-08-25 15:00:00+00:00,0.14827999472618103,0.14945000410079956,0.146029993891716,0.14921000599861145,0,0.0,0.0
2026-08-25 16:00:00+00:00,0.14911000430583954,0.153329998254776,0.14904999732971191,0.15271000564098358,22557312,0.0,0.0
2026-08-25 17:00:00+00:00,0.1526000052690506,0.1527400016784668,0.14982999861240387,0.1505800038576126,0,0.0,0.0
2026-08-25 18:00:00+00:00,0.15060000121593475,0.15060000121593475,0.1478399932384491,0.1484300047159195,0,0.0,0.0
2026-08-25 19:00:00+00:00,0.14833000302314758,0.14910000562667847,0.14730000495910645,0.147599995136261,0,0.0,0.0
2026-08-25 20:00:00+00:00,0.147599995136261,0.14767000079154968,0.14384999871253967,0.14384999871253967,0,0.0,0.0
2026-08-25 21:00:00+00:00,0.14385999739170074,0.14566999673843384,0.14135999977588654,0.14444999396800995,28227712,0.0,0.0
2026-08-25 22:00:00+00:00,0.144569993019104,0.14607000350952148,0.1444299966096878,0.14496000111103058,0,0.0,0.0
2026-08-25 23:00:00+00:00,0.14484000205993652,0.1457899957895279,0.1423099935054779,0.14293000102043152,0,0.0,0.0
2026-08-26 00:00:00+00:00,0.1429000049829483,0.1439100056886673,0.14212000370025635,0.1434600055217743,0,0.0,0.0
2026-08-26 01:00:00+00:00,0.1433500051498413,0.14429999887943268,0.14156000316143036,0.1420699954032898,0,0.0,0.0
2026-08-26 02:00:00+00:00,0.14219999313354492,0.14472000300884247,0.14182999730110168,0.14431999623775482,0,0.0,0.0
2026-08-26 03:00:00+00:00,0.14431999623775482,0.144679993391037,0.14093999564647675,0.14168000221252441,0,0.0,0.0
2026-08-26 04:00:00+00:00,0.14169999957084656,0.14225000143051147,0.1409900039434433,0.14143000543117523,0,0.0,0.0
2026-08-26 05:00:00+00:00,0.14139999449253082,0.1430799961090088,0.14102999866008759,0.1429399996995926,0,0.0,0.0
2026-08-26 06:00:00+00:00,0.14295999705791473,0.14445999264717102,0.14190000295639038,0.14371000230312347,0,0.0,0.0
2026-08-26 07:00:00+00:00,0.1437000036239624,0.14524999260902405,0.1426199972629547,0.1427599936723709,0,0.0,0.0
2026-08-26 08:00:00+00:00,0.1427599936723709,0.1439400017261505,0.1423799991607666,0.14308999478816986,0,0.0,0.0
2026-08-26 09:00:00+00:00,0.14313000440597534,0.14365999400615692,0.1385200023651123,0.14024999737739563,0,0.0,0.0
2026-08-26 10:00:00+00:00,0.14000000059604645,0.14452999830245972,0.13966000080108643,0.14386999607086182,20221440,0.0,0.0
2026-08-26 11:00:00+00:00,0.1437399983406067,0.14529000222682953,0.14234000444412231,0.14345000684261322,0,0.0,0.0
2026-08-26 12:00:00+00:00,0.14345000684261322,0.14504000544548035,0.14178000390529633,0.1424800008535385,0,0.0,0.0
2026-08-26 13:00:00+00:00,0.1424500048160553,0.1428000032901764,0.13837000727653503,0.13936999440193176,18259424,0.0,0.0
2026-08-26 14:00:00+00:00,0.13930000364780426,0.14010000228881836,0.13854999840259552,0.1388300061225891,0,0.0,0.0
2026-08-26 15:00:00+00:00,0.13910000026226044,0.14058999717235565,0.13774999976158142,0.13933999836444855,9342848,0.0,0.0
2026-08-26 16:00:00+00:00,0.13944000005722046,0.13950000703334808,0.13540999591350555,0.1368499994277954,0,0.0,0.0
2026-08-26 17:00:00+00:00,0.1369899958372116,0.13801999390125275,0.1351500004529953,0.1358100026845932,0,0.0,0.0
2026-08-26 18:00:00+00:00,0.13570000231266022,0.13819999992847443,0.13496999442577362,0.13819999992847443,13803520,0.0,0.0
2026-08-26 19:00:00+00:00,0.13806000351905823,0.13891999423503876,0.1369200050830841,0.13826000690460205,2000000,0.0,0.0
2026-08-26 20:00:00+00:00,0.1380700021982193,0.1384499967098236,0.13614000380039215,0.13786999881267548,0,0.0,0.0
2026-08-26 21:00:00+00:00,0.13786999881267548,0.14093999564647675,0.13763000071048737,0.14059999585151672,0,0.0,0.0
2026-08-26 22:00:00+00:00,0.14090000092983246,0.14587000012397766,0.14090000092983246,0.14392000436782837,27537760,0.0,0.0
2026-08-26 23:00:00+00:00,0.1437000036239624,0.14839999377727509,0.14358000457286835,0.14753000438213348,33069344,0.0,0.0
2026-08-27 00:00:00+00:00,0.1473499983549118,0.14862999320030212,0.14600999653339386,0.14614999294281006,17393888,0.0,0.0
2026-08-27 01:00:00+00:00,0.1457500010728836,0.1497199982404709,0.1453700065612793,0.14646999537944794,16480512,0.0,0.0
2026-08-27 02:00:00+00:00,0.14642000198364258,0.1465200036764145,0.14327000081539154,0.14482000470161438,0,0.0,0.0
2026-08-27 03:00:00+00:00,0.1446399986743927,0.14496999979019165,0.14292000234127045,0.14452999830245972,2138816,0.0,0.0
2026-08-27 04:00:00+00:00,0.14469000697135925,0.14591999351978302,0.14305999875068665,0.14509999752044678,0,0.0,0.0
2026-08-27 05:00:00+00:00,0.14532999694347382,0.1472799926996231,0.14385999739170074,0.1466899961233139,8994496,0.0,0.0
2026-08-27 06:00:00+00:00,0.1465200036764145,0.15488000214099884,0.14485999941825867,0.1520400047302246,44412224,0.0,0.0
2026-08-27 07:00:00+00:00,0.15230000019073486,0.1527000069618225,0.1500999927520752,0.15091000497341156,23562176,0.0,0.0
2026-08-27 08:00:00+00:00,0.15115000307559967,0.15681999921798706,0.15025000274181366,0.15658000111579895,60652416,0.0,0.0
2026-08-27 09:00:00+00:00,0.15649999678134918,0.15947000682353973,0.1550299972295761,0.1552100032567978,80726912,0.0,0.0
2026-08-27 10:00:00+00:00,0.15539999306201935,0.15657000243663788,0.14905999600887299,0.15033000707626343,31426240,0.0,0.0
2026-08-27 11:00:00+00:00,0.15046000480651855,0.15046000480651855,0.147039994597435,0.14771999418735504,12921664,0.0,0.0
2026-08-27 12:00:00+00:00,0.14785000681877136,0.148049995303154,0.14462000131607056,0.1454000025987625,2634304,0.0,0.0
2026-08-27 13:00:00+00:00,0.14560000598430634,0.15649999678134918,0.14521999657154083,0.155799999833107,0,0.0,0.0
2026-08-27 14:00:00+00:00,0.15560999512672424,0.16126999258995056,0.1503800004720688,0.15320000052452087,416784832,0.0,0.0
2026-08-27 15:00:00+00:00,0.1532599925994873,0.1631300002336502,0.15211999416351318,0.16256999969482422,139170816,0.0,0.0
2026-08-27 16:00:00+00:00,0.16335999965667725,0.17016999423503876,0.16122999787330627,0.16775000095367432,239231232,0.0,0.0
2026-08-27 17:00:00+00:00,0.168380007147789,0.17223000526428223,0.1656000018119812,0.16920000314712524,120863104,0.0,0.0
2026-08-27 18:00:00+00:00,0.16936999559402466,0.17009000480175018,0.1639699935913086,0.1684499979019165,91684480,0.0,0.0
2026-08-27 19:00:00+00:00,0.16810999810695648,0.1712699979543686,0.1668899953365326,0.16689999401569366,47643776,0.0,0.0
2026-08-27 20:00:00+00:00,0.16708000004291534,0.16970999538898468,0.16485999524593353,0.1681399941444397,70313216,0.0,0.0
2026-08-27 21:00:00+00:00,0.16845999658107758,0.1726599931716919,0.16779999434947968,0.16990000009536743,38941312,0.0,0.0
2026-08-27 22:00:00+00:00,0.1696999967098236,0.1723800003528595,0.16840000450611115,0.17000000178813934,0,0.0,0.0
2026-08-27 23:00:00+00:00,0.16990000009536743,0.17219999432563782,0.1694200038909912,0.17012999951839447,6052352,0.0,0.0
2026-08-28 00:00:00+00:00,0.17003999650478363,0.17452000081539154,0.16906000673770905,0.1718199998140335,33979776,0.0,0.0
2026-08-28 01:00:00+00:00,0.17229999601840973,0.18976999819278717,0.17229999601840973,0.18804000318050385,236240128,0.0,0.0
2026-08-28 02:00:00+00:00,0.1889999955892563,0.1892700046300888,0.16872000694274902,0.16896000504493713,87483392,0.0,0.0
2026-08-28 03:00:00+00:00,0.1690099984407425,0.1690099984407425,0.16173000633716583,0.164560005068779,39368192,0.0,0.0
2026-08-28 04:00:00+00:00,0.16410000622272491,0.16439999639987946,0.15716999769210815,0.16050000488758087,60472576,0.0,0.0
2026-08-28 05:00:00+00:00,0.16068999469280243,0.1634799987077713,0.1590700000524521,0.16207000613212585,0,0.0,0.0
2026-08-28 06:00:00+00:00,0.16238999366760254,0.16749000549316406,0.16203999519348145,0.1662999987602234,38193664,0.0,0.0
2026-08-28 07:00:00+00:00,0.16640999913215637,0.16867999732494354,0.16372999548912048,0.16678999364376068,29972992,0.0,0.0
2026-08-28 08:00:00+00:00,0.16732999682426453,0.1710200011730194,0.16701999306678772,0.17017999291419983,22508544,0.0,0.0
2026-08-28 09:00:00+00:00,0.1699800044298172,0.17069000005722046,0.16287000477313995,0.16412000358104706,0,0.0,0.0
2026-08-28 10:00:00+00:00,0.1639000028371811,0.1682800054550171,0.16099999845027924,0.16708000004291534,0,0.0,0.0
2026-08-28 11:00:00+00:00,0.16689999401569366,0.16910000145435333,0.1650400012731552,0.16607999801635742,0,0.0,0.0
2026-08-28 12:00:00+00:00,0.1658100038766861,0.1673000007867813,0.16192999482154846,0.16313999891281128,0,0.0,0.0
2026-08-28 13:00:00+00:00,0.16300000250339508,0.16492000222206116,0.161530002951622,0.16459999978542328,0,0.0,0.0
2026-08-28 14:00:00+00:00,0.164450004696846,0.16867999732494354,0.15880000591278076,0.16773000359535217,0,0.0,0.0
2026-08-28 15:00:00+00:00,0.16779999434947968,0.17449000477790833,0.16625000536441803,0.1693899929523468,0,0.0,0.0
2026-08-28 16:00:00+00:00,0.16965000331401825,0.17002999782562256,0.1605300009250641,0.16576999425888062,0,0.0,0.0
2026-08-28 17:00:00+00:00,0.16599999368190765,0.1683499962091446,0.1615999937057495,0.1615999937057495,0,0.0,0.0
2026-08-28 18:00:00+00:00,0.16162000596523285,0.16176000237464905,0.15793000161647797,0.15945999324321747,0,0.0,0.0
2026-08-28 19:00:00+00:00,0.15953999757766724,0.162990003824234,0.15939000248908997,0.15940000116825104,0,0.0,0.0
2026-08-28 20:00:00+00:00,0.1593800038099289,0.1609800010919571,0.15838000178337097,0.16057999432086945,0,0.0,0.0
2026-08-28 21:00:00+00:00,0.1607999950647354,0.1611499935388565,0.1580599993467331,0.15870000422000885,0,0.0,0.0
2026-08-28 22:00:00+00:00,0.15894000232219696,0.16179999709129333,0.15812000632286072,0.16157999634742737,0,0.0,0.0
2026-08-28 23:00:00+00:00,0.16134999692440033,0.16356000304222107,0.16120000183582306,0.1625099927186966,0,0.0,0.0
2026-08-29 00:00:00+00:00,0.16252000629901886,0.16460999846458435,0.16241000592708588,0.16304999589920044,0,0.0,0.0
2026-08-29 01:00:00+00:00,0.1629199981689453,0.16301000118255615,0.15963000059127808,0.1602800041437149,0,0.0,0.0
2026-08-29 02:00:00+00:00,0.16032999753952026,0.16061000525951385,0.15828999876976013,0.16038000583648682,0,0.0,0.0
2026-08-29 03:00:00+00:00,0.16038000583648682,0.16383999586105347,0.15985000133514404,0.15985000133514404,0,0.0,0.0
2026-08-29 04:00:00+00:00,0.15978999435901642,0.1620199978351593,0.15977999567985535,0.16052000224590302,0,0.0,0.0
2026-08-29 05:00:00+00:00,0.16052000224590302,0.16619999706745148,0.16052000224590302,0.16428999602794647,0,0.0,0.0
2026-08-29 06:00:00+00:00,0.1644199937582016,0.1644199937582016,0.1598999947309494,0.1612900048494339,0,0.0,0.0
2026-08-29 07:00:00+00:00,0.1615999937057495,0.1618500053882599,0.15853999555110931,0.1589999943971634,0,0.0,0.0
2026-08-29 08:00:00+00:00,0.1589599996805191,0.1590999960899353,0.1550700068473816,0.1551399976015091,0,0.0,0.0
2026-08-29 09:00:00+00:00,0.15534000098705292,0.1570899933576584,0.15526999533176422,0.15699000656604767,0,0.0,0.0
2026-08-29 10:00:00+00:00,0.15690000355243683,0.15710000693798065,0.15467000007629395,0.15497000515460968,0,0.0,0.0
2026-08-29 11:00:00+00:00,0.1551000028848648,0.15577000379562378,0.15400999784469604,0.15499000251293182,0,0.0,0.0
2026-08-29 12:00:00+00:00,0.15499000251293182,0.15578000247478485,0.1545500010251999,0.15511000156402588,0,0.0,0.0
2026-08-29 13:00:00+00:00,0.15511000156402588,0.15557000041007996,0.15456999838352203,0.15549999475479126,0,0.0,0.0
2026-08-29 14:00:00+00:00,0.15542000532150269,0.15940000116825104,0.15490999817848206,0.1587499976158142,0,0.0,0.0
2026-08-29 15:00:00+00:00,0.15851999819278717,0.15891000628471375,0.15616999566555023,0.15658000111579895,0,0.0,0.0
2026-08-29 16:00:00+00:00,0.15666000545024872,0.15914000570774078,0.15622000396251678,0.15666000545024872,0,0.0,0.0
2026-08-29 17:00:00+00:00,0.15666000545024872,0.15770000219345093,0.15530000627040863,0.15692000091075897,0,0.0,0.0
2026-08-29 18:00:00+00:00,0.15686999261379242,0.15686999261379242,0.15556000173091888,0.15598000586032867,0,0.0,0.0
2026-08-29 19:00:00+00:00,0.1560799926519394,0.15759000182151794,0.15580999851226807,0.15580999851226807,0,0.0,0.0
2026-08-29 20:00:00+00:00,0.15580999851226807,0.15639999508857727,0.15564000606536865,0.1559399962425232,0,0.0,0.0
2026-08-29 21:00:00+00:00,0.1559399962425232,0.1574299931526184,0.15512999892234802,0.155239999294281,0,0.0,0.0
2026-08-29 22:00:00+00:00,0.15549999475479126,0.16027000546455383,0.15549999475479126,0.15976999700069427,4807936,0.0,0.0
2026-08-29 23:00:00+00:00,0.15970000624656677,0.1606999933719635,0.15850000083446503,0.15964999794960022,0,0.0,0.0
2026-08-30 00:00:00+00:00,0.15953999757766724,0.16249999403953552,0.15905000269412994,0.1620599925518036,0,0.0,0.0
2026-08-30 01:00:00+00:00,0.16187000274658203,0.16210000216960907,0.1594099998474121,0.15961000323295593,3298176,0.0,0.0
2026-08-30 02:00:00+00:00,0.15970000624656677,0.16124999523162842,0.1590999960899353,0.1599300056695938,274688,0.0,0.0
2026-08-30 03:00:00+00:00,0.15994000434875488,0.16060000658035278,0.15820999443531036,0.15824000537395477,0,0.0,0.0
2026-08-30 04:00:00+00:00,0.1578499972820282,0.16008999943733215,0.15772999823093414,0.159170001745224,0,0.0,0.0
2026-08-30 05:00:00+00:00,0.1589999943971634,0.1612199991941452,0.1581999957561493,0.15974999964237213,0,0.0,0.0
2026-08-30 06:00:00+00:00,0.15963000059127808,0.16249999403953552,0.1593099981546402,0.16200999915599823,0,0.0,0.0
2026-08-30 07:00:00+00:00,0.16200000047683716,0.1628500074148178,0.1599700003862381,0.16040000319480896,8209504,0.0,0.0
2026-08-30 08:00:00+00:00,0.16041000187397003,0.16116000711917877,0.158160001039505,0.15936000645160675,0,0.0,0.0
2026-08-30 09:00:00+00:00,0.15936000645160675,0.15936000645160675,0.15680000185966492,0.15693999826908112,0,0.0,0.0
2026-08-30 10:00:00+00:00,0.1569499969482422,0.15860000252723694,0.1561499983072281,0.1584399938583374,1216832,0.0,0.0
2026-08-30 11:00:00+00:00,0.1585099995136261,0.15855999290943146,0.1568399965763092,0.15744000673294067,1246304,0.0,0.0
2026-08-30 12:00:00+00:00,0.15737999975681305,0.15978999435901642,0.15700000524520874,0.15976999700069427,12509952,0.0,0.0
