Datetime,Open,High,Low,Close,Volume,Dividends,Stock Splits
2026-06-24 00:00:00+00:00,1664.9100341796875,1672.1600341796875,1664.9100341796875,1669.1099853515625,0,0.0,0.0
2026-06-24 01:00:00+00:00,1668.9000244140625,1677.4000244140625,1663.8499755859375,1670.5,491607040,0.0,0.0
2026-06-24 02:00:00+00:00,1670.8299560546875,1671.530029296875,1661.31005859375,1661.75,0,0.0,0.0
2026-06-24 03:00:00+00:00,1662.5999755859375,1667.52001953125,1656.0,1664.5999755859375,716644352,0.0,0.0
2026-06-24 04:00:00+00:00,1664.719970703125,1668.739990234375,1656.0899658203125,1666.6600341796875,47712256,0.0,0.0
2026-06-24 05:00:00+00:00,1667.6700439453125,1676.8699951171875,1665.6700439453125,1672.1500244140625,0,0.0,0.0
2026-06-24 06:00:00+00:00,1672.3199462890625,1674.550048828125,1668.3800048828125,1672.4100341796875,0,0.0,0.0
2026-06-24 07:00:00+00:00,1672.68994140625,1676.0899658203125,1668.6099853515625,1670.6500244140625,0,0.0,0.0
2026-06-24 08:00:00+00:00,1671.02001953125,1673.1600341796875,1666.9200439453125,1671.0400390625,0,0.0,0.0
2026-06-24 09:00:00+00:00,1671.0,1671.199951171875,1663.0999755859375,1664.6600341796875,0,0.0,0.0
2026-06-24 10:00:00+00:00,1664.9000244140625,1665.6800537109375,1660.9100341796875,1661.510009765625,0,0.0,0.0
2026-06-24 11:00:00+00:00,1661.469970703125,1687.02001953125,1653.5699462890625,1676.8800048828125,23608320,0.0,0.0
2026-06-24 12:00:00+00:00,1677.199951171875,1678.75,1668.4100341796875,1669.3699951171875,131299840,0.0,0.0
2026-06-24 13:00:00+00:00,1670.010009765625,1670.010009765625,1639.22998046875,1642.6500244140625,178209280,0.0,0.0
2026-06-24 14:00:00+00:00,1641.9599609375,1653.9300537109375,1636.0,1644.77001953125,629277696,0.0,0.0
2026-06-24 15:00:00+00:00,1644.5999755859375,1648.6400146484375,1614.699951171875,1616.4100341796875,343480320,0.0,0.0
2026-06-24 16:00:00+00:00,1614.9599609375,1633.18994140625,1583.0699462890625,1587.719970703125,954954752,0.0,0.0
2026-06-24 17:00:00+00:00,1587.4100341796875,1595.0999755859375,1551.5899658203125,1558.4100341796875,1559161856,0.0,0.0
2026-06-24 18:00:00+00:00,1559.4100341796875,1581.75,1555.3699951171875,1569.550048828125,784801792,0.0,0.0
2026-06-24 19:00:00+00:00,1570.6700439453125,1582.4599609375,1564.8599853515625,1581.6300048828125,410274816,0.0,0.0
2026-06-24 20:00:00+00:00,1581.949951171875,1619.43994140625,1577.300048828125,1611.1099853515625,274159616,0.0,0.0
2026-06-24 21:00:00+00:00,1611.6400146484375,1619.0899658203125,1603.5999755859375,1618.81005859375,768901120,0.0,0.0
2026-06-24 22:00:00+00:00,1618.75,1625.3800048828125,1610.9599609375,1612.75,177637376,0.0,0.0
2026-06-24 23:00:00+00:00,1612.2900390625,1620.5,1610.989990234375,1619.719970703125,0,0.0,0.0
2026-06-25 00:00:00+00:00,1620.1500244140625,1623.5999755859375,1613.989990234375,1616.4000244140625,23809024,0.0,0.0
2026-06-25 01:00:00+00:00,1616.47998046875,1621.4300537109375,1612.3199462890625,1618.6199951171875,438435840,0.0,0.0
2026-06-25 02:00:00+00:00,1618.18994140625,1618.800048828125,1612.3499755859375,1618.43994140625,0,0.0,0.0
2026-06-25 03:00:00+00:00,1618.6700439453125,1621.300048828125,1613.6300048828125,1616.8900146484375,0,0.0,0.0
2026-06-25 04:00:00+00:00,1617.1300048828125,1633.489990234375,1614.489990234375,1632.1700439453125,97712128,0.0,0.0
2026-06-25 05:00:00+00:00,1631.8499755859375,1648.9200439453125,1630.8299560546875,1643.2099609375,879424512,0.0,0.0
2026-06-25 06:00:00+00:00,1643.550048828125,1656.3399658203125,1641.9200439453125,1651.3399658203125,325867520,0.0,0.0
2026-06-25 07:00:00+00:00,1651.449951171875,1657.0899658203125,1648.510009765625,1654.56005859375,255072256,0.0,0.0
2026-06-25 08:00:00+00:00,1654.8299560546875,1656.1800537109375,1648.5799560546875,1649.52001953125,0,0.0,0.0
2026-06-25 09:00:00+00:00,1650.5999755859375,1652.989990234375,1644.1800537109375,1646.1800537109375,540882944,0.0,0.0
2026-06-25 10:00:00+00:00,1646.199951171875,1647.300048828125,1631.6700439453125,1634.219970703125,127864832,0.0,0.0
2026-06-25 11:00:00+00:00,1634.5999755859375,1636.510009765625,1625.6800537109375,1630.6700439453125,0,0.0,0.0
2026-06-25 12:00:00+00:00,1630.72998046875,1645.800048828125,1622.52001953125,1632.8900146484375,104248320,0.0,0.0
2026-06-25 13:00:00+00:00,1633.22998046875,1637.4000244140625,1530.6800537109375,1532.0,607076352,0.0,0.0
2026-06-25 14:00:00+00:00,1536.8499755859375,1588.550048828125,1536.8499755859375,1565.8199462890625,1418806272,0.0,0.0
2026-06-25 15:00:00+00:00,1565.8199462890625,1570.1800537109375,1542.9000244140625,1567.0,727074816,0.0,0.0
2026-06-25 16:00:00+00:00,1568.06005859375,1584.68994140625,1555.6500244140625,1559.4300537109375,0,0.0,0.0
2026-06-25 17:00:00+00:00,1560.050048828125,1572.300048828125,1554.9000244140625,1571.9300537109375,0,0.0,0.0
2026-06-25 18:00:00+00:00,1572.6500244140625,1574.9300537109375,1558.4100341796875,1564.4599609375,0,0.0,0.0
2026-06-25 19:00:00+00:00,1565.02001953125,1565.02001953125,1552.6400146484375,1556.0799560546875,0,0.0,0.0
2026-06-25 20:00:00+00:00,1558.050048828125,1567.8800048828125,1554.1500244140625,1557.72998046875,0,0.0,0.0
2026-06-25 21:00:00+00:00,1557.6099853515625,1580.31005859375,1557.4599609375,1578.280029296875,96331776,0.0,0.0
2026-06-25 22:00:00+00:00,1577.969970703125,1580.719970703125,1564.0999755859375,1567.68994140625,0,0.0,0.0
2026-06-25 23:00:00+00:00,1567.5,1577.1400146484375,1562.1800537109375,1564.8599853515625,63574016,0.0,0.0
2026-06-26 00:00:00+00:00,1565.4599609375,1569.18994140625,1561.300048828125,1562.1800537109375,0,0.0,0.0
2026-06-26 01:00:00+00:00,1562.1800537109375,1565.97998046875,1553.18994140625,1557.72998046875,0,0.0,0.0
2026-06-26 02:00:00+00:00,1558.4000244140625,1558.4000244140625,1517.3399658203125,1522.06005859375,1264702464,0.0,0.0
2026-06-26 03:00:00+00:00,1522.449951171875,1560.75,1510.0,1555.449951171875,394886144,0.0,0.0
2026-06-26 04:00:00+00:00,1555.300048828125,1558.5,1545.3499755859375,1547.3900146484375,774501376,0.0,0.0
2026-06-26 05:00:00+00:00,1548.0,1556.6600341796875,1546.300048828125,1553.27001953125,0,0.0,0.0
2026-06-26 06:00:00+00:00,1552.77001953125,1571.22998046875,1541.7900390625,1568.6600341796875,430979072,0.0,0.0
2026-06-26 07:00:00+00:00,1568.8800048828125,1583.6199951171875,1568.22998046875,1578.780029296875,369569792,0.0,0.0
2026-06-26 08:00:00+00:00,1578.8800048828125,1579.949951171875,1561.4000244140625,1564.0999755859375,660111360,0.0,0.0
2026-06-26 09:00:00+00:00,1564.56005859375,1564.6300048828125,1547.199951171875,1550.77001953125,0,0.0,0.0
2026-06-26 10:00:00+00:00,1550.8800048828125,1553.22998046875,1542.510009765625,1545.93994140625,0,0.0,0.0
2026-06-26 11:00:00+00:00,1545.8900146484375,1552.7099609375,1539.0899658203125,1543.0799560546875,0,0.0,0.0
2026-06-26 12:00:00+00:00,1543.2099609375,1557.97998046875,1525.760009765625,1533.6700439453125,358047744,0.0,0.0
2026-06-26 13:00:00+00:00,1534.4599609375,1567.4000244140625,1520.4599609375,1566.0899658203125,57890816,0.0,0.0
2026-06-26 14:00:00+00:00,1566.5400390625,1572.72998046875,1551.31005859375,1557.719970703125,0,0.0,0.0
2026-06-26 15:00:00+00:00,1557.6500244140625,1585.550048828125,1556.9100341796875,1578.0,246497280,0.0,0.0
2026-06-26 16:00:00+00:00,1578.6099853515625,1589.6099853515625,1570.530029296875,1575.18994140625,0,0.0,0.0
2026-06-26 17:00:00+00:00,1574.3499755859375,1586.280029296875,1574.050048828125,1579.6300048828125,0,0.0,0.0
2026-06-26 18:00:00+00:00,1579.8599853515625,1583.2099609375,1568.3399658203125,1570.3900146484375,55499776,0.0,0.0
2026-06-26 19:00:00+00:00,1570.56005859375,1581.4000244140625,1567.699951171875,1574.4000244140625,56772608,0.0,0.0
2026-06-26 20:00:00+00:00,1573.4300537109375,1580.6700439453125,1565.6199951171875,1568.300048828125,0,0.0,0.0
2026-06-26 21:00:00+00:00,1568.239990234375,1576.530029296875,1566.0999755859375,1573.1099853515625,429795328,0.0,0.0
2026-06-26 22:00:00+00:00,1572.550048828125,1576.8900146484375,1567.260009765625,1575.449951171875,0,0.0,0.0
2026-06-26 23:00:00+00:00,1575.489990234375,1578.43994140625,1572.239990234375,1576.27001953125,0,0.0,0.0
2026-06-27 00:00:00+00:00,1576.4599609375,1579.6800537109375,1569.2099609375,1574.469970703125,0,0.0,0.0
2026-06-27 01:00:00+00:00,1574.5699462890625,1575.3599853515625,1571.8599853515625,1573.6500244140625,0,0.0,0.0
2026-06-27 02:00:00+00:00,1573.699951171875,1584.25,1572.1800537109375,1580.93994140625,0,0.0,0.0
2026-06-27 03:00:00+00:00,1580.1400146484375,1582.510009765625,1576.2099609375,1578.25,0,0.0,0.0
2026-06-27 04:00:00+00:00,1578.3299560546875,1582.8599853515625,1576.5699462890625,1577.1099853515625,0,0.0,0.0
2026-06-27 05:00:00+00:00,1577.1500244140625,1578.77001953125,1574.56005859375,1576.31005859375,0,0.0,0.0
2026-06-27 06:00:00+00:00,1576.239990234375,1581.9300537109375,1572.8199462890625,1580.2099609375,0,0.0,0.0
2026-06-27 07:00:00+00:00,1580.6800537109375,1583.989990234375,1578.0,1583.1400146484375,0,0.0,0.0
2026-06-27 08:00:00+00:00,1583.3399658203125,1583.3399658203125,1579.530029296875,1581.5899658203125,0,0.0,0.0
2026-06-27 09:00:00+00:00,1581.6199951171875,1582.02001953125,1577.1400146484375,1580.3499755859375,0,0.0,0.0
2026-06-27 10:00:00+00:00,1580.219970703125,1582.5799560546875,1579.780029296875,1581.800048828125,0,0.0,0.0
2026-06-27 11:00:00+00:00,1581.7900390625,1582.68994140625,1576.699951171875,1581.4200439453125,0,0.0,0.0
2026-06-27 12:00:00+00:00,1581.2099609375,1583.760009765625,1578.969970703125,1583.260009765625,0,0.0,0.0
2026-06-27 13:00:00+00:00,1583.3800048828125,1590.3900146484375,1582.3499755859375,1589.6800537109375,0,0.0,0.0
2026-06-27 14:00:00+00:00,1589.93994140625,1595.800048828125,1586.9000244140625,1591.8900146484375,0,0.0,0.0
2026-06-27 15:00:00+00:00,1592.0999755859375,1608.030029296875,1591.260009765625,1603.0999755859375,0,0.0,0.0
2026-06-27 16:00:00+00:00,1603.0899658203125,1604.68994140625,1599.1800537109375,1604.4200439453125,0,0.0,0.0
2026-06-27 17:00:00+00:00,1604.300048828125,1604.4000244140625,1587.3900146484375,1588.800048828125,0,0.0,0.0
2026-06-27 18:00:00+00:00,1588.780029296875,1592.1099853515625,1586.6600341796875,1591.1500244140625,0,0.0,0.0
2026-06-27 19:00:00+00:00,1590.8199462890625,1592.6700439453125,1570.969970703125,1575.780029296875,0,0.0,0.0
2026-06-27 20:00:00+00:00,1575.8599853515625,1580.3199462890625,1575.72998046875,1578.780029296875,0,0.0,0.0
2026-06-27 21:00:00+00:00,1579.1099853515625,1582.4599609375,1571.9200439453125,1572.699951171875,487424,0.0,0.0
2026-06-27 22:00:00+00:00,1572.699951171875,1577.280029296875,1562.0899658203125,1576.6300048828125,146276352,0.0,0.0
2026-06-27 23:00:00+00:00,1576.6400146484375,1579.050048828125,1568.43994140625,1571.5999755859375,15913472,0.0,0.0
2026-06-28 00:00:00+00:00,1571.5899658203125,1575.8199462890625,1570.4200439453125,1572.300048828125,0,0.0,0.0
2026-06-28 01:00:00+00:00,1572.3499755859375,1574.5999755859375,1567.8199462890625,1572.97998046875,53413376,0.0,0.0
2026-06-28 02:00:00+00:00,1572.969970703125,1577.52001953125,1567.31005859375,1569.7099609375,0,0.0,0.0
2026-06-28 03:00:00+00:00,1570.3199462890625,1574.0999755859375,1570.3199462890625,1572.7900390625,0,0.0,0.0
2026-06-28 04:00:00+00:00,1572.7099609375,1575.0,1568.52001953125,1571.8399658203125,0,0.0,0.0
2026-06-28 05:00:00+00:00,1571.97998046875,1572.1400146484375,1562.219970703125,1566.8699951171875,75479552,0.0,0.0
2026-06-28 06:00:00+00:00,1566.8399658203125,1568.22998046875,1560.510009765625,1565.56005859375,0,0.0,0.0
2026-06-28 07:00:00+00:00,1565.4000244140625,1574.5,1565.4000244140625,1573.739990234375,54541312,0.0,0.0
2026-06-28 08:00:00+00:00,1573.5699462890625,1582.989990234375,1571.3399658203125,1579.1400146484375,78405632,0.0,0.0
2026-06-28 09:00:00+00:00,1579.6099853515625,1583.3800048828125,1576.2099609375,1576.81005859375,22283776,0.0,0.0
2026-06-28 10:00:00+00:00,1576.72998046875,1579.1199951171875,1570.5999755859375,1574.949951171875,122139136,0.0,0.0
2026-06-28 11:00:00+00:00,1575.1199951171875,1581.6400146484375,1573.6600341796875,1580.550048828125,0,0.0,0.0
2026-06-28 12:00:00+00:00,1580.5400390625,1585.0799560546875,1575.969970703125,1581.260009765625,78618112,0.0,0.0
2026-06-28 13:00:00+00:00,1581.030029296875,1581.3800048828125,1572.760009765625,1577.300048828125,0,0.0,0.0
2026-06-28 14:00:00+00:00,1577.530029296875,1583.5699462890625,1575.8900146484375,1579.030029296875,0,0.0,0.0
2026-06-28 15:00:00+00:00,1579.199951171875,1582.9200439453125,1575.0999755859375,1578.550048828125,0,0.0,0.0
2026-06-28 16:00:00+00:00,1578.68994140625,1579.5699462890625,1564.489990234375,1570.5,167470080,0.0,0.0
2026-06-28 17:00:00+00:00,1570.22998046875,1574.8199462890625,1561.449951171875,1569.8900146484375,0,0.0,0.0
2026-06-28 18:00:00+00:00,1569.52001953125,1572.719970703125,1566.8199462890625,1569.3599853515625,0,0.0,0.0
2026-06-28 19:00:00+00:00,1569.219970703125,1571.949951171875,1554.75,1562.4200439453125,331035136,0.0,0.0
2026-06-28 20:00:00+00:00,1561.8699951171875,1573.9599609375,1561.8699951171875,1570.72998046875,107354624,0.0,0.0
2026-06-28 21:00:00+00:00,1570.8499755859375,1571.050048828125,1557.06005859375,1561.4599609375,0,0.0,0.0
2026-06-28 22:00:00+00:00,1561.93994140625,1579.2099609375,1546.030029296875,1554.8499755859375,288683520,0.0,0.0
2026-06-28 23:00:00+00:00,1554.0400390625,1577.5999755859375,1552.9599609375,1569.4000244140625,238619136,0.0,0.0
2026-06-29 00:00:00+00:00,1569.510009765625,1572.0799560546875,1550.0699462890625,1571.1400146484375,467138048,0.0,0.0
2026-06-29 01:00:00+00:00,1570.8599853515625,1571.1800537109375,1557.5899658203125,1566.0799560546875,179745280,0.0,0.0
2026-06-29 02:00:00+00:00,1565.8499755859375,1576.260009765625,1548.280029296875,1573.760009765625,318308352,0.0,0.0
2026-06-29 03:00:00+00:00,1574.1700439453125,1585.6400146484375,1574.1700439453125,1582.030029296875,234016256,0.0,0.0
2026-06-29 04:00:00+00:00,1582.1099853515625,1582.4300537109375,1572.199951171875,1572.9200439453125,140963328,0.0,0.0
2026-06-29 05:00:00+00:00,1573.47998046875,1580.56005859375,1559.8800048828125,1580.489990234375,0,0.0,0.0
2026-06-29 06:00:00+00:00,1580.9200439453125,1585.9000244140625,1577.1700439453125,1580.4599609375,617820160,0.0,0.0
2026-06-29 07:00:00+00:00,1580.4599609375,1581.5,1575.3299560546875,1577.8499755859375,49211904,0.0,0.0
2026-06-29 08:00:00+00:00,1577.75,1579.699951171875,1567.739990234375,1570.5799560546875,25963008,0.0,0.0
2026-06-29 09:00:00+00:00,1570.5799560546875,1577.6600341796875,1568.4000244140625,1573.9000244140625,90099712,0.0,0.0
2026-06-29 10:00:00+00:00,1574.0,1584.22998046875,1574.0,1576.219970703125,106075648,0.0,0.0
2026-06-29 11:00:00+00:00,1576.5999755859375,1578.27001953125,1567.4200439453125,1572.7099609375,138931200,0.0,0.0
2026-06-29 12:00:00+00:00,1573.0999755859375,1594.25,1564.4300537109375,1573.6800537109375,792076800,0.0,0.0
2026-06-29 13:00:00+00:00,1574.47998046875,1585.9200439453125,1563.0400390625,1569.260009765625,610172928,0.0,0.0
2026-06-29 14:00:00+00:00,1569.760009765625,1576.25,1555.1400146484375,1569.760009765625,14908416,0.0,0.0
2026-06-29 15:00:00+00:00,1569.68994140625,1581.1600341796875,1558.719970703125,1577.550048828125,1175015424,0.0,0.0
2026-06-29 16:00:00+00:00,1577.719970703125,1584.18994140625,1571.1600341796875,1582.6600341796875,0,0.0,0.0
2026-06-29 17:00:00+00:00,1582.5799560546875,1633.5899658203125,1582.5799560546875,1625.5799560546875,1319660544,0.0,0.0
2026-06-29 18:00:00+00:00,1625.3800048828125,1626.5699462890625,1615.949951171875,1618.469970703125,540236800,0.0,0.0
2026-06-29 19:00:00+00:00,1618.56005859375,1624.81005859375,1614.06005859375,1622.9100341796875,28326912,0.0,0.0
2026-06-29 20:00:00+00:00,1623.5400390625,1623.9200439453125,1615.010009765625,1615.0899658203125,27261952,0.0,0.0
2026-06-29 21:00:00+00:00,1615.260009765625,1620.31005859375,1610.550048828125,1617.6500244140625,253576192,0.0,0.0
2026-06-29 22:00:00+00:00,1617.6500244140625,1619.5,1610.3900146484375,1610.550048828125,0,0.0,0.0
2026-06-29 23:00:00+00:00,1610.3900146484375,1611.6500244140625,1605.530029296875,1610.72998046875,284227584,0.0,0.0
2026-06-30 00:00:00+00:00,1610.18994140625,1611.8499755859375,1590.2099609375,1592.02001953125,0,0.0,0.0
2026-06-30 01:00:00+00:00,1592.199951171875,1597.5,1586.7099609375,1591.5,0,0.0,0.0
2026-06-30 02:00:00+00:00,1591.5899658203125,1591.6099853515625,1584.0999755859375,1587.8499755859375,0,0.0,0.0
2026-06-30 03:00:00+00:00,1588.280029296875,1593.4200439453125,1583.9000244140625,1584.3199462890625,198974464,0.0,0.0
2026-06-30 04:00:00+00:00,1584.0799560546875,1588.3199462890625,1576.8900146484375,1585.0999755859375,208671744,0.0,0.0
2026-06-30 05:00:00+00:00,1585.219970703125,1589.550048828125,1582.469970703125,1589.1400146484375,0,0.0,0.0
2026-06-30 06:00:00+00:00,1589.5,1592.1600341796875,1586.56005859375,1591.449951171875,0,0.0,0.0
2026-06-30 07:00:00+00:00,1590.949951171875,1593.1800537109375,1587.8399658203125,1589.75,1045504,0.0,0.0
2026-06-30 08:00:00+00:00,1589.75,1591.8499755859375,1576.8599853515625,1581.050048828125,143163392,0.0,0.0
2026-06-30 09:00:00+00:00,1580.8299560546875,1584.5,1578.93994140625,1582.949951171875,0,0.0,0.0
2026-06-30 10:00:00+00:00,1583.1099853515625,1584.3199462890625,1579.6800537109375,1581.9300537109375,666363904,0.0,0.0
2026-06-30 11:00:00+00:00,1581.8900146484375,1583.5400390625,1573.469970703125,1575.739990234375,0,0.0,0.0
2026-06-30 12:00:00+00:00,1575.719970703125,1575.719970703125,1550.1300048828125,1550.1300048828125,0,0.0,0.0
2026-06-30 13:00:00+00:00,1550.5400390625,1564.699951171875,1548.1800537109375,1564.5,183339008,0.0,0.0
2026-06-30 14:00:00+00:00,1564.0799560546875,1575.030029296875,1558.300048828125,1560.47998046875,0,0.0,0.0
2026-06-30 15:00:00+00:00,1560.719970703125,1572.9599609375,1554.47998046875,1562.1700439453125,60463104,0.0,0.0
2026-06-30 16:00:00+00:00,1562.0799560546875,1572.2900390625,1559.260009765625,1569.6099853515625,0,0.0,0.0
2026-06-30 17:00:00+00:00,1570.0,1574.6800537109375,1566.1500244140625,1568.5799560546875,0,0.0,0.0
2026-06-30 18:00:00+00:00,1568.47998046875,1578.5699462890625,1567.219970703125,1576.8599853515625,0,0.0,0.0
2026-06-30 19:00:00+00:00,1576.1099853515625,1578.8399658203125,1572.81005859375,1578.0999755859375,69448704,0.0,0.0
2026-06-30 20:00:00+00:00,1576.989990234375,1580.27001953125,1571.4100341796875,1573.4100341796875,0,0.0,0.0
2026-06-30 21:00:00+00:00,1573.4100341796875,1574.43994140625,1567.3599853515625,1568.68994140625,0,0.0,0.0
2026-06-30 22:00:00+00:00,1569.1800537109375,1572.22998046875,1564.18994140625,1564.8800048828125,0,0.0,0.0
2026-06-30 23:00:00+00:00,1565.43994140625,1570.1500244140625,1563.4100341796875,1569.489990234375,0,0.0,0.0
2026-07-01 00:00:00+00:00,1569.6099853515625,1573.8499755859375,1563.760009765625,1572.6199951171875,0,0.0,0.0
2026-07-01 01:00:00+00:00,1572.5999755859375,1583.199951171875,1550.8900146484375,1575.43994140625,109297664,0.0,0.0
2026-07-01 02:00:00+00:00,1576.0,1586.9100341796875,1571.949951171875,1583.780029296875,345966592,0.0,0.0
2026-07-01 03:00:00+00:00,1583.780029296875,1595.6199951171875,1579.9200439453125,1592.2900390625,213610496,0.0,0.0
2026-07-01 04:00:00+00:00,1591.9300537109375,1600.68994140625,1588.3499755859375,1596.81005859375,107849728,0.0,0.0
2026-07-01 05:00:00+00:00,1596.8599853515625,1598.3900146484375,1588.7099609375,1590.260009765625,196671488,0.0,0.0
2026-07-01 06:00:00+00:00,1590.47998046875,1590.6600341796875,1569.18994140625,1573.6600341796875,79649792,0.0,0.0
2026-07-01 07:00:00+00:00,1574.5999755859375,1578.9300537109375,1570.1500244140625,1576.1800537109375,313997312,0.0,0.0
2026-07-01 08:00:00+00:00,1575.5,1580.02001953125,1566.3499755859375,1580.02001953125,0,0.0,0.0
2026-07-01 09:00:00+00:00,1580.1600341796875,1582.8699951171875,1576.5999755859375,1578.93994140625,0,0.0,0.0
2026-07-01 10:00:00+00:00,1578.8199462890625,1579.260009765625,1569.8499755859375,1571.06005859375,0,0.0,0.0
2026-07-01 11:00:00+00:00,1571.489990234375,1573.510009765625,1565.239990234375,1567.72998046875,25428992,0.0,0.0
2026-07-01 12:00:00+00:00,1568.719970703125,1569.8299560546875,1563.8499755859375,1567.949951171875,0,0.0,0.0
2026-07-01 13:00:00+00:00,1568.4200439453125,1595.9300537109375,1568.030029296875,1595.9300537109375,0,0.0,0.0
2026-07-01 14:00:00+00:00,1595.5999755859375,1614.5899658203125,1589.550048828125,1599.3199462890625,619769856,0.0,0.0
2026-07-01 15:00:00+00:00,1599.199951171875,1629.050048828125,1599.199951171875,1618.760009765625,25427968,0.0,0.0
2026-07-01 16:00:00+00:00,1618.6199951171875,1625.0699462890625,1611.0999755859375,1613.0799560546875,406074368,0.0,0.0
2026-07-01 17:00:00+00:00,1613.010009765625,1623.260009765625,1605.5400390625,1621.280029296875,126425088,0.0,0.0
2026-07-01 18:00:00+00:00,1621.3499755859375,1622.760009765625,1610.239990234375,1614.989990234375,0,0.0,0.0
2026-07-01 19:00:00+00:00,1614.9599609375,1622.469970703125,1613.0999755859375,1616.0,51725312,0.0,0.0
2026-07-01 20:00:00+00:00,1616.0999755859375,1618.4000244140625,1608.5999755859375,1616.219970703125,0,0.0,0.0
2026-07-01 21:00:00+00:00,1616.2099609375,1634.56005859375,1615.9200439453125,1630.3299560546875,413385728,0.0,0.0
2026-07-01 22:00:00+00:00,1629.699951171875,1642.9599609375,1618.7900390625,1620.47998046875,388961280,0.0,0.0
2026-07-01 23:00:00+00:00,1619.5999755859375,1619.5999755859375,1606.5699462890625,1607.6400146484375,50890752,0.0,0.0
2026-07-02 00:00:00+00:00,1607.52001953125,1607.5999755859375,1595.280029296875,1601.8699951171875,0,0.0,0.0
2026-07-02 01:00:00+00:00,1602.0,1623.0,1600.93994140625,1618.5,37604352,0.0,0.0
2026-07-02 02:00:00+00:00,1618.2900390625,1622.5400390625,1612.9000244140625,1618.8699951171875,0,0.0,0.0
2026-07-02 03:00:00+00:00,1619.1600341796875,1640.0,1616.800048828125,1637.550048828125,530726912,0.0,0.0
2026-07-02 04:00:00+00:00,1637.5999755859375,1637.9200439453125,1629.0400390625,1630.9000244140625,165127168,0.0,0.0
2026-07-02 05:00:00+00:00,1630.8800048828125,1632.8299560546875,1623.2900390625,1624.8399658203125,0,0.0,0.0
2026-07-02 06:00:00+00:00,1624.6500244140625,1627.5999755859375,1615.3399658203125,1617.06005859375,0,0.0,0.0
2026-07-02 07:00:00+00:00,1616.9100341796875,1617.75,1612.3199462890625,1613.8299560546875,230369280,0.0,0.0
2026-07-02 08:00:00+00:00,1613.9200439453125,1623.8900146484375,1612.9599609375,1622.9599609375,81002496,0.0,0.0
2026-07-02 09:00:00+00:00,1622.3900146484375,1648.530029296875,1618.3699951171875,1641.050048828125,457086976,0.0,0.0
2026-07-02 10:00:00+00:00,1640.1800537109375,1647.3599853515625,1639.1800537109375,1644.1600341796875,379465728,0.0,0.0
2026-07-02 11:00:00+00:00,1644.1500244140625,1652.4200439453125,1642.5899658203125,1648.6400146484375,389400576,0.0,0.0
2026-07-02 12:00:00+00:00,1647.8299560546875,1665.6500244140625,1645.8299560546875,1661.0400390625,374094848,0.0,0.0
2026-07-02 13:00:00+00:00,1662.0899658203125,1711.760009765625,1659.1300048828125,1708.7900390625,1253227520,0.0,0.0
2026-07-02 14:00:00+00:00,1709.3699951171875,1721.2099609375,1691.43994140625,1699.8299560546875,534786048,0.0,0.0
2026-07-02 15:00:00+00:00,1699.1199951171875,1701.5999755859375,1687.030029296875,1695.0999755859375,0,0.0,0.0
2026-07-02 16:00:00+00:00,1695.199951171875,1702.0400390625,1685.1300048828125,1698.0899658203125,605450240,0.0,0.0
2026-07-02 17:00:00+00:00,1697.760009765625,1703.739990234375,1692.97998046875,1694.260009765625,0,0.0,0.0
2026-07-02 18:00:00+00:00,1694.4100341796875,1705.8299560546875,1693.8299560546875,1700.47998046875,86810624,0.0,0.0
2026-07-02 19:00:00+00:00,1700.739990234375,1704.0899658203125,1693.3199462890625,1698.8800048828125,0,0.0,0.0
2026-07-02 20:00:00+00:00,1699.1099853515625,1705.010009765625,1694.3599853515625,1703.8699951171875,0,0.0,0.0
2026-07-02 21:00:00+00:00,1704.1099853515625,1704.2099609375,1695.47998046875,1698.489990234375,447757312,0.0,0.0
2026-07-02 22:00:00+00:00,1698.300048828125,1698.949951171875,1693.0899658203125,1694.8199462890625,0,0.0,0.0
2026-07-02 23:00:00+00:00,1694.300048828125,1699.4100341796875,1690.22998046875,1698.43994140625,0,0.0,0.0
2026-07-03 00:00:00+00:00,1698.3699951171875,1700.81005859375,1692.8499755859375,1694.6400146484375,0,0.0,0.0
2026-07-03 01:00:00+00:00,1694.3199462890625,1715.8399658203125,1693.31005859375,1710.3900146484375,0,0.0,0.0
2026-07-03 02:00:00+00:00,1710.47998046875,1713.0799560546875,1694.199951171875,1702.8800048828125,699851776,0.0,0.0
2026-07-03 03:00:00+00:00,1702.199951171875,1710.0400390625,1697.4300537109375,1704.3199462890625,0,0.0,0.0
2026-07-03 04:00:00+00:00,1704.6300048828125,1706.47998046875,1700.449951171875,1701.2900390625,0,0.0,0.0
2026-07-03 05:00:00+00:00,1700.699951171875,1718.1600341796875,1700.4599609375,1712.7099609375,216775680,0.0,0.0
2026-07-03 06:00:00+00:00,1712.699951171875,1719.2900390625,1710.949951171875,1713.9300537109375,0,0.0,0.0
2026-07-03 07:00:00+00:00,1713.699951171875,1720.0699462890625,1711.93994140625,1715.97998046875,8788992,0.0,0.0
2026-07-03 08:00:00+00:00,1715.8900146484375,1731.7900390625,1713.8599853515625,1717.8699951171875,64498688,0.0,0.0
2026-07-03 09:00:00+00:00,1717.4100341796875,1728.3599853515625,1715.050048828125,1724.239990234375,0,0.0,0.0
2026-07-03 10:00:00+00:00,1724.300048828125,1747.0,1724.300048828125,1739.969970703125,0,0.0,0.0
2026-07-03 11:00:00+00:00,1740.199951171875,1745.9599609375,1735.800048828125,1740.510009765625,0,0.0,0.0
2026-07-03 12:00:00+00:00,1740.739990234375,1742.97998046875,1729.699951171875,1734.489990234375,0,0.0,0.0
2026-07-03 13:00:00+00:00,1735.010009765625,1750.0,1734.0899658203125,1746.1600341796875,0,0.0,0.0
2026-07-03 14:00:00+00:00,1746.02001953125,1746.02001953125,1727.199951171875,1735.4000244140625,0,0.0,0.0
2026-07-03 15:00:00+00:00,1735.699951171875,1743.4100341796875,1728.0,1729.43994140625,0,0.0,0.0
2026-07-03 16:00:00+00:00,1729.4100341796875,1733.800048828125,1726.1800537109375,1731.969970703125,0,0.0,0.0
2026-07-03 17:00:00+00:00,1731.81005859375,1739.8599853515625,1731.030029296875,1736.760009765625,221622272,0.0,0.0
2026-07-03 18:00:00+00:00,1737.1099853515625,1738.9200439453125,1734.800048828125,1737.1800537109375,0,0.0,0.0
2026-07-03 19:00:00+00:00,1736.9300537109375,1751.5999755859375,1735.510009765625,1743.5,149341184,0.0,0.0
2026-07-03 20:00:00+00:00,1743.699951171875,1770.0699462890625,1741.9100341796875,1764.3900146484375,487680000,0.0,0.0
2026-07-03 21:00:00+00:00,1764.6500244140625,1772.800048828125,1755.5,1761.780029296875,5975040,0.0,0.0
2026-07-03 22:00:00+00:00,1761.8499755859375,1762.2900390625,1754.239990234375,1755.81005859375,245215232,0.0,0.0
2026-07-03 23:00:00+00:00,1755.6700439453125,1760.31005859375,1753.760009765625,1757.1099853515625,0,0.0,0.0
2026-07-04 00:00:00+00:00,1756.050048828125,1762.1099853515625,1754.699951171875,1756.9000244140625,0,0.0,0.0
2026-07-04 01:00:00+00:00,1756.7099609375,1756.7099609375,1744.27001953125,1746.0999755859375,0,0.0,0.0
2026-07-04 02:00:00+00:00,1746.449951171875,1749.300048828125,1742.6300048828125,1747.6800537109375,0,0.0,0.0
2026-07-04 03:00:00+00:00,1747.5999755859375,1754.5999755859375,1745.550048828125,1752.1099853515625,31584256,0.0,0.0
2026-07-04 04:00:00+00:00,1752.0999755859375,1762.5,1750.300048828125,1759.8900146484375,0,0.0,0.0
2026-07-04 05:00:00+00:00,1759.97998046875,1759.97998046875,1751.5,1754.4599609375,461470720,0.0,0.0
2026-07-04 06:00:00+00:00,1754.449951171875,1759.6300048828125,1749.8399658203125,1753.2099609375,120356864,0.0,0.0
2026-07-04 07:00:00+00:00,1753.1199951171875,1757.949951171875,1751.239990234375,1756.8399658203125,0,0.0,0.0
2026-07-04 08:00:00+00:00,1757.0,1763.800048828125,1756.030029296875,1760.800048828125,0,0.0,0.0
2026-07-04 09:00:00+00:00,1761.0,1761.3499755859375,1753.4000244140625,1756.52001953125,0,0.0,0.0
2026-07-04 10:00:00+00:00,1756.2900390625,1759.1500244140625,1755.7099609375,1757.699951171875,0,0.0,0.0
2026-07-04 11:00:00+00:00,1756.9100341796875,1758.5999755859375,1754.5,1756.6300048828125,198456320,0.0,0.0
2026-07-04 12:00:00+00:00,1756.6300048828125,1764.72998046875,1756.6300048828125,1762.81005859375,0,0.0,0.0
2026-07-04 13:00:00+00:00,1762.9100341796875,1776.6500244140625,1760.43994140625,1762.719970703125,0,0.0,0.0
2026-07-04 14:00:00+00:00,1762.5400390625,1773.300048828125,1762.52001953125,1770.9300537109375,0,0.0,0.0
2026-07-04 15:00:00+00:00,1771.4000244140625,1795.93994140625,1771.1400146484375,1789.719970703125,883779072,0.0,0.0
2026-07-04 16:00:00+00:00,1789.9599609375,1790.3199462890625,1781.8399658203125,1785.5999755859375,195157504,0.0,0.0
2026-07-04 17:00:00+00:00,1785.3299560546875,1804.77001953125,1777.5400390625,1797.800048828125,545930752,0.0,0.0
2026-07-04 18:00:00+00:00,1798.52001953125,1804.2099609375,1790.5999755859375,1792.25,348564480,0.0,0.0
2026-07-04 19:00:00+00:00,1792.22998046875,1796.1099853515625,1787.1400146484375,1791.300048828125,0,0.0,0.0
2026-07-04 20:00:00+00:00,1791.199951171875,1794.449951171875,1782.43994140625,1785.72998046875,0,0.0,0.0
2026-07-04 21:00:00+00:00,1785.72998046875,1792.81005859375,1785.010009765625,1787.9100341796875,0,0.0,0.0
2026-07-04 22:00:00+00:00,1787.3199462890625,1788.0,1780.81005859375,1783.1400146484375,0,0.0,0.0
2026-07-04 23:00:00+00:00,1783.3800048828125,1784.06005859375,1771.510009765625,1779.0699462890625,169047552,0.0,0.0
2026-07-05 00:00:00+00:00,1779.199951171875,1779.2900390625,1768.6199951171875,1771.0899658203125,0,0.0,0.0
2026-07-05 01:00:00+00:00,1771.050048828125,1773.0,1760.02001953125,1765.06005859375,77516800,0.0,0.0
2026-07-05 02:00:00+00:00,1765.1199951171875,1766.0899658203125,1755.6600341796875,1759.0899658203125,196963328,0.0,0.0
2026-07-05 03:00:00+00:00,1759.050048828125,1762.1600341796875,1756.510009765625,1759.969970703125,113620992,0.0,0.0
2026-07-05 04:00:00+00:00,1759.9000244140625,1770.6700439453125,1758.6099853515625,1766.0799560546875,117455872,0.0,0.0
2026-07-05 05:00:00+00:00,1765.4000244140625,1766.199951171875,1759.0699462890625,1764.1800537109375,100800000,0.0,0.0
2026-07-05 06:00:00+00:00,1764.4300537109375,1766.2099609375,1760.5999755859375,1763.0899658203125,0,0.0,0.0
2026-07-05 07:00:00+00:00,1763.050048828125,1770.510009765625,1760.1500244140625,1768.3599853515625,1011497984,0.0,0.0
2026-07-05 08:00:00+00:00,1768.239990234375,1771.0,1765.1500244140625,1766.0,600689664,0.0,0.0
2026-07-05 09:00:00+00:00,1766.02001953125,1766.0799560546875,1749.0,1756.280029296875,2007333888,0.0,0.0
2026-07-05 10:00:00+00:00,1756.31005859375,1760.31005859375,1753.6400146484375,1759.97998046875,150189056,0.0,0.0
2026-07-05 11:00:00+00:00,1760.1099853515625,1763.0999755859375,1757.31005859375,1758.5999755859375,165410816,0.0,0.0
2026-07-05 12:00:00+00:00,1758.25,1768.0,1754.5999755859375,1763.4300537109375,23083008,0.0,0.0
2026-07-05 13:00:00+00:00,1763.4599609375,1766.0400390625,1760.050048828125,1764.75,0,0.0,0.0
2026-07-05 14:00:00+00:00,1764.8199462890625,1771.0799560546875,1763.4100341796875,1771.0799560546875,0,0.0,0.0
2026-07-05 15:00:00+00:00,1770.5999755859375,1777.469970703125,1769.1099853515625,1773.0799560546875,0,0.0,0.0
2026-07-05 16:00:00+00:00,1772.97998046875,1775.969970703125,1768.81005859375,1771.4100341796875,0,0.0,0.0
2026-07-05 17:00:00+00:00,1771.4100341796875,1783.5899658203125,1771.3800048828125,1778.010009765625,0,0.0,0.0
2026-07-05 18:00:00+00:00,1778.010009765625,1784.43994140625,1776.47998046875,1779.699951171875,0,0.0,0.0
2026-07-05 19:00:00+00:00,1779.6500244140625,1783.010009765625,1776.199951171875,1779.760009765625,51390464,0.0,0.0
2026-07-05 20:00:00+00:00,1779.56005859375,1781.699951171875,1774.739990234375,1775.6700439453125,295285760,0.0,0.0
2026-07-05 21:00:00+00:00,1775.6300048828125,1791.0799560546875,1767.9100341796875,1785.260009765625,294624256,0.0,0.0
2026-07-05 22:00:00+00:00,1784.8800048828125,1805.47998046875,1782.800048828125,1788.1500244140625,610484224,0.0,0.0
2026-07-05 23:00:00+00:00,1787.989990234375,1800.800048828125,1781.2900390625,1784.199951171875,0,0.0,0.0
2026-07-06 00:00:00+00:00,1784.3499755859375,1792.4300537109375,1773.9000244140625,1791.9000244140625,131726336,0.0,0.0
2026-07-06 01:00:00+00:00,1791.3299560546875,1797.5,1783.550048828125,1784.530029296875,0,0.0,0.0
2026-07-06 02:00:00+00:00,1785.0999755859375,1788.3900146484375,1777.93994140625,1782.199951171875,62546944,0.0,0.0
2026-07-06 03:00:00+00:00,1781.8599853515625,1783.27001953125,1771.0999755859375,1778.0699462890625,91273216,0.0,0.0
2026-07-06 04:00:00+00:00,1777.699951171875,1782.800048828125,1774.699951171875,1776.300048828125,0,0.0,0.0
2026-07-06 05:00:00+00:00,1776.300048828125,1776.699951171875,1763.5,1772.199951171875,0,0.0,0.0
2026-07-06 06:00:00+00:00,1772.9000244140625,1773.5999755859375,1767.699951171875,1767.81005859375,0,0.0,0.0
2026-07-06 07:00:00+00:00,1767.5899658203125,1773.75,1765.31005859375,1770.4200439453125,0,0.0,0.0
2026-07-06 08:00:00+00:00,1770.43994140625,1776.7900390625,1761.449951171875,1763.9100341796875,0,0.0,0.0
2026-07-06 09:00:00+00:00,1763.9100341796875,1764.4000244140625,1754.0799560546875,1756.8599853515625,0,0.0,0.0
2026-07-06 10:00:00+00:00,1756.8800048828125,1772.0799560546875,1756.31005859375,1769.1600341796875,0,0.0,0.0
2026-07-06 11:00:00+00:00,1769.699951171875,1774.0999755859375,1757.6300048828125,1757.6300048828125,96863232,0.0,0.0
2026-07-06 12:00:00+00:00,1757.699951171875,1758.0999755859375,1734.699951171875,1739.300048828125,724093952,0.0,0.0
2026-07-06 13:00:00+00:00,1738.800048828125,1752.199951171875,1728.4300537109375,1743.4100341796875,1593207808,0.0,0.0
2026-07-06 14:00:00+00:00,1742.719970703125,1760.4200439453125,1740.4599609375,1750.0999755859375,1661991936,0.0,0.0
2026-07-06 15:00:00+00:00,1750.4000244140625,1787.780029296875,1750.0899658203125,1787.25,2407969792,0.0,0.0
2026-07-06 16:00:00+00:00,1788.27001953125,1803.8900146484375,1781.699951171875,1791.6300048828125,1894393856,0.0,0.0
2026-07-06 17:00:00+00:00,1791.5899658203125,1799.18994140625,1785.800048828125,1786.9599609375,15888384,0.0,0.0
2026-07-06 18:00:00+00:00,1787.199951171875,1794.9300537109375,1785.5999755859375,1791.300048828125,0,0.0,0.0
2026-07-06 19:00:00+00:00,1791.56005859375,1797.989990234375,1790.0400390625,1791.0,612834304,0.0,0.0
2026-07-06 20:00:00+00:00,1792.4200439453125,1795.300048828125,1786.0899658203125,1791.739990234375,0,0.0,0.0
2026-07-06 21:00:00+00:00,1791.8800048828125,1830.2099609375,1791.25,1813.5,841711616,0.0,0.0
2026-07-06 22:00:00+00:00,1814.68994140625,1815.489990234375,1803.5999755859375,1805.1800537109375,0,0.0,0.0
2026-07-06 23:00:00+00:00,1805.02001953125,1808.97998046875,1796.6600341796875,1798.56005859375,0,0.0,0.0
2026-07-07 00:00:00+00:00,1798.6400146484375,1808.8900146484375,1795.199951171875,1802.3900146484375,0,0.0,0.0
2026-07-07 01:00:00+00:00,1801.31005859375,1801.31005859375,1787.4000244140625,1791.5,110970880,0.0,0.0
2026-07-07 02:00:00+00:00,1791.719970703125,1793.0999755859375,1775.699951171875,1777.2099609375,0,0.0,0.0
2026-07-07 03:00:00+00:00,1776.8299560546875,1780.0899658203125,1767.800048828125,1770.22998046875,674854912,0.0,0.0
2026-07-07 04:00:00+00:00,1769.699951171875,1772.25,1761.3499755859375,1765.1300048828125,0,0.0,0.0
2026-07-07 05:00:00+00:00,1765.1700439453125,1772.260009765625,1756.5400390625,1769.2900390625,28683264,0.0,0.0
2026-07-07 06:00:00+00:00,1769.300048828125,1781.0,1763.4300537109375,1777.68994140625,0,0.0,0.0
2026-07-07 07:00:00+00:00,1777.6800537109375,1781.1099853515625,1769.6500244140625,1769.8900146484375,286203904,0.0,0.0
2026-07-07 08:00:00+00:00,1770.3499755859375,1773.9200439453125,1766.8800048828125,1768.9100341796875,8972288,0.0,0.0
2026-07-07 09:00:00+00:00,1769.0899658203125,1779.5,1766.9599609375,1776.239990234375,0,0.0,0.0
2026-07-07 10:00:00+00:00,1776.3499755859375,1782.5999755859375,1772.6400146484375,1774.31005859375,0,0.0,0.0
2026-07-07 11:00:00+00:00,1774.0799560546875,1782.989990234375,1770.25,1779.22998046875,83435520,0.0,0.0
2026-07-07 12:00:00+00:00,1779.2900390625,1792.760009765625,1778.449951171875,1780.1400146484375,0,0.0,0.0
2026-07-07 13:00:00+00:00,1780.010009765625,1781.4599609375,1764.4000244140625,1766.81005859375,0,0.0,0.0
2026-07-07 14:00:00+00:00,1765.6800537109375,1790.52001953125,1759.449951171875,1787.8800048828125,0,0.0,0.0
2026-07-07 15:00:00+00:00,1787.780029296875,1801.0699462890625,1781.199951171875,1795.9100341796875,0,0.0,0.0
2026-07-07 16:00:00+00:00,1795.8599853515625,1810.6800537109375,1791.52001953125,1800.739990234375,0,0.0,0.0
2026-07-07 17:00:00+00:00,1800.1500244140625,1809.219970703125,1797.010009765625,1809.0799560546875,0,0.0,0.0
2026-07-07 18:00:00+00:00,1809.3299560546875,1809.3299560546875,1784.760009765625,1785.1199951171875,0,0.0,0.0
2026-07-07 19:00:00+00:00,1784.8900146484375,1790.8399658203125,1773.25,1789.4300537109375,309471232,0.0,0.0
2026-07-07 20:00:00+00:00,1789.0899658203125,1792.0,1780.1300048828125,1783.0,0,0.0,0.0
2026-07-07 21:00:00+00:00,1782.989990234375,1788.449951171875,1770.3599853515625,1772.6400146484375,0,0.0,0.0
2026-07-07 22:00:00+00:00,1771.6300048828125,1777.5400390625,1764.9000244140625,1774.3699951171875,0,0.0,0.0
2026-07-07 23:00:00+00:00,1773.9000244140625,1779.5999755859375,1767.1600341796875,1770.06005859375,0,0.0,0.0
2026-07-08 00:00:00+00:00,1770.0999755859375,1782.93994140625,1769.0,1779.0,0,0.0,0.0
2026-07-08 01:00:00+00:00,1779.0,1779.72998046875,1749.4000244140625,1754.699951171875,206073856,0.0,0.0
2026-07-08 02:00:00+00:00,1754.3399658203125,1758.1700439453125,1740.9100341796875,1756.4100341796875,168472576,0.0,0.0
2026-07-08 03:00:00+00:00,1757.3499755859375,1762.1300048828125,1747.9200439453125,1749.760009765625,0,0.0,0.0
2026-07-08 04:00:00+00:00,1750.3199462890625,1756.6700439453125,1748.2099609375,1755.0,0,0.0,0.0
2026-07-08 05:00:00+00:00,1754.969970703125,1758.239990234375,1749.260009765625,1752.68994140625,0,0.0,0.0
2026-07-08 06:00:00+00:00,1752.469970703125,1753.43994140625,1745.1600341796875,1750.300048828125,0,0.0,0.0
2026-07-08 07:00:00+00:00,1750.6600341796875,1755.969970703125,1743.780029296875,1755.4599609375,63387648,0.0,0.0
2026-07-08 08:00:00+00:00,1755.5999755859375,1757.1099853515625,1724.800048828125,1733.6300048828125,663630848,0.0,0.0
2026-07-08 09:00:00+00:00,1733.489990234375,1739.0899658203125,1728.6600341796875,1734.489990234375,27260928,0.0,0.0
2026-07-08 10:00:00+00:00,1735.949951171875,1740.75,1731.010009765625,1737.81005859375,267823104,0.0,0.0
2026-07-08 11:00:00+00:00,1737.780029296875,1749.239990234375,1734.3800048828125,1746.47998046875,102321152,0.0,0.0
2026-07-08 12:00:00+00:00,1746.489990234375,1749.530029296875,1736.489990234375,1736.8499755859375,0,0.0,0.0
2026-07-08 13:00:00+00:00,1736.949951171875,1742.3900146484375,1729.780029296875,1735.8299560546875,93251584,0.0,0.0
2026-07-08 14:00:00+00:00,1735.77001953125,1738.6600341796875,1721.6500244140625,1727.6500244140625,69492736,0.0,0.0
2026-07-08 15:00:00+00:00,1728.3199462890625,1728.5999755859375,1711.2900390625,1721.06005859375,148213760,0.0,0.0
2026-07-08 16:00:00+00:00,1721.6099853515625,1736.1700439453125,1721.010009765625,1734.52001953125,48826368,0.0,0.0
2026-07-08 17:00:00+00:00,1734.5699462890625,1744.8699951171875,1729.5999755859375,1731.27001953125,0,0.0,0.0
2026-07-08 18:00:00+00:00,1731.489990234375,1739.9300537109375,1728.3399658203125,1735.81005859375,0,0.0,0.0
2026-07-08 19:00:00+00:00,1735.9599609375,1740.2900390625,1732.030029296875,1739.5899658203125,0,0.0,0.0
2026-07-08 20:00:00+00:00,1737.5999755859375,1739.22998046875,1733.27001953125,1734.9100341796875,42024960,0.0,0.0
2026-07-08 21:00:00+00:00,1735.0799560546875,1738.510009765625,1730.1400146484375,1736.800048828125,0,0.0,0.0
2026-07-08 22:00:00+00:00,1737.199951171875,1741.72998046875,1735.1700439453125,1740.0799560546875,0,0.0,0.0
2026-07-08 23:00:00+00:00,1739.739990234375,1743.050048828125,1737.4599609375,1742.0,0,0.0,0.0
2026-07-09 00:00:00+00:00,1741.8599853515625,1742.93994140625,1735.47998046875,1736.68994140625,97441792,0.0,0.0
2026-07-09 01:00:00+00:00,1736.550048828125,1752.97998046875,1728.8199462890625,1730.199951171875,0,0.0,0.0
2026-07-09 02:00:00+00:00,1730.8499755859375,1737.4599609375,1722.1500244140625,1725.6500244140625,0,0.0,0.0
2026-07-09 03:00:00+00:00,1725.6500244140625,1732.6600341796875,1720.56005859375,1729.0799560546875,139848704,0.0,0.0
2026-07-09 04:00:00+00:00,1729.0400390625,1741.9599609375,1728.9000244140625,1740.97998046875,0,0.0,0.0
2026-07-09 05:00:00+00:00,1741.0,1748.0,1736.1500244140625,1747.9100341796875,49562624,0.0,0.0
2026-07-09 06:00:00+00:00,1748.239990234375,1754.18994140625,1744.5999755859375,1753.5799560546875,231150592,0.0,0.0
2026-07-09 07:00:00+00:00,1753.469970703125,1759.5,1749.2099609375,1751.699951171875,0,0.0,0.0
2026-07-09 08:00:00+00:00,1751.719970703125,1757.43994140625,1749.5,1753.1199951171875,0,0.0,0.0
2026-07-09 09:00:00+00:00,1752.800048828125,1755.0999755859375,1747.9000244140625,1754.1600341796875,73073664,0.0,0.0
2026-07-09 10:00:00+00:00,1754.260009765625,1756.3599853515625,1742.989990234375,1744.719970703125,0,0.0,0.0
2026-07-09 11:00:00+00:00,1744.6500244140625,1747.0799560546875,1739.6500244140625,1742.530029296875,0,0.0,0.0
2026-07-09 12:00:00+00:00,1741.3599853515625,1745.800048828125,1733.530029296875,1740.2900390625,278802432,0.0,0.0
2026-07-09 13:00:00+00:00,1740.239990234375,1749.800048828125,1734.27001953125,1745.0799560546875,0,0.0,0.0
2026-07-09 14:00:00+00:00,1745.68994140625,1747.5999755859375,1731.8199462890625,1741.5,0,0.0,0.0
2026-07-09 15:00:00+00:00,1742.050048828125,1747.4100341796875,1736.0,1737.81005859375,0,0.0,0.0
2026-07-09 16:00:00+00:00,1737.81005859375,1742.300048828125,1730.0,1737.4599609375,0,0.0,0.0
2026-07-09 17:00:00+00:00,1737.93994140625,1750.25,1737.0899658203125,1747.1099853515625,8007168,0.0,0.0
2026-07-09 18:00:00+00:00,1747.5999755859375,1757.9300537109375,1746.1400146484375,1750.0999755859375,118047232,0.0,0.0
2026-07-09 19:00:00+00:00,1750.4200439453125,1751.47998046875,1745.7099609375,1746.989990234375,0,0.0,0.0
2026-07-09 20:00:00+00:00,1747.18994140625,1749.18994140625,1743.9100341796875,1747.449951171875,90842112,0.0,0.0
2026-07-09 21:00:00+00:00,1747.6400146484375,1749.760009765625,1743.739990234375,1747.030029296875,0,0.0,0.0
2026-07-09 22:00:00+00:00,1746.9000244140625,1749.5999755859375,1745.030029296875,1746.1600341796875,0,0.0,0.0
2026-07-09 23:00:00+00:00,1746.1600341796875,1747.9000244140625,1740.3399658203125,1743.8199462890625,118297600,0.0,0.0
2026-07-10 00:00:00+00:00,1743.780029296875,1745.4100341796875,1736.5999755859375,1741.47998046875,0,0.0,0.0
2026-07-10 01:00:00+00:00,1741.7099609375,1775.9000244140625,1736.5799560546875,1766.1400146484375,53106688,0.0,0.0
2026-07-10 02:00:00+00:00,1766.800048828125,1773.2099609375,1763.219970703125,1771.47998046875,232161280,0.0,0.0
2026-07-10 03:00:00+00:00,1771.3399658203125,1778.199951171875,1767.8299560546875,1774.800048828125,180492800,0.0,0.0
2026-07-10 04:00:00+00:00,1774.8499755859375,1779.030029296875,1770.8900146484375,1773.489990234375,83905536,0.0,0.0
2026-07-10 05:00:00+00:00,1773.5799560546875,1778.25,1771.3299560546875,1777.8199462890625,257980416,0.0,0.0
2026-07-10 06:00:00+00:00,1778.0400390625,1778.68994140625,1768.1500244140625,1770.010009765625,0,0.0,0.0
2026-07-10 07:00:00+00:00,1770.4000244140625,1776.5400390625,1767.780029296875,1772.3900146484375,0,0.0,0.0
2026-07-10 08:00:00+00:00,1772.1600341796875,1787.8900146484375,1771.43994140625,1782.969970703125,148350464,0.0,0.0
2026-07-10 09:00:00+00:00,1782.719970703125,1793.5,1780.0899658203125,1791.5,245600256,0.0,0.0
2026-07-10 10:00:00+00:00,1791.4200439453125,1800.8399658203125,1788.27001953125,1795.6800537109375,317184000,0.0,0.0
2026-07-10 11:00:00+00:00,1796.0,1801.0999755859375,1793.0799560546875,1800.22998046875,130404352,0.0,0.0
2026-07-10 12:00:00+00:00,1800.47998046875,1805.8699951171875,1791.5999755859375,1792.5,0,0.0,0.0
2026-07-10 13:00:00+00:00,1792.5799560546875,1809.9000244140625,1792.4000244140625,1802.800048828125,0,0.0,0.0
2026-07-10 14:00:00+00:00,1801.8499755859375,1803.2900390625,1775.739990234375,1783.4599609375,409408512,0.0,0.0
2026-07-10 15:00:00+00:00,1783.56005859375,1795.199951171875,1782.7099609375,1789.699951171875,129832960,0.0,0.0
2026-07-10 16:00:00+00:00,1790.0799560546875,1798.1800537109375,1784.52001953125,1796.0,0,0.0,0.0
2026-07-10 17:00:00+00:00,1795.9000244140625,1797.8900146484375,1786.739990234375,1786.739990234375,156306432,0.0,0.0
2026-07-10 18:00:00+00:00,1786.8800048828125,1790.780029296875,1780.3199462890625,1783.5799560546875,0,0.0,0.0
2026-07-10 19:00:00+00:00,1783.3299560546875,1795.68994140625,1782.6800537109375,1791.1099853515625,135186432,0.0,0.0
2026-07-10 20:00:00+00:00,1791.8599853515625,1793.0699462890625,1788.1700439453125,1788.8499755859375,101356544,0.0,0.0
2026-07-10 21:00:00+00:00,1788.6700439453125,1795.4200439453125,1788.449951171875,1793.0,0,0.0,0.0
2026-07-10 22:00:00+00:00,1792.9100341796875,1795.3299560546875,1791.56005859375,1793.969970703125,995328,0.0,0.0
2026-07-10 23:00:00+00:00,1793.969970703125,1797.0400390625,1791.260009765625,1795.739990234375,162816,0.0,0.0
2026-07-11 00:00:00+00:00,1795.2099609375,1795.969970703125,1788.800048828125,1792.0799560546875,0,0.0,0.0
2026-07-11 01:00:00+00:00,1791.969970703125,1797.5699462890625,1787.449951171875,1788.1199951171875,0,0.0,0.0
2026-07-11 02:00:00+00:00,1787.72998046875,1794.949951171875,1786.3599853515625,1794.280029296875,0,0.0,0.0
2026-07-11 03:00:00+00:00,1794.4200439453125,1796.9000244140625,1792.5400390625,1795.199951171875,0,0.0,0.0
2026-07-11 04:00:00+00:00,1795.1800537109375,1798.8599853515625,1794.3900146484375,1795.18994140625,0,0.0,0.0
2026-07-11 05:00:00+00:00,1795.18994140625,1800.18994140625,1793.8599853515625,1797.9200439453125,0,0.0,0.0
2026-07-11 06:00:00+00:00,1796.52001953125,1801.6400146484375,1794.3699951171875,1797.969970703125,33588224,0.0,0.0
2026-07-11 07:00:00+00:00,1797.9000244140625,1800.5699462890625,1796.8900146484375,1798.6800537109375,0,0.0,0.0
2026-07-11 08:00:00+00:00,1798.6600341796875,1802.0799560546875,1798.1700439453125,1800.22998046875,0,0.0,0.0
2026-07-11 09:00:00+00:00,1800.050048828125,1801.3199462890625,1793.56005859375,1794.0,0,0.0,0.0
2026-07-11 10:00:00+00:00,1794.469970703125,1797.719970703125,1794.010009765625,1796.7099609375,0,0.0,0.0
2026-07-11 11:00:00+00:00,1796.800048828125,1799.4200439453125,1795.5699462890625,1798.949951171875,0,0.0,0.0
2026-07-11 12:00:00+00:00,1798.949951171875,1799.989990234375,1796.81005859375,1798.6600341796875,0,0.0,0.0
2026-07-11 13:00:00+00:00,1798.9300537109375,1804.719970703125,1797.3900146484375,1801.550048828125,0,0.0,0.0
2026-07-11 14:00:00+00:00,1801.3199462890625,1815.1600341796875,1801.199951171875,1809.6500244140625,0,0.0,0.0
2026-07-11 15:00:00+00:00,1809.949951171875,1825.9200439453125,1807.75,1813.52001953125,438944256,0.0,0.0
2026-07-11 16:00:00+00:00,1813.510009765625,1822.3199462890625,1809.8299560546875,1822.010009765625,193792000,0.0,0.0
2026-07-11 17:00:00+00:00,1822.3299560546875,1828.1400146484375,1817.0999755859375,1823.280029296875,97422848,0.0,0.0
2026-07-11 18:00:00+00:00,1823.6700439453125,1827.8399658203125,1822.5699462890625,1824.9599609375,0,0.0,0.0
2026-07-11 19:00:00+00:00,1824.8399658203125,1826.1600341796875,1818.0,1823.4100341796875,97366016,0.0,0.0
2026-07-11 20:00:00+00:00,1823.4000244140625,1827.6199951171875,1822.9000244140625,1825.0899658203125,0,0.0,0.0
2026-07-11 21:00:00+00:00,1824.8499755859375,1828.0799560546875,1821.6099853515625,1822.719970703125,0,0.0,0.0
2026-07-11 22:00:00+00:00,1822.719970703125,1822.800048828125,1809.5999755859375,1812.7900390625,121658880,0.0,0.0
2026-07-11 23:00:00+00:00,1812.780029296875,1814.6400146484375,1785.719970703125,1786.81005859375,470667776,0.0,0.0
2026-07-12 00:00:00+00:00,1786.9200439453125,1789.6800537109375,1778.81005859375,1787.72998046875,251614720,0.0,0.0
2026-07-12 01:00:00+00:00,1787.6099853515625,1807.2900390625,1787.0,1805.5799560546875,195028992,0.0,0.0
2026-07-12 02:00:00+00:00,1805.5799560546875,1806.31005859375,1802.06005859375,1803.9599609375,21487104,0.0,0.0
2026-07-12 03:00:00+00:00,1803.8599853515625,1811.1700439453125,1802.030029296875,1810.4200439453125,79056384,0.0,0.0
2026-07-12 04:00:00+00:00,1810.239990234375,1811.3900146484375,1803.0,1804.800048828125,0,0.0,0.0
2026-07-12 05:00:00+00:00,1804.8399658203125,1806.010009765625,1800.1500244140625,1802.1700439453125,0,0.0,0.0
2026-07-12 06:00:00+00:00,1801.72998046875,1801.72998046875,1788.8800048828125,1794.02001953125,78452736,0.0,0.0
2026-07-12 07:00:00+00:00,1793.989990234375,1798.0,1793.0899658203125,1797.699951171875,0,0.0,0.0
2026-07-12 08:00:00+00:00,1797.3199462890625,1807.8399658203125,1797.3199462890625,1803.9200439453125,27207168,0.0,0.0
2026-07-12 09:00:00+00:00,1803.93994140625,1804.800048828125,1795.5,1801.3299560546875,28616192,0.0,0.0
2026-07-12 10:00:00+00:00,1801.3199462890625,1801.3199462890625,1797.9200439453125,1798.3299560546875,0,0.0,0.0
2026-07-12 11:00:00+00:00,1798.5999755859375,1805.52001953125,1795.5,1802.6500244140625,7765504,0.0,0.0
2026-07-12 12:00:00+00:00,1802.3399658203125,1807.68994140625,1801.8900146484375,1805.989990234375,22527488,0.0,0.0
2026-07-12 13:00:00+00:00,1805.93994140625,1808.6400146484375,1804.2900390625,1804.72998046875,0,0.0,0.0
2026-07-12 14:00:00+00:00,1804.9000244140625,1820.2900390625,1803.239990234375,1818.510009765625,0,0.0,0.0
2026-07-12 15:00:00+00:00,1818.6500244140625,1825.0799560546875,1815.43994140625,1819.9599609375,0,0.0,0.0
2026-07-12 16:00:00+00:00,1820.1300048828125,1823.1099853515625,1816.8599853515625,1820.75,0,0.0,0.0
2026-07-12 17:00:00+00:00,1820.7099609375,1821.1700439453125,1814.5799560546875,1817.199951171875,0,0.0,0.0
2026-07-12 18:00:00+00:00,1817.31005859375,1821.25,1814.0699462890625,1820.4000244140625,10544128,0.0,0.0
2026-07-12 19:00:00+00:00,1820.4300537109375,1821.8299560546875,1817.75,1820.3900146484375,0,0.0,0.0
2026-07-12 20:00:00+00:00,1820.489990234375,1822.68994140625,1817.550048828125,1820.199951171875,40172544,0.0,0.0
2026-07-12 21:00:00+00:00,1820.3900146484375,1822.5999755859375,1810.239990234375,1811.4000244140625,17460736,0.0,0.0
2026-07-12 22:00:00+00:00,1807.1700439453125,1807.72998046875,1796.5400390625,1804.010009765625,48802816,0.0,0.0
2026-07-12 23:00:00+00:00,1803.8299560546875,1807.780029296875,1799.7099609375,1805.510009765625,0,0.0,0.0
2026-07-13 00:00:00+00:00,1805.739990234375,1840.8499755859375,1803.1099853515625,1825.3299560546875,659339776,0.0,0.0
2026-07-13 01:00:00+00:00,1825.199951171875,1828.199951171875,1804.3299560546875,1805.739990234375,154061312,0.0,0.0
2026-07-13 02:00:00+00:00,1805.77001953125,1813.6199951171875,1798.050048828125,1805.6600341796875,358277120,0.0,0.0
2026-07-13 03:00:00+00:00,1804.300048828125,1805.5,1774.199951171875,1779.1199951171875,684761088,0.0,0.0
2026-07-13 04:00:00+00:00,1779.22998046875,1783.6800537109375,1775.02001953125,1777.3299560546875,107086336,0.0,0.0
2026-07-13 05:00:00+00:00,1777.43994140625,1785.3900146484375,1773.56005859375,1780.510009765625,315567104,0.0,0.0
2026-07-13 06:00:00+00:00,1781.3199462890625,1782.280029296875,1774.25,1776.300048828125,43638272,0.0,0.0
2026-07-13 07:00:00+00:00,1777.5,1789.739990234375,1775.02001953125,1785.97998046875,260770816,0.0,0.0
2026-07-13 08:00:00+00:00,1786.27001953125,1791.97998046875,1782.199951171875,1788.699951171875,98037760,0.0,0.0
2026-07-13 09:00:00+00:00,1788.97998046875,1788.97998046875,1783.699951171875,1784.1800537109375,42815488,0.0,0.0
2026-07-13 10:00:00+00:00,1784.1099853515625,1785.239990234375,1775.81005859375,1778.0899658203125,227792896,0.0,0.0
2026-07-13 11:00:00+00:00,1778.699951171875,1783.2900390625,1778.2099609375,1779.199951171875,90068992,0.0,0.0
2026-07-13 12:00:00+00:00,1779.5899658203125,1782.1600341796875,1767.1600341796875,1770.5699462890625,377957376,0.0,0.0
2026-07-13 13:00:00+00:00,1770.1800537109375,1774.8900146484375,1762.1600341796875,1769.699951171875,401772544,0.0,0.0
2026-07-13 14:00:00+00:00,1769.2900390625,1780.260009765625,1761.52001953125,1780.0,482108416,0.0,0.0
2026-07-13 15:00:00+00:00,1779.7900390625,1785.219970703125,1773.969970703125,1775.3900146484375,0,0.0,0.0
2026-07-13 16:00:00+00:00,1775.68994140625,1779.1600341796875,1765.699951171875,1770.300048828125,0,0.0,0.0
2026-07-13 17:00:00+00:00,1770.31005859375,1774.0999755859375,1751.2900390625,1751.6500244140625,219466752,0.0,0.0
2026-07-13 18:00:00+00:00,1751.8399658203125,1765.550048828125,1749.0999755859375,1762.5,439975936,0.0,0.0
2026-07-13 19:00:00+00:00,1763.010009765625,1773.3499755859375,1762.530029296875,1773.1800537109375,147300352,0.0,0.0
2026-07-13 20:00:00+00:00,1772.7099609375,1775.2900390625,1760.5999755859375,1765.6700439453125,113755136,0.0,0.0
2026-07-13 21:00:00+00:00,1765.5999755859375,1765.5999755859375,1751.8900146484375,1759.9000244140625,93689856,0.0,0.0
2026-07-13 22:00:00+00:00,1760.1300048828125,1766.56005859375,1753.969970703125,1755.8499755859375,0,0.0,0.0
2026-07-13 23:00:00+00:00,1755.8299560546875,1775.780029296875,1754.02001953125,1774.5699462890625,88558592,0.0,0.0
2026-07-14 00:00:00+00:00,1775.0799560546875,1786.0999755859375,1771.3599853515625,1783.6300048828125,0,0.0,0.0
2026-07-14 01:00:00+00:00,1784.1400146484375,1792.43994140625,1781.2099609375,1782.93994140625,0,0.0,0.0
2026-07-14 02:00:00+00:00,1782.8199462890625,1787.0,1773.260009765625,1780.530029296875,0,0.0,0.0
2026-07-14 03:00:00+00:00,1780.800048828125,1781.989990234375,1772.719970703125,1781.9000244140625,0,0.0,0.0
2026-07-14 04:00:00+00:00,1781.6199951171875,1787.68994140625,1780.3299560546875,1783.72998046875,116880384,0.0,0.0
2026-07-14 05:00:00+00:00,1783.510009765625,1790.6800537109375,1782.3399658203125,1784.8900146484375,0,0.0,0.0
2026-07-14 06:00:00+00:00,1784.5799560546875,1785.280029296875,1779.75,1780.9100341796875,0,0.0,0.0
2026-07-14 07:00:00+00:00,1780.4100341796875,1783.800048828125,1776.93994140625,1778.6600341796875,0,0.0,0.0
2026-07-14 08:00:00+00:00,1778.6099853515625,1787.77001953125,1777.06005859375,1783.8900146484375,0,0.0,0.0
2026-07-14 09:00:00+00:00,1783.6600341796875,1787.719970703125,1780.81005859375,1784.1099853515625,98606080,0.0,0.0
2026-07-14 10:00:00+00:00,1784.3399658203125,1802.7099609375,1784.06005859375,1798.3900146484375,176491520,0.0,0.0
2026-07-14 11:00:00+00:00,1798.56005859375,1800.6099853515625,1793.6300048828125,1795.9100341796875,359208960,0.0,0.0
2026-07-14 12:00:00+00:00,1796.6700439453125,1860.93994140625,1792.3800048828125,1858.5899658203125,1246943232,0.0,0.0
2026-07-14 13:00:00+00:00,1861.06005859375,1880.699951171875,1853.260009765625,1869.780029296875,1687588864,0.0,0.0
2026-07-14 14:00:00+00:00,1869.3399658203125,1880.77001953125,1858.6800537109375,1879.3800048828125,247153664,0.0,0.0
2026-07-14 15:00:00+00:00,1880.280029296875,1885.0,1871.6400146484375,1873.7099609375,798229504,0.0,0.0
2026-07-14 16:00:00+00:00,1874.3399658203125,1875.9000244140625,1867.8699951171875,1872.449951171875,219427840,0.0,0.0
2026-07-14 17:00:00+00:00,1872.6600341796875,1872.6600341796875,1861.449951171875,1870.47998046875,21658624,0.0,0.0
2026-07-14 18:00:00+00:00,1870.72998046875,1875.72998046875,1867.3299560546875,1873.4000244140625,0,0.0,0.0
2026-07-14 19:00:00+00:00,1873.68994140625,1880.4200439453125,1873.3599853515625,1875.7099609375,6598656,0.0,0.0
2026-07-14 20:00:00+00:00,1876.6700439453125,1877.8800048828125,1872.93994140625,1874.260009765625,0,0.0,0.0
2026-07-14 21:00:00+00:00,1874.4100341796875,1878.5400390625,1873.43994140625,1875.469970703125,0,0.0,0.0
2026-07-14 22:00:00+00:00,1875.5999755859375,1895.0,1870.9300537109375,1881.18994140625,470086656,0.0,0.0
2026-07-14 23:00:00+00:00,1880.800048828125,1891.530029296875,1877.7099609375,1890.5400390625,69234688,0.0,0.0
2026-07-15 00:00:00+00:00,1891.25,1891.97998046875,1876.97998046875,1880.3800048828125,0,0.0,0.0
2026-07-15 01:00:00+00:00,1880.780029296875,1880.780029296875,1866.1600341796875,1869.1300048828125,8224768,0.0,0.0
2026-07-15 02:00:00+00:00,1868.9000244140625,1871.3900146484375,1863.2900390625,1863.52001953125,67099648,0.0,0.0
2026-07-15 03:00:00+00:00,1863.52001953125,1877.6600341796875,1863.3900146484375,1874.93994140625,75261952,0.0,0.0
2026-07-15 04:00:00+00:00,1874.7099609375,1878.5699462890625,1872.18994140625,1874.969970703125,92142592,0.0,0.0
2026-07-15 05:00:00+00:00,1875.5999755859375,1881.699951171875,1870.5,1880.9000244140625,0,0.0,0.0
2026-07-15 06:00:00+00:00,1881.010009765625,1890.3900146484375,1874.52001953125,1874.7099609375,225369088,0.0,0.0
2026-07-15 07:00:00+00:00,1874.75,1875.8900146484375,1863.510009765625,1868.77001953125,331737088,0.0,0.0
2026-07-15 08:00:00+00:00,1869.5,1878.56005859375,1868.9100341796875,1878.0400390625,0,0.0,0.0
2026-07-15 09:00:00+00:00,1878.06005859375,1885.3499755859375,1878.06005859375,1878.5999755859375,273305600,0.0,0.0
2026-07-15 10:00:00+00:00,1878.5899658203125,1884.5699462890625,1873.9100341796875,1876.75,0,0.0,0.0
2026-07-15 11:00:00+00:00,1876.739990234375,1884.3599853515625,1876.489990234375,1883.0899658203125,0,0.0,0.0
2026-07-15 12:00:00+00:00,1882.97998046875,1927.43994140625,1877.699951171875,1925.6099853515625,0,0.0,0.0
2026-07-15 13:00:00+00:00,1927.4000244140625,1944.300048828125,1915.4300537109375,1924.1099853515625,0,0.0,0.0
2026-07-15 14:00:00+00:00,1925.1099853515625,1933.68994140625,1917.6600341796875,1931.77001953125,0,0.0,0.0
2026-07-15 15:00:00+00:00,1931.77001953125,1936.0,1924.010009765625,1930.0,0,0.0,0.0
2026-07-15 16:00:00+00:00,1930.52001953125,1930.81005859375,1902.6500244140625,1917.6099853515625,307429376,0.0,0.0
2026-07-15 17:00:00+00:00,1918.1800537109375,1929.0999755859375,1918.1700439453125,1926.6500244140625,0,0.0,0.0
2026-07-15 18:00:00+00:00,1926.0799560546875,1935.3599853515625,1921.27001953125,1922.9100341796875,406047744,0.0,0.0
2026-07-15 19:00:00+00:00,1923.030029296875,1927.780029296875,1918.18994140625,1922.1700439453125,0,0.0,0.0
2026-07-15 20:00:00+00:00,1923.3499755859375,1929.1199951171875,1919.5,1922.469970703125,124576768,0.0,0.0
2026-07-15 21:00:00+00:00,1922.469970703125,1924.81005859375,1918.77001953125,1921.030029296875,0,0.0,0.0
2026-07-15 22:00:00+00:00,1920.9599609375,1925.3599853515625,1917.1099853515625,1922.25,0,0.0,0.0
2026-07-15 23:00:00+00:00,1922.239990234375,1925.9300537109375,1914.1199951171875,1916.760009765625,0,0.0,0.0
2026-07-16 00:00:00+00:00,1916.530029296875,1923.780029296875,1910.31005859375,1913.5899658203125,77211648,0.0,0.0
2026-07-16 01:00:00+00:00,1913.9200439453125,1924.81005859375,1906.989990234375,1921.4000244140625,0,0.0,0.0
2026-07-16 02:00:00+00:00,1920.9599609375,1924.949951171875,1917.75,1923.8699951171875,0,0.0,0.0
2026-07-16 03:00:00+00:00,1923.800048828125,1927.6700439453125,1915.5699462890625,1917.47998046875,0,0.0,0.0
2026-07-16 04:00:00+00:00,1917.18994140625,1919.6099853515625,1912.7900390625,1916.3900146484375,75572224,0.0,0.0
2026-07-16 05:00:00+00:00,1916.8900146484375,1925.9200439453125,1915.75,1924.22998046875,890880,0.0,0.0
2026-07-16 06:00:00+00:00,1923.9100341796875,1927.3199462890625,1914.3499755859375,1921.1600341796875,0,0.0,0.0
2026-07-16 07:00:00+00:00,1921.1500244140625,1921.18994140625,1903.7099609375,1908.8800048828125,0,0.0,0.0
2026-07-16 08:00:00+00:00,1908.9000244140625,1911.1199951171875,1875.0,1884.8199462890625,1299858432,0.0,0.0
2026-07-16 09:00:00+00:00,1884.9300537109375,1887.699951171875,1879.8699951171875,1882.93994140625,213740544,0.0,0.0
2026-07-16 10:00:00+00:00,1883.4100341796875,1889.989990234375,1882.3299560546875,1886.989990234375,0,0.0,0.0
2026-07-16 11:00:00+00:00,1886.989990234375,1886.989990234375,1877.699951171875,1883.780029296875,88096768,0.0,0.0
2026-07-16 12:00:00+00:00,1883.5400390625,1883.760009765625,1866.25,1871.2900390625,0,0.0,0.0
2026-07-16 13:00:00+00:00,1870.989990234375,1888.5899658203125,1869.6800537109375,1880.5,0,0.0,0.0
2026-07-16 14:00:00+00:00,1880.3599853515625,1891.199951171875,1872.9599609375,1881.5699462890625,0,0.0,0.0
2026-07-16 15:00:00+00:00,1881.449951171875,1891.949951171875,1869.47998046875,1880.300048828125,103081984,0.0,0.0
2026-07-16 16:00:00+00:00,1880.1300048828125,1881.6600341796875,1873.1600341796875,1877.489990234375,0,0.0,0.0
2026-07-16 17:00:00+00:00,1877.3800048828125,1877.6800537109375,1862.1500244140625,1867.6600341796875,34145280,0.0,0.0
2026-07-16 18:00:00+00:00,1867.6800537109375,1877.9100341796875,1866.9200439453125,1874.280029296875,0,0.0,0.0
2026-07-16 19:00:00+00:00,1874.6800537109375,1876.43994140625,1869.550048828125,1874.0999755859375,0,0.0,0.0
2026-07-16 20:00:00+00:00,1873.2900390625,1874.3399658203125,1869.8399658203125,1870.199951171875,68421632,0.0,0.0
2026-07-16 21:00:00+00:00,1870.010009765625,1879.449951171875,1870.010009765625,1877.1099853515625,0,0.0,0.0
2026-07-16 22:00:00+00:00,1877.5799560546875,1879.9300537109375,1866.9300537109375,1867.5799560546875,43870208,0.0,0.0
2026-07-16 23:00:00+00:00,1866.9300537109375,1869.0999755859375,1856.02001953125,1863.1800537109375,293898240,0.0,0.0
2026-07-17 00:00:00+00:00,1863.0699462890625,1865.0899658203125,1848.1600341796875,1864.260009765625,270387200,0.0,0.0
2026-07-17 01:00:00+00:00,1864.4100341796875,1869.31005859375,1846.5999755859375,1849.75,0,0.0,0.0
2026-07-17 02:00:00+00:00,1848.9100341796875,1853.8800048828125,1841.9000244140625,1846.5400390625,413041664,0.0,0.0
2026-07-17 03:00:00+00:00,1846.760009765625,1857.6700439453125,1845.56005859375,1850.9100341796875,0,0.0,0.0
2026-07-17 04:00:00+00:00,1850.8499755859375,1851.0799560546875,1842.4200439453125,1848.6600341796875,200360960,0.0,0.0
2026-07-17 05:00:00+00:00,1847.780029296875,1847.780029296875,1820.030029296875,1822.219970703125,318040064,0.0,0.0
2026-07-17 06:00:00+00:00,1821.8199462890625,1834.56005859375,1820.1700439453125,1830.449951171875,84107264,0.0,0.0
2026-07-17 07:00:00+00:00,1830.2900390625,1831.6400146484375,1824.5999755859375,1826.449951171875,118390784,0.0,0.0
2026-07-17 08:00:00+00:00,1826.6500244140625,1830.6700439453125,1819.43994140625,1828.1700439453125,0,0.0,0.0
2026-07-17 09:00:00+00:00,1828.219970703125,1834.199951171875,1827.3599853515625,1833.1300048828125,0,0.0,0.0
2026-07-17 10:00:00+00:00,1833.0999755859375,1838.18994140625,1832.22998046875,1835.1700439453125,0,0.0,0.0
2026-07-17 11:00:00+00:00,1835.199951171875,1841.1800537109375,1831.5400390625,1837.4200439453125,0,0.0,0.0
2026-07-17 12:00:00+00:00,1837.550048828125,1838.3599853515625,1825.6800537109375,1826.77001953125,0,0.0,0.0
2026-07-17 13:00:00+00:00,1826.8800048828125,1827.4599609375,1802.0899658203125,1823.3299560546875,346223616,0.0,0.0
2026-07-17 14:00:00+00:00,1823.4599609375,1832.0899658203125,1815.6500244140625,1820.530029296875,51596288,0.0,0.0
2026-07-17 15:00:00+00:00,1820.6099853515625,1829.8599853515625,1809.47998046875,1829.3599853515625,0,0.0,0.0
2026-07-17 16:00:00+00:00,1828.81005859375,1839.1500244140625,1825.1199951171875,1834.8499755859375,19566592,0.0,0.0
2026-07-17 17:00:00+00:00,1835.530029296875,1855.18994140625,1835.52001953125,1842.6300048828125,169900032,0.0,0.0
2026-07-17 18:00:00+00:00,1842.6700439453125,1848.68994140625,1833.8699951171875,1845.97998046875,0,0.0,0.0
2026-07-17 19:00:00+00:00,1845.5799560546875,1846.030029296875,1835.02001953125,1842.199951171875,129830912,0.0,0.0
2026-07-17 20:00:00+00:00,1841.949951171875,1845.280029296875,1836.1800537109375,1841.739990234375,0,0.0,0.0
2026-07-17 21:00:00+00:00,1841.6300048828125,1845.5999755859375,1839.8199462890625,1840.43994140625,0,0.0,0.0
2026-07-17 22:00:00+00:00,1840.7900390625,1842.6800537109375,1836.25,1838.6300048828125,0,0.0,0.0
2026-07-17 23:00:00+00:00,1838.6500244140625,1843.2900390625,1834.0,1840.739990234375,0,0.0,0.0
2026-07-18 00:00:00+00:00,1840.9300537109375,1843.7900390625,1838.8900146484375,1839.8599853515625,0,0.0,0.0
2026-07-18 01:00:00+00:00,1839.699951171875,1842.1700439453125,1838.300048828125,1841.300048828125,0,0.0,0.0
2026-07-18 02:00:00+00:00,1841.8699951171875,1845.7099609375,1840.3199462890625,1841.0,0,0.0,0.0
2026-07-18 03:00:00+00:00,1840.8499755859375,1845.239990234375,1840.43994140625,1844.81005859375,0,0.0,0.0
2026-07-18 04:00:00+00:00,1844.9200439453125,1845.0699462890625,1841.25,1843.3499755859375,0,0.0,0.0
2026-07-18 05:00:00+00:00,1843.3900146484375,1848.0,1841.8800048828125,1844.6199951171875,0,0.0,0.0
2026-07-18 06:00:00+00:00,1844.75,1846.77001953125,1841.9000244140625,1843.6099853515625,0,0.0,0.0
2026-07-18 07:00:00+00:00,1843.6099853515625,1844.9000244140625,1841.7900390625,1843.030029296875,0,0.0,0.0
2026-07-18 08:00:00+00:00,1843.239990234375,1848.02001953125,1841.199951171875,1846.18994140625,0,0.0,0.0
2026-07-18 09:00:00+00:00,1846.31005859375,1846.7900390625,1841.8399658203125,1843.8699951171875,0,0.0,0.0
2026-07-18 10:00:00+00:00,1843.68994140625,1845.47998046875,1842.9000244140625,1844.18994140625,0,0.0,0.0
2026-07-18 11:00:00+00:00,1844.18994140625,1845.4100341796875,1842.949951171875,1844.1700439453125,0,0.0,0.0
2026-07-18 12:00:00+00:00,1844.1700439453125,1849.0699462890625,1839.199951171875,1843.4100341796875,0,0.0,0.0
2026-07-18 13:00:00+00:00,1842.8800048828125,1843.02001953125,1836.25,1840.31005859375,0,0.0,0.0
2026-07-18 14:00:00+00:00,1840.489990234375,1845.0899658203125,1839.6099853515625,1844.550048828125,0,0.0,0.0
2026-07-18 15:00:00+00:00,1844.760009765625,1844.949951171875,1840.8599853515625,1842.5,0,0.0,0.0
2026-07-18 16:00:00+00:00,1842.5,1845.68994140625,1840.5,1844.510009765625,0,0.0,0.0
2026-07-18 17:00:00+00:00,1844.719970703125,1852.1800537109375,1842.010009765625,1851.4100341796875,0,0.0,0.0
2026-07-18 18:00:00+00:00,1851.699951171875,1864.030029296875,1848.719970703125,1856.2900390625,98165248,0.0,0.0
2026-07-18 19:00:00+00:00,1856.760009765625,1860.1400146484375,1854.5699462890625,1857.239990234375,7000064,0.0,0.0
2026-07-18 20:00:00+00:00,1857.3499755859375,1861.8699951171875,1854.5400390625,1855.9200439453125,0,0.0,0.0
2026-07-18 21:00:00+00:00,1856.2900390625,1861.6400146484375,1854.6400146484375,1859.6400146484375,90032640,0.0,0.0
2026-07-18 22:00:00+00:00,1859.4100341796875,1864.31005859375,1858.780029296875,1862.4200439453125,31182848,0.0,0.0
2026-07-18 23:00:00+00:00,1862.3299560546875,1863.1199951171875,1858.81005859375,1861.5400390625,1517056,0.0,0.0
2026-07-19 00:00:00+00:00,1861.6199951171875,1862.27001953125,1858.010009765625,1860.1199951171875,25963520,0.0,0.0
2026-07-19 01:00:00+00:00,1860.1700439453125,1860.3699951171875,1857.4000244140625,1857.8699951171875,120525824,0.0,0.0
2026-07-19 02:00:00+00:00,1857.8199462890625,1875.800048828125,1857.8199462890625,1870.25,217775616,0.0,0.0
2026-07-19 03:00:00+00:00,1871.699951171875,1871.7099609375,1862.5999755859375,1866.06005859375,100541952,0.0,0.0
2026-07-19 04:00:00+00:00,1865.4000244140625,1869.0,1863.0699462890625,1866.0899658203125,0,0.0,0.0
2026-07-19 05:00:00+00:00,1866.469970703125,1869.18994140625,1864.5,1867.1700439453125,107537920,0.0,0.0
2026-07-19 06:00:00+00:00,1867.1800537109375,1870.199951171875,1866.8299560546875,1867.9000244140625,10792448,0.0,0.0
2026-07-19 07:00:00+00:00,1867.77001953125,1870.6400146484375,1865.9100341796875,1868.0400390625,199072256,0.0,0.0
2026-07-19 08:00:00+00:00,1869.0999755859375,1874.1500244140625,1866.4599609375,1872.5,0,0.0,0.0
2026-07-19 09:00:00+00:00,1872.699951171875,1872.8299560546875,1864.25,1865.199951171875,147283968,0.0,0.0
2026-07-19 10:00:00+00:00,1865.050048828125,1876.219970703125,1863.02001953125,1870.949951171875,36474880,0.0,0.0
2026-07-19 11:00:00+00:00,1871.030029296875,1877.27001953125,1869.0400390625,1870.050048828125,249950208,0.0,0.0
2026-07-19 12:00:00+00:00,1869.9599609375,1873.0,1863.260009765625,1869.1199951171875,80382976,0.0,0.0
2026-07-19 13:00:00+00:00,1869.1199951171875,1872.3499755859375,1864.5999755859375,1870.4200439453125,482418176,0.0,0.0
2026-07-19 14:00:00+00:00,1870.5,1877.4300537109375,1867.3299560546875,1873.31005859375,104725504,0.0,0.0
2026-07-19 15:00:00+00:00,1873.2099609375,1874.739990234375,1867.5,1869.6600341796875,114216448,0.0,0.0
2026-07-19 16:00:00+00:00,1869.5799560546875,1872.3800048828125,1864.510009765625,1865.3599853515625,16558592,0.0,0.0
2026-07-19 17:00:00+00:00,1865.1400146484375,1872.1600341796875,1858.68994140625,1865.9300537109375,168103936,0.0,0.0
2026-07-19 18:00:00+00:00,1865.8900146484375,1866.56005859375,1853.9000244140625,1859.3199462890625,0,0.0,0.0
2026-07-19 19:00:00+00:00,1860.1099853515625,1861.3900146484375,1853.550048828125,1860.75,0,0.0,0.0
2026-07-19 20:00:00+00:00,1861.300048828125,1865.760009765625,1860.719970703125,1865.760009765625,0,0.0,0.0
2026-07-19 21:00:00+00:00,1866.02001953125,1866.3599853515625,1856.0899658203125,1860.75,0,0.0,0.0
2026-07-19 22:00:00+00:00,1858.739990234375,1875.7099609375,1855.97998046875,1869.1099853515625,283789824,0.0,0.0
2026-07-19 23:00:00+00:00,1869.280029296875,1873.300048828125,1863.739990234375,1870.8599853515625,134061568,0.0,0.0
2026-07-20 00:00:00+00:00,1871.010009765625,1890.199951171875,1861.260009765625,1870.6099853515625,410116608,0.0,0.0
2026-07-20 01:00:00+00:00,1870.8800048828125,1887.8399658203125,1864.2900390625,1867.81005859375,221141504,0.0,0.0
2026-07-20 02:00:00+00:00,1867.6400146484375,1881.3199462890625,1866.449951171875,1877.530029296875,18837504,0.0,0.0
2026-07-20 03:00:00+00:00,1877.5899658203125,1880.8199462890625,1869.4100341796875,1878.0999755859375,0,0.0,0.0
2026-07-20 04:00:00+00:00,1878.3399658203125,1878.47998046875,1866.949951171875,1867.0799560546875,167071744,0.0,0.0
2026-07-20 05:00:00+00:00,1867.5799560546875,1868.4000244140625,1850.300048828125,1853.800048828125,382388224,0.0,0.0
2026-07-20 06:00:00+00:00,1854.4000244140625,1858.449951171875,1842.8399658203125,1848.0,346507776,0.0,0.0
2026-07-20 07:00:00+00:00,1848.4100341796875,1863.8800048828125,1847.780029296875,1862.3800048828125,153393664,0.0,0.0
2026-07-20 08:00:00+00:00,1861.6199951171875,1866.9599609375,1852.510009765625,1859.1800537109375,386584576,0.0,0.0
2026-07-20 09:00:00+00:00,1859.02001953125,1865.6800537109375,1856.239990234375,1862.4000244140625,115015680,0.0,0.0
2026-07-20 10:00:00+00:00,1862.5699462890625,1869.6800537109375,1861.1400146484375,1867.239990234375,20292608,0.0,0.0
2026-07-20 11:00:00+00:00,1867.699951171875,1894.75,1866.300048828125,1891.56005859375,437598208,0.0,0.0
2026-07-20 12:00:00+00:00,1891.93994140625,1891.93994140625,1870.199951171875,1871.300048828125,248122368,0.0,0.0
2026-07-20 13:00:00+00:00,1871.3499755859375,1878.300048828125,1855.75,1860.6700439453125,0,0.0,0.0
2026-07-20 14:00:00+00:00,1860.1199951171875,1869.699951171875,1851.77001953125,1866.18994140625,400651264,0.0,0.0
2026-07-20 15:00:00+00:00,1867.0799560546875,1902.02001953125,1866.0,1901.0899658203125,513133568,0.0,0.0
2026-07-20 16:00:00+00:00,1901.6099853515625,1905.5,1892.4300537109375,1898.1199951171875,680028160,0.0,0.0
2026-07-20 17:00:00+00:00,1897.3299560546875,1908.1099853515625,1893.9599609375,1906.3299560546875,0,0.0,0.0
2026-07-20 18:00:00+00:00,1906.489990234375,1916.9300537109375,1896.199951171875,1898.010009765625,654145536,0.0,0.0
2026-07-20 19:00:00+00:00,1897.6600341796875,1899.8199462890625,1888.699951171875,1897.4000244140625,314568704,0.0,0.0
2026-07-20 20:00:00+00:00,1898.9300537109375,1905.4100341796875,1894.6099853515625,1903.5400390625,200343552,0.0,0.0
2026-07-20 21:00:00+00:00,1903.199951171875,1906.3199462890625,1900.47998046875,1901.050048828125,46129152,0.0,0.0
2026-07-20 22:00:00+00:00,1900.8399658203125,1900.8399658203125,1892.9000244140625,1894.5899658203125,0,0.0,0.0
2026-07-20 23:00:00+00:00,1894.56005859375,1904.0,1894.050048828125,1903.5400390625,0,0.0,0.0
2026-07-21 00:00:00+00:00,1903.47998046875,1916.800048828125,1899.56005859375,1913.9000244140625,22404096,0.0,0.0
2026-07-21 01:00:00+00:00,1913.260009765625,1916.9100341796875,1905.9000244140625,1906.300048828125,0,0.0,0.0
2026-07-21 02:00:00+00:00,1906.43994140625,1920.3699951171875,1903.3199462890625,1916.1700439453125,0,0.0,0.0
2026-07-21 03:00:00+00:00,1916.050048828125,1927.0999755859375,1915.5999755859375,1925.6400146484375,345233408,0.0,0.0
2026-07-21 04:00:00+00:00,1925.4599609375,1929.8399658203125,1921.27001953125,1923.3599853515625,115582976,0.0,0.0
2026-07-21 05:00:00+00:00,1923.0,1933.989990234375,1920.72998046875,1929.260009765625,0,0.0,0.0
2026-07-21 06:00:00+00:00,1929.0999755859375,1938.3599853515625,1926.5,1933.5899658203125,0,0.0,0.0
2026-07-21 07:00:00+00:00,1933.4000244140625,1937.8800048828125,1932.1600341796875,1932.8900146484375,175343616,0.0,0.0
2026-07-21 08:00:00+00:00,1932.77001953125,1949.3699951171875,1930.3699951171875,1938.6199951171875,379593728,0.0,0.0
2026-07-21 09:00:00+00:00,1938.25,1942.280029296875,1935.68994140625,1940.800048828125,494123008,0.0,0.0
2026-07-21 10:00:00+00:00,1940.8499755859375,1945.81005859375,1931.06005859375,1932.8499755859375,287088640,0.0,0.0
2026-07-21 11:00:00+00:00,1932.9599609375,1936.0699462890625,1926.239990234375,1934.6099853515625,400860160,0.0,0.0
2026-07-21 12:00:00+00:00,1934.760009765625,1944.1400146484375,1931.6500244140625,1941.6099853515625,0,0.0,0.0
2026-07-21 13:00:00+00:00,1941.300048828125,1942.550048828125,1926.199951171875,1938.93994140625,0,0.0,0.0
2026-07-21 14:00:00+00:00,1938.530029296875,1942.75,1926.1199951171875,1930.1500244140625,220418048,0.0,0.0
2026-07-21 15:00:00+00:00,1930.010009765625,1931.449951171875,1922.5,1930.760009765625,0,0.0,0.0
2026-07-21 16:00:00+00:00,1930.989990234375,1934.4300537109375,1920.719970703125,1925.300048828125,0,0.0,0.0
2026-07-21 17:00:00+00:00,1925.0400390625,1927.1800537109375,1915.199951171875,1917.300048828125,115570688,0.0,0.0
2026-07-21 18:00:00+00:00,1917.4599609375,1921.6800537109375,1914.25,1918.949951171875,0,0.0,0.0
2026-07-21 19:00:00+00:00,1918.8800048828125,1925.4000244140625,1917.3399658203125,1922.6400146484375,103004160,0.0,0.0
2026-07-21 20:00:00+00:00,1923.3800048828125,1925.489990234375,1920.43994140625,1922.1800537109375,0,0.0,0.0
2026-07-21 21:00:00+00:00,1922.050048828125,1925.719970703125,1918.81005859375,1923.1700439453125,0,0.0,0.0
2026-07-21 22:00:00+00:00,1922.300048828125,1922.93994140625,1917.1300048828125,1919.5999755859375,0,0.0,0.0
2026-07-21 23:00:00+00:00,1919.1600341796875,1929.699951171875,1915.699951171875,1928.6300048828125,11185152,0.0,0.0
2026-07-22 00:00:00+00:00,1929.0999755859375,1942.8199462890625,1927.800048828125,1938.1300048828125,118526976,0.0,0.0
2026-07-22 01:00:00+00:00,1938.47998046875,1939.199951171875,1927.239990234375,1932.4200439453125,0,0.0,0.0
2026-07-22 02:00:00+00:00,1931.739990234375,1935.239990234375,1925.5400390625,1929.0699462890625,248481792,0.0,0.0
2026-07-22 03:00:00+00:00,1928.72998046875,1934.6300048828125,1925.4000244140625,1927.5,0,0.0,0.0
2026-07-22 04:00:00+00:00,1926.8399658203125,1937.989990234375,1926.8399658203125,1935.489990234375,161551360,0.0,0.0
2026-07-22 05:00:00+00:00,1935.739990234375,1935.739990234375,1916.9000244140625,1918.0799560546875,84629504,0.0,0.0
2026-07-22 06:00:00+00:00,1918.8599853515625,1919.8499755859375,1912.199951171875,1916.27001953125,0,0.0,0.0
2026-07-22 07:00:00+00:00,1916.8800048828125,1917.8299560546875,1909.47998046875,1912.8800048828125,36570112,0.0,0.0
2026-07-22 08:00:00+00:00,1912.68994140625,1923.9000244140625,1912.68994140625,1919.800048828125,0,0.0,0.0
2026-07-22 09:00:00+00:00,1919.6099853515625,1925.0799560546875,1918.199951171875,1923.199951171875,0,0.0,0.0
2026-07-22 10:00:00+00:00,1923.5,1932.3699951171875,1921.9100341796875,1929.4100341796875,0,0.0,0.0
2026-07-22 11:00:00+00:00,1929.199951171875,1930.1600341796875,1921.2099609375,1926.1600341796875,0,0.0,0.0
2026-07-22 12:00:00+00:00,1926.1600341796875,1926.1600341796875,1912.4100341796875,1915.5899658203125,0,0.0,0.0
2026-07-22 13:00:00+00:00,1915.72998046875,1941.1400146484375,1915.4000244140625,1938.81005859375,62473216,0.0,0.0
2026-07-22 14:00:00+00:00,1938.5,1952.7900390625,1921.6400146484375,1932.1199951171875,196362240,0.0,0.0
2026-07-22 15:00:00+00:00,1932.699951171875,1951.300048828125,1932.0999755859375,1941.949951171875,99439616,0.0,0.0
2026-07-22 16:00:00+00:00,1942.06005859375,1955.5999755859375,1935.4200439453125,1949.4200439453125,286225408,0.0,0.0
2026-07-22 17:00:00+00:00,1949.0999755859375,1949.5999755859375,1934.1500244140625,1937.6600341796875,0,0.0,0.0
2026-07-22 18:00:00+00:00,1937.739990234375,1939.18994140625,1922.699951171875,1929.9100341796875,42691584,0.0,0.0
2026-07-22 19:00:00+00:00,1929.8800048828125,1931.0400390625,1920.0799560546875,1924.300048828125,0,0.0,0.0
2026-07-22 20:00:00+00:00,1923.5400390625,1929.5,1921.800048828125,1926.030029296875,89472000,0.0,0.0
2026-07-22 21:00:00+00:00,1925.93994140625,1938.6300048828125,1925.93994140625,1937.9300537109375,21653504,0.0,0.0
2026-07-22 22:00:00+00:00,1936.2099609375,1938.030029296875,1930.0,1937.4300537109375,8547328,0.0,0.0
2026-07-22 23:00:00+00:00,1937.449951171875,1937.449951171875,1922.8800048828125,1933.5400390625,170516480,0.0,0.0
2026-07-23 00:00:00+00:00,1933.8900146484375,1940.6500244140625,1931.4000244140625,1931.4000244140625,0,0.0,0.0
2026-07-23 01:00:00+00:00,1931.52001953125,1935.8399658203125,1925.9000244140625,1927.6500244140625,0,0.0,0.0
2026-07-23 02:00:00+00:00,1927.43994140625,1928.6400146484375,1921.4200439453125,1926.3399658203125,0,0.0,0.0
2026-07-23 03:00:00+00:00,1926.77001953125,1926.969970703125,1917.4599609375,1919.530029296875,0,0.0,0.0
2026-07-23 04:00:00+00:00,1919.530029296875,1925.06005859375,1917.6099853515625,1918.4599609375,0,0.0,0.0
2026-07-23 05:00:00+00:00,1918.760009765625,1927.6099853515625,1917.0699462890625,1921.949951171875,0,0.0,0.0
2026-07-23 06:00:00+00:00,1921.510009765625,1925.9599609375,1920.0400390625,1924.4000244140625,0,0.0,0.0
2026-07-23 07:00:00+00:00,1924.2099609375,1924.2099609375,1911.1400146484375,1914.199951171875,9307136,0.0,0.0
2026-07-23 08:00:00+00:00,1914.300048828125,1926.1199951171875,1913.0999755859375,1925.550048828125,0,0.0,0.0
2026-07-23 09:00:00+00:00,1925.7900390625,1930.3800048828125,1922.3699951171875,1923.1800537109375,24972288,0.0,0.0
2026-07-23 10:00:00+00:00,1923.5,1929.5999755859375,1920.510009765625,1927.300048828125,0,0.0,0.0
2026-07-23 11:00:00+00:00,1927.31005859375,1928.4599609375,1924.0,1925.260009765625,187890688,0.0,0.0
2026-07-23 12:00:00+00:00,1925.0699462890625,1927.1199951171875,1894.0799560546875,1903.0999755859375,602942464,0.0,0.0
2026-07-23 13:00:00+00:00,1903.550048828125,1908.1099853515625,1894.5799560546875,1897.3499755859375,141457408,0.0,0.0
2026-07-23 14:00:00+00:00,1897.8299560546875,1905.7099609375,1891.6600341796875,1895.6500244140625,0,0.0,0.0
2026-07-23 15:00:00+00:00,1895.2900390625,1896.22998046875,1881.6099853515625,1893.800048828125,149018624,0.0,0.0
2026-07-23 16:00:00+00:00,1893.699951171875,1893.699951171875,1883.31005859375,1886.31005859375,0,0.0,0.0
2026-07-23 17:00:00+00:00,1886.0999755859375,1890.449951171875,1875.949951171875,1877.0,0,0.0,0.0
2026-07-23 18:00:00+00:00,1877.0999755859375,1882.760009765625,1874.3299560546875,1879.6400146484375,0,0.0,0.0
2026-07-23 19:00:00+00:00,1879.68994140625,1882.0999755859375,1868.0,1874.1400146484375,126646272,0.0,0.0
2026-07-23 20:00:00+00:00,1873.8599853515625,1887.300048828125,1872.9300537109375,1884.469970703125,106947584,0.0,0.0
2026-07-23 21:00:00+00:00,1884.449951171875,1887.2900390625,1879.300048828125,1881.199951171875,1292288,0.0,0.0
2026-07-23 22:00:00+00:00,1881.219970703125,1882.6199951171875,1873.260009765625,1881.969970703125,0,0.0,0.0
2026-07-23 23:00:00+00:00,1882.02001953125,1883.1400146484375,1874.3199462890625,1876.9100341796875,9474048,0.0,0.0
2026-07-24 00:00:00+00:00,1877.31005859375,1877.6099853515625,1860.8699951171875,1869.949951171875,55420928,0.0,0.0
2026-07-24 01:00:00+00:00,1870.1500244140625,1876.199951171875,1869.1800537109375,1871.219970703125,188833792,0.0,0.0
2026-07-24 02:00:00+00:00,1871.5999755859375,1877.1500244140625,1863.1099853515625,1867.8199462890625,0,0.0,0.0
2026-07-24 03:00:00+00:00,1867.8199462890625,1879.6400146484375,1866.4000244140625,1879.199951171875,106137600,0.0,0.0
2026-07-24 04:00:00+00:00,1879.4300537109375,1880.4000244140625,1873.2099609375,1874.56005859375,0,0.0,0.0
2026-07-24 05:00:00+00:00,1874.800048828125,1880.7900390625,1872.0,1879.280029296875,44023808,0.0,0.0
2026-07-24 06:00:00+00:00,1879.280029296875,1887.030029296875,1877.68994140625,1886.72998046875,107834368,0.0,0.0
2026-07-24 07:00:00+00:00,1887.0,1908.02001953125,1887.0,1894.6600341796875,115160064,0.0,0.0
2026-07-24 08:00:00+00:00,1894.68994140625,1894.8699951171875,1885.5,1886.6600341796875,43315200,0.0,0.0
2026-07-24 09:00:00+00:00,1886.8199462890625,1887.8900146484375,1878.4000244140625,1886.6600341796875,0,0.0,0.0
2026-07-24 10:00:00+00:00,1886.68994140625,1887.1199951171875,1878.8499755859375,1882.4000244140625,43838464,0.0,0.0
2026-07-24 11:00:00+00:00,1882.260009765625,1883.2900390625,1875.1199951171875,1882.760009765625,0,0.0,0.0
2026-07-24 12:00:00+00:00,1882.0799560546875,1884.3800048828125,1870.1600341796875,1870.72998046875,0,0.0,0.0
2026-07-24 13:00:00+00:00,1872.5999755859375,1873.27001953125,1846.6099853515625,1854.719970703125,85622784,0.0,0.0
2026-07-24 14:00:00+00:00,1855.9100341796875,1861.0899658203125,1846.0899658203125,1861.030029296875,65539072,0.0,0.0
2026-07-24 15:00:00+00:00,1860.050048828125,1867.510009765625,1852.300048828125,1860.0,0,0.0,0.0
2026-07-24 16:00:00+00:00,1860.0400390625,1864.5,1851.699951171875,1855.5999755859375,74121216,0.0,0.0
2026-07-24 17:00:00+00:00,1855.5400390625,1865.0,1853.0899658203125,1864.9000244140625,86296576,0.0,0.0
2026-07-24 18:00:00+00:00,1865.06005859375,1865.06005859375,1856.6500244140625,1860.800048828125,0,0.0,0.0
2026-07-24 19:00:00+00:00,1861.3199462890625,1862.699951171875,1856.1500244140625,1862.0,0,0.0,0.0
2026-07-24 20:00:00+00:00,1861.9200439453125,1863.6700439453125,1856.6500244140625,1859.22998046875,0,0.0,0.0
2026-07-24 21:00:00+00:00,1859.2099609375,1859.5899658203125,1855.3499755859375,1855.6199951171875,0,0.0,0.0
2026-07-24 22:00:00+00:00,1855.6199951171875,1860.0,1855.010009765625,1857.6800537109375,0,0.0,0.0
2026-07-24 23:00:00+00:00,1857.6700439453125,1860.3699951171875,1857.25,1860.010009765625,98689024,0.0,0.0
2026-07-25 00:00:00+00:00,1859.8900146484375,1862.989990234375,1855.5699462890625,1858.510009765625,0,0.0,0.0
2026-07-25 01:00:00+00:00,1858.7099609375,1862.0899658203125,1856.47998046875,1858.5,0,0.0,0.0
2026-07-25 02:00:00+00:00,1858.5999755859375,1860.0400390625,1856.530029296875,1857.9300537109375,0,0.0,0.0
2026-07-25 03:00:00+00:00,1857.8499755859375,1858.9599609375,1854.3800048828125,1856.9200439453125,0,0.0,0.0
2026-07-25 04:00:00+00:00,1856.969970703125,1860.949951171875,1856.93994140625,1859.6400146484375,0,0.0,0.0
2026-07-25 05:00:00+00:00,1859.6300048828125,1861.2099609375,1855.1800537109375,1856.6400146484375,109081600,0.0,0.0
2026-07-25 06:00:00+00:00,1856.5799560546875,1858.56005859375,1853.0,1857.1800537109375,0,0.0,0.0
2026-07-25 07:00:00+00:00,1856.9000244140625,1857.1199951171875,1854.489990234375,1854.489990234375,0,0.0,0.0
2026-07-25 08:00:00+00:00,1853.449951171875,1854.47998046875,1849.260009765625,1852.0799560546875,0,0.0,0.0
2026-07-25 09:00:00+00:00,1852.1099853515625,1857.1600341796875,1850.219970703125,1856.5400390625,0,0.0,0.0
2026-07-25 10:00:00+00:00,1856.75,1857.489990234375,1854.8499755859375,1856.77001953125,3575296,0.0,0.0
2026-07-25 11:00:00+00:00,1856.77001953125,1858.199951171875,1855.800048828125,1856.06005859375,0,0.0,0.0
2026-07-25 12:00:00+00:00,1856.0899658203125,1858.4300537109375,1855.0999755859375,1858.3699951171875,0,0.0,0.0
2026-07-25 13:00:00+00:00,1858.3599853515625,1869.2900390625,1857.8800048828125,1865.260009765625,0,0.0,0.0
2026-07-25 14:00:00+00:00,1865.530029296875,1867.4300537109375,1863.510009765625,1867.050048828125,0,0.0,0.0
2026-07-25 15:00:00+00:00,1866.8599853515625,1869.6199951171875,1865.4000244140625,1866.0999755859375,0,0.0,0.0
2026-07-25 16:00:00+00:00,1866.47998046875,1868.75,1862.969970703125,1866.3299560546875,0,0.0,0.0
2026-07-25 17:00:00+00:00,1866.5999755859375,1872.6199951171875,1866.25,1871.3599853515625,0,0.0,0.0
2026-07-25 18:00:00+00:00,1871.6300048828125,1874.5400390625,1870.530029296875,1873.739990234375,36657152,0.0,0.0
2026-07-25 19:00:00+00:00,1873.699951171875,1874.8499755859375,1872.6099853515625,1873.06005859375,0,0.0,0.0
2026-07-25 20:00:00+00:00,1873.2900390625,1873.2900390625,1868.8599853515625,1870.5,0,0.0,0.0
2026-07-25 21:00:00+00:00,1870.510009765625,1873.0799560546875,1866.4300537109375,1870.989990234375,0,0.0,0.0
2026-07-25 22:00:00+00:00,1871.0699462890625,1875.31005859375,1870.5,1874.1500244140625,0,0.0,0.0
2026-07-25 23:00:00+00:00,1874.3599853515625,1874.6800537109375,1871.6099853515625,1873.050048828125,41482240,0.0,0.0
2026-07-26 00:00:00+00:00,1873.010009765625,1879.5899658203125,1872.1600341796875,1879.5899658203125,0,0.0,0.0
2026-07-26 01:00:00+00:00,1879.4599609375,1879.9599609375,1876.0999755859375,1877.0400390625,41125120,0.0,0.0
2026-07-26 02:00:00+00:00,1877.1300048828125,1879.8199462890625,1875.47998046875,1879.1400146484375,0,0.0,0.0
2026-07-26 03:00:00+00:00,1879.1500244140625,1882.4000244140625,1877.2900390625,1880.5899658203125,0,0.0,0.0
2026-07-26 04:00:00+00:00,1880.81005859375,1887.4000244140625,1878.5899658203125,1884.6800537109375,79518976,0.0,0.0
2026-07-26 05:00:00+00:00,1884.969970703125,1885.780029296875,1881.739990234375,1881.739990234375,0,0.0,0.0
2026-07-26 06:00:00+00:00,1881.5999755859375,1883.6300048828125,1876.8599853515625,1883.3800048828125,82647552,0.0,0.0
2026-07-26 07:00:00+00:00,1883.6300048828125,1884.6199951171875,1878.989990234375,1879.8499755859375,28114944,0.0,0.0
2026-07-26 08:00:00+00:00,1879.8699951171875,1880.8800048828125,1877.68994140625,1879.8299560546875,0,0.0,0.0
2026-07-26 09:00:00+00:00,1879.8399658203125,1884.0,1879.5400390625,1882.0899658203125,0,0.0,0.0
2026-07-26 10:00:00+00:00,1882.27001953125,1885.8599853515625,1880.699951171875,1884.3199462890625,0,0.0,0.0
2026-07-26 11:00:00+00:00,1884.2099609375,1886.0699462890625,1883.0400390625,1884.22998046875,0,0.0,0.0
2026-07-26 12:00:00+00:00,1884.4100341796875,1890.800048828125,1883.81005859375,1884.780029296875,66813952,0.0,0.0
2026-07-26 13:00:00+00:00,1884.8499755859375,1887.219970703125,1880.5699462890625,1885.010009765625,0,0.0,0.0
2026-07-26 14:00:00+00:00,1885.0699462890625,1897.8399658203125,1885.0699462890625,1896.93994140625,179477760,0.0,0.0
2026-07-26 15:00:00+00:00,1897.0799560546875,1914.77001953125,1896.239990234375,1913.2900390625,322856192,0.0,0.0
2026-07-26 16:00:00+00:00,1914.27001953125,1926.0799560546875,1907.22998046875,1914.52001953125,341092864,0.0,0.0
2026-07-26 17:00:00+00:00,1914.5899658203125,1916.030029296875,1909.0999755859375,1909.550048828125,94464512,0.0,0.0
2026-07-26 18:00:00+00:00,1909.550048828125,1914.4300537109375,1909.280029296875,1912.739990234375,0,0.0,0.0
2026-07-26 19:00:00+00:00,1912.739990234375,1914.1600341796875,1910.2099609375,1912.47998046875,40250880,0.0,0.0
2026-07-26 20:00:00+00:00,1912.550048828125,1913.0,1909.800048828125,1912.02001953125,11354112,0.0,0.0
2026-07-26 21:00:00+00:00,1912.4000244140625,1927.6800537109375,1912.0999755859375,1924.1800537109375,208066048,0.0,0.0
2026-07-26 22:00:00+00:00,1931.3499755859375,1950.3900146484375,1931.3499755859375,1947.9100341796875,661330944,0.0,0.0
2026-07-26 23:00:00+00:00,1950.5999755859375,1963.9000244140625,1945.9300537109375,1952.8900146484375,828445696,0.0,0.0
2026-07-27 00:00:00+00:00,1953.3499755859375,1953.3499755859375,1937.9100341796875,1940.6800537109375,389862400,0.0,0.0
2026-07-27 01:00:00+00:00,1940.760009765625,1946.6400146484375,1934.780029296875,1946.300048828125,168356352,0.0,0.0
2026-07-27 02:00:00+00:00,1946.52001953125,1947.5899658203125,1939.949951171875,1941.25,346457088,0.0,0.0
2026-07-27 03:00:00+00:00,1941.5699462890625,1949.06005859375,1940.6800537109375,1948.02001953125,121448448,0.0,0.0
2026-07-27 04:00:00+00:00,1948.06005859375,1960.050048828125,1946.8900146484375,1951.6400146484375,319176704,0.0,0.0
2026-07-27 05:00:00+00:00,1951.780029296875,1967.3699951171875,1950.469970703125,1963.9200439453125,371980800,0.0,0.0
2026-07-27 06:00:00+00:00,1963.6400146484375,1975.4300537109375,1962.02001953125,1966.5,718934528,0.0,0.0
2026-07-27 07:00:00+00:00,1966.760009765625,1969.8399658203125,1959.989990234375,1963.0,464848896,0.0,0.0
2026-07-27 08:00:00+00:00,1963.9200439453125,1966.9000244140625,1960.510009765625,1963.300048828125,424756224,0.0,0.0
2026-07-27 09:00:00+00:00,1962.3199462890625,1966.5899658203125,1955.5999755859375,1963.31005859375,310681600,0.0,0.0
2026-07-27 10:00:00+00:00,1963.18994140625,1970.199951171875,1961.9000244140625,1965.9200439453125,160754688,0.0,0.0
2026-07-27 11:00:00+00:00,1965.199951171875,1965.280029296875,1956.43994140625,1957.8900146484375,119992320,0.0,0.0
2026-07-27 12:00:00+00:00,1958.300048828125,1962.949951171875,1941.4000244140625,1956.0899658203125,426284032,0.0,0.0
2026-07-27 13:00:00+00:00,1956.22998046875,1975.4100341796875,1948.68994140625,1958.989990234375,527452160,0.0,0.0
2026-07-27 14:00:00+00:00,1958.9000244140625,1964.699951171875,1918.1500244140625,1930.1700439453125,1285338112,0.0,0.0
2026-07-27 15:00:00+00:00,1929.9000244140625,1935.489990234375,1923.22998046875,1925.510009765625,82865152,0.0,0.0
2026-07-27 16:00:00+00:00,1925.8900146484375,1944.6600341796875,1920.7900390625,1938.5,0,0.0,0.0
2026-07-27 17:00:00+00:00,1938.02001953125,1944.1700439453125,1932.9599609375,1941.9000244140625,162603008,0.0,0.0
2026-07-27 18:00:00+00:00,1941.949951171875,1942.5899658203125,1927.1700439453125,1937.199951171875,217550848,0.0,0.0
2026-07-27 19:00:00+00:00,1937.22998046875,1953.5899658203125,1935.530029296875,1946.8199462890625,340981760,0.0,0.0
2026-07-27 20:00:00+00:00,1948.25,1948.6700439453125,1941.5,1945.030029296875,140779520,0.0,0.0
2026-07-27 21:00:00+00:00,1944.9300537109375,1948.06005859375,1939.1099853515625,1940.0,171491328,0.0,0.0
2026-07-27 22:00:00+00:00,1939.989990234375,1939.989990234375,1890.8800048828125,1892.0,0,0.0,0.0
2026-07-27 23:00:00+00:00,1889.2099609375,1894.199951171875,1882.199951171875,1890.6700439453125,263668736,0.0,0.0
2026-07-28 00:00:00+00:00,1891.1099853515625,1892.780029296875,1876.030029296875,1877.1099853515625,66597888,0.0,0.0
2026-07-28 01:00:00+00:00,1877.0999755859375,1880.9100341796875,1865.5999755859375,1874.1500244140625,351315968,0.0,0.0
2026-07-28 02:00:00+00:00,1873.800048828125,1878.469970703125,1870.9000244140625,1874.0,0,0.0,0.0
2026-07-28 03:00:00+00:00,1874.199951171875,1881.449951171875,1870.949951171875,1879.530029296875,129515520,0.0,0.0
2026-07-28 04:00:00+00:00,1879.02001953125,1880.800048828125,1874.6600341796875,1877.3699951171875,0,0.0,0.0
2026-07-28 05:00:00+00:00,1877.260009765625,1887.510009765625,1876.6300048828125,1881.31005859375,69163008,0.0,0.0
2026-07-28 06:00:00+00:00,1881.0,1886.5999755859375,1876.699951171875,1886.5999755859375,0,0.0,0.0
2026-07-28 07:00:00+00:00,1886.510009765625,1886.8599853515625,1878.0999755859375,1881.8800048828125,0,0.0,0.0
2026-07-28 08:00:00+00:00,1881.2099609375,1883.6600341796875,1878.260009765625,1882.489990234375,0,0.0,0.0
2026-07-28 09:00:00+00:00,1882.1600341796875,1882.9300537109375,1872.510009765625,1874.260009765625,0,0.0,0.0
2026-07-28 10:00:00+00:00,1873.699951171875,1879.25,1872.010009765625,1876.9200439453125,115728384,0.0,0.0
2026-07-28 11:00:00+00:00,1877.25,1880.22998046875,1869.719970703125,1874.7900390625,4285440,0.0,0.0
2026-07-28 12:00:00+00:00,1874.8199462890625,1891.280029296875,1872.510009765625,1890.4000244140625,0,0.0,0.0
2026-07-28 13:00:00+00:00,1891.0,1894.0899658203125,1856.219970703125,1872.0999755859375,49118208,0.0,0.0
2026-07-28 14:00:00+00:00,1872.3599853515625,1890.989990234375,1865.6500244140625,1886.8900146484375,0,0.0,0.0
2026-07-28 15:00:00+00:00,1886.5899658203125,1922.0999755859375,1882.77001953125,1918.300048828125,532026368,0.0,0.0
2026-07-28 16:00:00+00:00,1917.9100341796875,1926.530029296875,1912.6600341796875,1924.010009765625,92654592,0.0,0.0
2026-07-28 17:00:00+00:00,1923.699951171875,1923.699951171875,1892.0,1899.489990234375,264315904,0.0,0.0
2026-07-28 18:00:00+00:00,1899.97998046875,1912.5999755859375,1899.97998046875,1908.8199462890625,0,0.0,0.0
2026-07-28 19:00:00+00:00,1909.47998046875,1920.1600341796875,1909.280029296875,1919.510009765625,0,0.0,0.0
2026-07-28 20:00:00+00:00,1920.1700439453125,1921.8299560546875,1914.239990234375,1916.1600341796875,126917632,0.0,0.0
2026-07-28 21:00:00+00:00,1916.300048828125,1926.75,1916.260009765625,1921.8499755859375,0,0.0,0.0
2026-07-28 22:00:00+00:00,1923.1199951171875,1924.6400146484375,1907.8499755859375,1909.760009765625,0,0.0,0.0
2026-07-28 23:00:00+00:00,1909.6400146484375,1920.800048828125,1902.010009765625,1919.9000244140625,13274112,0.0,0.0
2026-07-29 00:00:00+00:00,1920.1099853515625,1926.2099609375,1914.56005859375,1915.1700439453125,0,0.0,0.0
2026-07-29 01:00:00+00:00,1914.72998046875,1916.010009765625,1902.9000244140625,1903.27001953125,0,0.0,0.0
2026-07-29 02:00:00+00:00,1903.0999755859375,1917.1199951171875,1898.800048828125,1908.4000244140625,81712128,0.0,0.0
2026-07-29 03:00:00+00:00,1907.9000244140625,1910.5,1888.4100341796875,1890.1600341796875,74291200,0.0,0.0
2026-07-29 04:00:00+00:00,1890.43994140625,1903.5999755859375,1882.18994140625,1903.0400390625,203353088,0.0,0.0
2026-07-29 05:00:00+00:00,1903.239990234375,1912.6600341796875,1901.6099853515625,1910.219970703125,114354176,0.0,0.0
2026-07-29 06:00:00+00:00,1910.22998046875,1918.81005859375,1906.5699462890625,1917.81005859375,25841664,0.0,0.0
2026-07-29 07:00:00+00:00,1918.5899658203125,1922.27001953125,1911.81005859375,1921.280029296875,0,0.0,0.0
2026-07-29 08:00:00+00:00,1922.0,1922.989990234375,1909.8199462890625,1912.8599853515625,0,0.0,0.0
2026-07-29 09:00:00+00:00,1912.75,1922.56005859375,1912.719970703125,1919.97998046875,159523840,0.0,0.0
2026-07-29 10:00:00+00:00,1920.0899658203125,1920.199951171875,1908.5799560546875,1909.9300537109375,0,0.0,0.0
2026-07-29 11:00:00+00:00,1909.8399658203125,1914.9000244140625,1908.3800048828125,1913.010009765625,81691648,0.0,0.0
2026-07-29 12:00:00+00:00,1912.97998046875,1912.97998046875,1901.199951171875,1902.9200439453125,0,0.0,0.0
2026-07-29 13:00:00+00:00,1902.800048828125,1909.0,1896.0699462890625,1907.18994140625,0,0.0,0.0
2026-07-29 14:00:00+00:00,1908.0,1909.06005859375,1888.719970703125,1892.6500244140625,0,0.0,0.0
2026-07-29 15:00:00+00:00,1892.800048828125,1896.0,1884.510009765625,1889.81005859375,0,0.0,0.0
2026-07-29 16:00:00+00:00,1889.530029296875,1896.050048828125,1884.75,1892.56005859375,0,0.0,0.0
2026-07-29 17:00:00+00:00,1892.530029296875,1913.4000244140625,1892.0999755859375,1912.9000244140625,0,0.0,0.0
2026-07-29 18:00:00+00:00,1925.0,1932.0,1892.4000244140625,1918.199951171875,984586240,0.0,0.0
2026-07-29 19:00:00+00:00,1918.199951171875,1920.4000244140625,1883.31005859375,1886.699951171875,467437568,0.0,0.0
2026-07-29 20:00:00+00:00,1886.02001953125,1889.3599853515625,1876.6500244140625,1882.010009765625,355020800,0.0,0.0
2026-07-29 21:00:00+00:00,1881.18994140625,1896.1500244140625,1873.7900390625,1896.1500244140625,172947456,0.0,0.0
2026-07-29 22:00:00+00:00,1896.1300048828125,1908.8800048828125,1896.1300048828125,1904.6600341796875,187397120,0.0,0.0
2026-07-29 23:00:00+00:00,1904.760009765625,1910.56005859375,1900.199951171875,1908.530029296875,0,0.0,0.0
2026-07-30 00:00:00+00:00,1908.300048828125,1912.489990234375,1891.699951171875,1895.2900390625,0,0.0,0.0
2026-07-30 01:00:00+00:00,1896.550048828125,1917.9300537109375,1895.1300048828125,1914.43994140625,458759168,0.0,0.0
2026-07-30 02:00:00+00:00,1914.9000244140625,1917.489990234375,1907.8800048828125,1908.5,0,0.0,0.0
2026-07-30 03:00:00+00:00,1908.5999755859375,1912.6199951171875,1905.199951171875,1907.5400390625,0,0.0,0.0
2026-07-30 04:00:00+00:00,1908.0999755859375,1908.1800537109375,1899.1099853515625,1899.3199462890625,0,0.0,0.0
2026-07-30 05:00:00+00:00,1899.5899658203125,1906.8599853515625,1897.699951171875,1903.800048828125,0,0.0,0.0
2026-07-30 06:00:00+00:00,1903.5999755859375,1904.0999755859375,1896.8299560546875,1898.5999755859375,0,0.0,0.0
2026-07-30 07:00:00+00:00,1898.5999755859375,1905.25,1897.6400146484375,1900.4599609375,0,0.0,0.0
2026-07-30 08:00:00+00:00,1900.989990234375,1914.969970703125,1897.9100341796875,1912.5999755859375,0,0.0,0.0
2026-07-30 09:00:00+00:00,1912.699951171875,1921.0,1911.6099853515625,1915.489990234375,50750464,0.0,0.0
2026-07-30 10:00:00+00:00,1915.489990234375,1919.280029296875,1914.3499755859375,1915.9100341796875,0,0.0,0.0
2026-07-30 11:00:00+00:00,1916.0799560546875,1923.5,1914.1300048828125,1920.550048828125,0,0.0,0.0
2026-07-30 12:00:00+00:00,1921.77001953125,1924.4300537109375,1917.47998046875,1922.8900146484375,171310080,0.0,0.0
2026-07-30 13:00:00+00:00,1923.0400390625,1933.8699951171875,1914.8499755859375,1927.8900146484375,0,0.0,0.0
2026-07-30 14:00:00+00:00,1927.4200439453125,1928.1300048828125,1912.0999755859375,1915.6800537109375,0,0.0,0.0
2026-07-30 15:00:00+00:00,1916.1199951171875,1922.1400146484375,1912.3599853515625,1916.699951171875,0,0.0,0.0
2026-07-30 16:00:00+00:00,1917.22998046875,1923.739990234375,1913.81005859375,1917.3399658203125,0,0.0,0.0
2026-07-30 17:00:00+00:00,1917.300048828125,1923.4100341796875,1914.3499755859375,1918.6700439453125,0,0.0,0.0
2026-07-30 18:00:00+00:00,1918.8199462890625,1920.68994140625,1912.9599609375,1914.260009765625,0,0.0,0.0
2026-07-30 19:00:00+00:00,1914.239990234375,1927.47998046875,1913.97998046875,1922.0799560546875,0,0.0,0.0
2026-07-30 20:00:00+00:00,1921.8499755859375,1925.449951171875,1918.3299560546875,1919.56005859375,0,0.0,0.0
2026-07-30 21:00:00+00:00,1919.780029296875,1922.800048828125,1915.6800537109375,1916.8900146484375,0,0.0,0.0
2026-07-30 22:00:00+00:00,1916.1600341796875,1931.510009765625,1914.56005859375,1924.1199951171875,0,0.0,0.0
2026-07-30 23:00:00+00:00,1923.8499755859375,1934.989990234375,1916.3599853515625,1916.8199462890625,17281024,0.0,0.0
2026-07-31 00:00:00+00:00,1917.3199462890625,1920.6600341796875,1913.5,1914.93994140625,78253568,0.0,0.0
2026-07-31 01:00:00+00:00,1916.0,1934.0,1905.9300537109375,1908.4000244140625,39866368,0.0,0.0
2026-07-31 02:00:00+00:00,1907.8399658203125,1910.489990234375,1899.8499755859375,1902.1800537109375,0,0.0,0.0
2026-07-31 03:00:00+00:00,1902.1800537109375,1909.6500244140625,1898.219970703125,1906.81005859375,190308352,0.0,0.0
2026-07-31 04:00:00+00:00,1906.800048828125,1907.5,1901.4000244140625,1903.9200439453125,0,0.0,0.0
2026-07-31 05:00:00+00:00,1904.010009765625,1907.3699951171875,1899.52001953125,1904.4000244140625,0,0.0,0.0
2026-07-31 06:00:00+00:00,1904.27001953125,1908.9599609375,1898.31005859375,1900.8199462890625,0,0.0,0.0
2026-07-31 07:00:00+00:00,1900.0,1900.6800537109375,1883.6400146484375,1888.1800537109375,316174336,0.0,0.0
2026-07-31 08:00:00+00:00,1887.47998046875,1891.43994140625,1885.93994140625,1888.6400146484375,52593664,0.0,0.0
2026-07-31 09:00:00+00:00,1888.780029296875,1889.510009765625,1879.7099609375,1881.949951171875,172704256,0.0,0.0
2026-07-31 10:00:00+00:00,1881.5,1888.1600341796875,1876.0,1885.1199951171875,27882496,0.0,0.0
2026-07-31 11:00:00+00:00,1885.6700439453125,1887.93994140625,1880.550048828125,1882.5999755859375,71213056,0.0,0.0
2026-07-31 12:00:00+00:00,1882.8900146484375,1882.8900146484375,1871.530029296875,1880.550048828125,28879872,0.0,0.0
2026-07-31 13:00:00+00:00,1880.8499755859375,1888.510009765625,1862.6099853515625,1864.72998046875,125927424,0.0,0.0
2026-07-31 14:00:00+00:00,1864.1500244140625,1867.4000244140625,1847.219970703125,1857.530029296875,909045760,0.0,0.0
2026-07-31 15:00:00+00:00,1855.800048828125,1863.9000244140625,1852.0999755859375,1860.56005859375,398318592,0.0,0.0
2026-07-31 16:00:00+00:00,1860.68994140625,1865.0,1859.0400390625,1862.6300048828125,147093504,0.0,0.0
2026-07-31 17:00:00+00:00,1862.5400390625,1876.1199951171875,1861.3699951171875,1873.1400146484375,139398144,0.0,0.0
2026-07-31 18:00:00+00:00,1873.0699462890625,1874.97998046875,1863.0799560546875,1869.8599853515625,0,0.0,0.0
2026-07-31 19:00:00+00:00,1869.6600341796875,1872.3299560546875,1863.43994140625,1866.3199462890625,80942080,0.0,0.0
2026-07-31 20:00:00+00:00,1865.97998046875,1868.6300048828125,1859.550048828125,1860.4000244140625,21131264,0.0,0.0
2026-07-31 21:00:00+00:00,1860.1300048828125,1862.8900146484375,1857.3199462890625,1860.0,64935936,0.0,0.0
2026-07-31 22:00:00+00:00,1860.199951171875,1863.760009765625,1856.9599609375,1859.6300048828125,0,0.0,0.0
2026-07-31 23:00:00+00:00,1859.8499755859375,1863.02001953125,1859.18994140625,1860.5999755859375,0,0.0,0.0
2026-08-01 00:00:00+00:00,1860.9000244140625,1865.6600341796875,1860.4200439453125,1862.8599853515625,0,0.0,0.0
2026-08-01 01:00:00+00:00,1862.8699951171875,1865.5999755859375,1862.8699951171875,1865.1600341796875,0,0.0,0.0
2026-08-01 02:00:00+00:00,1865.1500244140625,1868.199951171875,1864.9200439453125,1866.5,0,0.0,0.0
2026-08-01 03:00:00+00:00,1866.4200439453125,1868.1199951171875,1864.8399658203125,1868.0799560546875,0,0.0,0.0
2026-08-01 04:00:00+00:00,1868.0999755859375,1868.7900390625,1866.1800537109375,1867.9100341796875,0,0.0,0.0
2026-08-01 05:00:00+00:00,1867.9000244140625,1869.280029296875,1863.5799560546875,1865.5799560546875,0,0.0,0.0
2026-08-01 06:00:00+00:00,1865.5799560546875,1869.0999755859375,1864.68994140625,1868.8900146484375,0,0.0,0.0
2026-08-01 07:00:00+00:00,1868.5999755859375,1870.0799560546875,1866.5999755859375,1867.6800537109375,0,0.0,0.0
2026-08-01 08:00:00+00:00,1867.800048828125,1868.3900146484375,1865.800048828125,1867.5999755859375,0,0.0,0.0
2026-08-01 09:00:00+00:00,1867.6300048828125,1868.989990234375,1865.9300537109375,1866.199951171875,0,0.0,0.0
2026-08-01 10:00:00+00:00,1867.300048828125,1867.3399658203125,1861.4100341796875,1865.5799560546875,0,0.0,0.0
2026-08-01 11:00:00+00:00,1865.31005859375,1866.050048828125,1864.1300048828125,1865.18994140625,0,0.0,0.0
2026-08-01 12:00:00+00:00,1866.1600341796875,1868.0999755859375,1865.3499755859375,1867.219970703125,0,0.0,0.0
2026-08-01 13:00:00+00:00,1867.0,1867.780029296875,1865.969970703125,1867.4100341796875,0,0.0,0.0
2026-08-01 14:00:00+00:00,1867.780029296875,1873.43994140625,1867.489990234375,1873.4100341796875,0,0.0,0.0
2026-08-01 15:00:00+00:00,1873.280029296875,1873.699951171875,1868.43994140625,1868.43994140625,0,0.0,0.0
2026-08-01 16:00:00+00:00,1868.260009765625,1871.7099609375,1864.7900390625,1867.18994140625,0,0.0,0.0
2026-08-01 17:00:00+00:00,1867.1199951171875,1868.5999755859375,1856.300048828125,1860.469970703125,0,0.0,0.0
2026-08-01 18:00:00+00:00,1860.239990234375,1861.31005859375,1820.8900146484375,1835.300048828125,585020160,0.0,0.0
2026-08-01 19:00:00+00:00,1834.5999755859375,1838.6500244140625,1832.4599609375,1835.550048828125,203839488,0.0,0.0
2026-08-01 20:00:00+00:00,1835.3199462890625,1838.6199951171875,1831.7099609375,1836.6800537109375,0,0.0,0.0
2026-08-01 21:00:00+00:00,1836.5799560546875,1844.1600341796875,1835.1099853515625,1844.030029296875,37163008,0.0,0.0
2026-08-01 22:00:00+00:00,1844.75,1847.489990234375,1842.93994140625,1845.5,0,0.0,0.0
2026-08-01 23:00:00+00:00,1845.949951171875,1847.300048828125,1841.6099853515625,1843.1600341796875,5587456,0.0,0.0
2026-08-02 00:00:00+00:00,1843.2099609375,1847.699951171875,1842.010009765625,1844.9599609375,18446336,0.0,0.0
2026-08-02 01:00:00+00:00,1845.4000244140625,1857.31005859375,1845.199951171875,1855.1099853515625,203577344,0.0,0.0
2026-08-02 02:00:00+00:00,1855.1800537109375,1881.5699462890625,1854.3599853515625,1875.0,472024576,0.0,0.0
2026-08-02 03:00:00+00:00,1875.31005859375,1878.699951171875,1872.699951171875,1875.56005859375,184743424,0.0,0.0
2026-08-02 04:00:00+00:00,1875.72998046875,1880.199951171875,1875.72998046875,1879.2099609375,93586432,0.0,0.0
2026-08-02 05:00:00+00:00,1879.010009765625,1880.739990234375,1873.3699951171875,1874.56005859375,10812928,0.0,0.0
2026-08-02 06:00:00+00:00,1874.5999755859375,1876.800048828125,1873.1199951171875,1875.6500244140625,102881280,0.0,0.0
2026-08-02 07:00:00+00:00,1875.550048828125,1876.8599853515625,1873.699951171875,1874.050048828125,5593600,0.0,0.0
2026-08-02 08:00:00+00:00,1874.219970703125,1877.0,1865.1700439453125,1866.2099609375,112993280,0.0,0.0
2026-08-02 09:00:00+00:00,1866.3399658203125,1871.1400146484375,1861.0,1869.1099853515625,104945152,0.0,0.0
2026-08-02 10:00:00+00:00,1868.8800048828125,1869.3199462890625,1863.56005859375,1866.8499755859375,0,0.0,0.0
2026-08-02 11:00:00+00:00,1866.8299560546875,1867.7900390625,1847.75,1850.800048828125,76051456,0.0,0.0
2026-08-02 12:00:00+00:00,1851.4000244140625,1858.4000244140625,1851.1700439453125,1855.3900146484375,113695232,0.0,0.0
2026-08-02 13:00:00+00:00,1854.760009765625,1856.199951171875,1851.0,1853.1300048828125,44516352,0.0,0.0
2026-08-02 14:00:00+00:00,1852.8499755859375,1856.9200439453125,1850.4599609375,1853.02001953125,0,0.0,0.0
2026-08-02 15:00:00+00:00,1853.06005859375,1859.9599609375,1851.9599609375,1856.989990234375,66339328,0.0,0.0
2026-08-02 16:00:00+00:00,1857.1800537109375,1863.8299560546875,1853.9599609375,1861.31005859375,16253952,0.0,0.0
2026-08-02 17:00:00+00:00,1861.22998046875,1868.3699951171875,1860.4200439453125,1866.800048828125,0,0.0,0.0
2026-08-02 18:00:00+00:00,1866.739990234375,1884.22998046875,1866.3900146484375,1873.719970703125,0,0.0,0.0
2026-08-02 19:00:00+00:00,1873.6300048828125,1881.760009765625,1872.7099609375,1880.06005859375,0,0.0,0.0
2026-08-02 20:00:00+00:00,1880.0799560546875,1883.550048828125,1877.68994140625,1881.699951171875,0,0.0,0.0
2026-08-02 21:00:00+00:00,1881.81005859375,1896.1800537109375,1880.1199951171875,1888.3900146484375,9300480,0.0,0.0
2026-08-02 22:00:00+00:00,1890.93994140625,1895.8499755859375,1879.1500244140625,1879.9100341796875,303350272,0.0,0.0
2026-08-02 23:00:00+00:00,1879.6099853515625,1883.4000244140625,1874.300048828125,1883.3499755859375,89350144,0.0,0.0
2026-08-03 00:00:00+00:00,1883.1700439453125,1883.800048828125,1869.6600341796875,1872.0999755859375,0,0.0,0.0
2026-08-03 01:00:00+00:00,1871.0,1873.3299560546875,1863.6099853515625,1864.780029296875,0,0.0,0.0
2026-08-03 02:00:00+00:00,1864.8299560546875,1869.5799560546875,1860.7099609375,1862.050048828125,0,0.0,0.0
2026-08-03 03:00:00+00:00,1861.199951171875,1863.280029296875,1850.3399658203125,1854.739990234375,0,0.0,0.0
2026-08-03 04:00:00+00:00,1854.77001953125,1860.699951171875,1852.4100341796875,1852.5799560546875,0,0.0,0.0
2026-08-03 05:00:00+00:00,1852.719970703125,1858.489990234375,1851.3199462890625,1857.530029296875,0,0.0,0.0
2026-08-03 06:00:00+00:00,1857.56005859375,1858.5699462890625,1844.699951171875,1846.72998046875,148383232,0.0,0.0
2026-08-03 07:00:00+00:00,1847.0799560546875,1847.68994140625,1838.31005859375,1841.56005859375,295765504,0.0,0.0
2026-08-03 08:00:00+00:00,1841.2099609375,1843.0999755859375,1827.0,1837.81005859375,289720320,0.0,0.0
2026-08-03 09:00:00+00:00,1838.0,1851.3800048828125,1836.800048828125,1850.1099853515625,118859776,0.0,0.0
2026-08-03 10:00:00+00:00,1850.2099609375,1852.1300048828125,1839.4200439453125,1843.6700439453125,209410560,0.0,0.0
2026-08-03 11:00:00+00:00,1844.0999755859375,1845.3900146484375,1836.0400390625,1837.4000244140625,0,0.0,0.0
2026-08-03 12:00:00+00:00,1837.1199951171875,1843.0,1834.280029296875,1841.22998046875,80814592,0.0,0.0
2026-08-03 13:00:00+00:00,1841.3299560546875,1857.800048828125,1836.18994140625,1856.9200439453125,200932352,0.0,0.0
2026-08-03 14:00:00+00:00,1856.719970703125,1871.8699951171875,1849.199951171875,1871.800048828125,774017536,0.0,0.0
2026-08-03 15:00:00+00:00,1871.9300537109375,1871.9300537109375,1858.4300537109375,1861.260009765625,459297792,0.0,0.0
2026-08-03 16:00:00+00:00,1861.9000244140625,1870.489990234375,1859.8299560546875,1864.3199462890625,218205696,0.0,0.0
2026-08-03 17:00:00+00:00,1864.2900390625,1872.6700439453125,1861.6800537109375,1867.1300048828125,44817408,0.0,0.0
2026-08-03 18:00:00+00:00,1867.1300048828125,1872.2900390625,1864.800048828125,1867.0,0,0.0,0.0
2026-08-03 19:00:00+00:00,1867.550048828125,1874.4000244140625,1866.5899658203125,1868.5699462890625,71936000,0.0,0.0
2026-08-03 20:00:00+00:00,1868.4599609375,1874.510009765625,1865.2099609375,1867.52001953125,103795200,0.0,0.0
2026-08-03 21:00:00+00:00,1867.5400390625,1867.68994140625,1861.9300537109375,1861.93994140625,0,0.0,0.0
2026-08-03 22:00:00+00:00,1862.1099853515625,1864.2900390625,1851.3599853515625,1858.6600341796875,0,0.0,0.0
2026-08-03 23:00:00+00:00,1858.6800537109375,1858.8299560546875,1854.4000244140625,1858.6700439453125,22297088,0.0,0.0
2026-08-04 00:00:00+00:00,1858.9599609375,1861.4300537109375,1847.06005859375,1848.93994140625,74099200,0.0,0.0
2026-08-04 01:00:00+00:00,1849.2900390625,1867.68994140625,1847.6400146484375,1865.5999755859375,62714368,0.0,0.0
2026-08-04 02:00:00+00:00,1866.8499755859375,1869.9000244140625,1860.219970703125,1864.3399658203125,136126976,0.0,0.0
2026-08-04 03:00:00+00:00,1864.31005859375,1865.030029296875,1856.68994140625,1862.4599609375,0,0.0,0.0
2026-08-04 04:00:00+00:00,1862.5999755859375,1872.6800537109375,1860.3399658203125,1866.18994140625,0,0.0,0.0
2026-08-04 05:00:00+00:00,1866.4599609375,1868.3399658203125,1862.3299560546875,1862.6600341796875,99381760,0.0,0.0
2026-08-04 06:00:00+00:00,1862.6400146484375,1867.050048828125,1853.2099609375,1855.22998046875,141496320,0.0,0.0
2026-08-04 07:00:00+00:00,1855.219970703125,1862.72998046875,1851.43994140625,1862.010009765625,0,0.0,0.0
2026-08-04 08:00:00+00:00,1862.010009765625,1863.800048828125,1855.0400390625,1855.760009765625,0,0.0,0.0
2026-08-04 09:00:00+00:00,1855.530029296875,1856.6800537109375,1851.449951171875,1856.6700439453125,0,0.0,0.0
2026-08-04 10:00:00+00:00,1856.4000244140625,1870.719970703125,1851.9000244140625,1864.9100341796875,36284928,0.0,0.0
2026-08-04 11:00:00+00:00,1865.18994140625,1872.8299560546875,1864.2900390625,1870.9000244140625,0,0.0,0.0
2026-08-04 12:00:00+00:00,1870.9300537109375,1879.8199462890625,1866.3499755859375,1873.510009765625,162404864,0.0,0.0
2026-08-04 13:00:00+00:00,1873.300048828125,1875.7900390625,1857.699951171875,1859.5899658203125,0,0.0,0.0
2026-08-04 14:00:00+00:00,1859.6300048828125,1873.8900146484375,1856.530029296875,1871.1199951171875,0,0.0,0.0
2026-08-04 15:00:00+00:00,1871.6700439453125,1876.1199951171875,1860.2900390625,1871.4100341796875,0,0.0,0.0
2026-08-04 16:00:00+00:00,1871.9000244140625,1871.9000244140625,1864.010009765625,1868.239990234375,0,0.0,0.0
2026-08-04 17:00:00+00:00,1868.780029296875,1876.300048828125,1865.47998046875,1868.050048828125,202123776,0.0,0.0
2026-08-04 18:00:00+00:00,1868.0400390625,1879.5,1868.0400390625,1873.9000244140625,159791104,0.0,0.0
2026-08-04 19:00:00+00:00,1873.72998046875,1880.0799560546875,1872.510009765625,1873.52001953125,46179840,0.0,0.0
2026-08-04 20:00:00+00:00,1873.9000244140625,1878.449951171875,1865.0,1875.199951171875,69433344,0.0,0.0
2026-08-04 21:00:00+00:00,1875.3499755859375,1875.3499755859375,1870.3299560546875,1870.68994140625,0,0.0,0.0
2026-08-04 22:00:00+00:00,1870.5799560546875,1875.5799560546875,1867.2900390625,1874.18994140625,0,0.0,0.0
2026-08-04 23:00:00+00:00,1874.3499755859375,1879.6099853515625,1867.510009765625,1868.3900146484375,109638656,0.0,0.0
2026-08-05 00:00:00+00:00,1868.31005859375,1872.0,1862.0999755859375,1862.469970703125,0,0.0,0.0
2026-08-05 01:00:00+00:00,1862.5899658203125,1873.0,1859.81005859375,1871.8800048828125,0,0.0,0.0
2026-08-05 02:00:00+00:00,1872.199951171875,1876.489990234375,1870.989990234375,1872.97998046875,0,0.0,0.0
2026-08-05 03:00:00+00:00,1872.9000244140625,1874.6700439453125,1863.0,1866.1400146484375,123344896,0.0,0.0
2026-08-05 04:00:00+00:00,1866.1400146484375,1867.989990234375,1863.469970703125,1865.8199462890625,0,0.0,0.0
2026-08-05 05:00:00+00:00,1865.530029296875,1875.77001953125,1865.530029296875,1871.8800048828125,12409856,0.0,0.0
2026-08-05 06:00:00+00:00,1871.6400146484375,1872.0400390625,1866.5999755859375,1868.25,0,0.0,0.0
2026-08-05 07:00:00+00:00,1868.27001953125,1870.6099853515625,1861.7900390625,1870.6099853515625,127483392,0.0,0.0
2026-08-05 08:00:00+00:00,1870.93994140625,1872.6700439453125,1866.0799560546875,1868.0899658203125,283817984,0.0,0.0
2026-08-05 09:00:00+00:00,1868.0999755859375,1873.0699462890625,1867.02001953125,1870.3299560546875,17588224,0.0,0.0
2026-08-05 10:00:00+00:00,1870.3299560546875,1874.31005859375,1864.6099853515625,1866.719970703125,0,0.0,0.0
2026-08-05 11:00:00+00:00,1866.56005859375,1869.4100341796875,1865.75,1867.1099853515625,32716288,0.0,0.0
2026-08-05 12:00:00+00:00,1866.93994140625,1883.18994140625,1865.6199951171875,1874.5699462890625,161820160,0.0,0.0
2026-08-05 13:00:00+00:00,1875.3299560546875,1878.030029296875,1854.31005859375,1878.030029296875,153792512,0.0,0.0
2026-08-05 14:00:00+00:00,1876.7900390625,1881.0,1867.68994140625,1874.510009765625,0,0.0,0.0
2026-08-05 15:00:00+00:00,1874.530029296875,1881.510009765625,1871.3199462890625,1872.4100341796875,0,0.0,0.0
2026-08-05 16:00:00+00:00,1872.280029296875,1895.06005859375,1872.06005859375,1893.949951171875,313862144,0.0,0.0
2026-08-05 17:00:00+00:00,1894.43994140625,1915.81005859375,1889.4000244140625,1914.5,453327360,0.0,0.0
2026-08-05 18:00:00+00:00,1914.5,1926.0999755859375,1912.280029296875,1916.760009765625,519928832,0.0,0.0
2026-08-05 19:00:00+00:00,1915.81005859375,1919.75,1914.0899658203125,1915.6199951171875,109271040,0.0,0.0
2026-08-05 20:00:00+00:00,1916.25,1923.1600341796875,1915.25,1915.56005859375,0,0.0,0.0
2026-08-05 21:00:00+00:00,1915.6400146484375,1915.8900146484375,1905.3299560546875,1906.9200439453125,262064128,0.0,0.0
2026-08-05 22:00:00+00:00,1907.280029296875,1911.75,1904.989990234375,1905.27001953125,46614528,0.0,0.0
2026-08-05 23:00:00+00:00,1905.199951171875,1910.4300537109375,1903.0,1907.2900390625,0,0.0,0.0
2026-08-06 00:00:00+00:00,1907.75,1911.969970703125,1905.550048828125,1908.550048828125,0,0.0,0.0
2026-08-06 01:00:00+00:00,1908.3699951171875,1909.4599609375,1901.27001953125,1904.93994140625,0,0.0,0.0
2026-08-06 02:00:00+00:00,1904.280029296875,1909.0,1893.2900390625,1897.4100341796875,190279680,0.0,0.0
2026-08-06 03:00:00+00:00,1897.4000244140625,1897.56005859375,1893.5400390625,1897.219970703125,0,0.0,0.0
2026-08-06 04:00:00+00:00,1896.8499755859375,1906.550048828125,1893.9599609375,1906.0899658203125,96149504,0.0,0.0
2026-08-06 05:00:00+00:00,1906.2099609375,1916.8199462890625,1905.5999755859375,1912.469970703125,157463552,0.0,0.0
2026-08-06 06:00:00+00:00,1911.8800048828125,1912.9200439453125,1907.6600341796875,1911.6700439453125,0,0.0,0.0
2026-08-06 07:00:00+00:00,1911.6800537109375,1913.199951171875,1905.3499755859375,1907.1199951171875,0,0.0,0.0
2026-08-06 08:00:00+00:00,1907.969970703125,1917.1700439453125,1906.8399658203125,1914.199951171875,0,0.0,0.0
2026-08-06 09:00:00+00:00,1914.260009765625,1914.75,1902.9100341796875,1905.6600341796875,182703104,0.0,0.0
2026-08-06 10:00:00+00:00,1905.6600341796875,1905.6600341796875,1899.469970703125,1900.739990234375,46253056,0.0,0.0
2026-08-06 11:00:00+00:00,1900.52001953125,1907.3399658203125,1894.8399658203125,1905.8399658203125,60144640,0.0,0.0
2026-08-06 12:00:00+00:00,1905.8199462890625,1905.969970703125,1896.43994140625,1896.75,0,0.0,0.0
2026-08-06 13:00:00+00:00,1896.8199462890625,1909.199951171875,1890.52001953125,1905.8399658203125,0,0.0,0.0
2026-08-06 14:00:00+00:00,1905.6500244140625,1916.1600341796875,1901.9100341796875,1913.239990234375,0,0.0,0.0
2026-08-06 15:00:00+00:00,1913.530029296875,1918.1099853515625,1909.050048828125,1909.1099853515625,63522816,0.0,0.0
2026-08-06 16:00:00+00:00,1909.6199951171875,1914.760009765625,1906.93994140625,1914.010009765625,0,0.0,0.0
2026-08-06 17:00:00+00:00,1914.510009765625,1916.72998046875,1908.800048828125,1912.43994140625,0,0.0,0.0
2026-08-06 18:00:00+00:00,1912.52001953125,1912.5999755859375,1902.43994140625,1904.4300537109375,0,0.0,0.0
2026-08-06 19:00:00+00:00,1904.800048828125,1910.0,1904.239990234375,1908.5699462890625,100898816,0.0,0.0
2026-08-06 20:00:00+00:00,1908.699951171875,1909.5,1904.4300537109375,1905.6600341796875,0,0.0,0.0
2026-08-06 21:00:00+00:00,1905.6500244140625,1908.0,1904.3299560546875,1904.5799560546875,0,0.0,0.0
2026-08-06 22:00:00+00:00,1904.800048828125,1906.0,1900.8900146484375,1903.719970703125,0,0.0,0.0
2026-08-06 23:00:00+00:00,1903.3299560546875,1904.3699951171875,1897.1300048828125,1902.4200439453125,555008,0.0,0.0
2026-08-07 00:00:00+00:00,1902.030029296875,1903.800048828125,1898.18994140625,1902.18994140625,0,0.0,0.0
2026-08-07 01:00:00+00:00,1902.2900390625,1905.8199462890625,1897.52001953125,1901.780029296875,12218368,0.0,0.0
2026-08-07 02:00:00+00:00,1901.4000244140625,1906.8599853515625,1896.510009765625,1900.97998046875,0,0.0,0.0
2026-08-07 03:00:00+00:00,1900.8499755859375,1902.1300048828125,1895.1300048828125,1895.6800537109375,17387520,0.0,0.0
2026-08-07 04:00:00+00:00,1895.280029296875,1899.0999755859375,1892.72998046875,1895.6500244140625,0,0.0,0.0
2026-08-07 05:00:00+00:00,1895.6500244140625,1900.739990234375,1893.8699951171875,1899.9200439453125,0,0.0,0.0
2026-08-07 06:00:00+00:00,1899.7099609375,1906.06005859375,1898.5999755859375,1903.0400390625,11185664,0.0,0.0
2026-08-07 07:00:00+00:00,1902.800048828125,1905.780029296875,1900.9300537109375,1900.9300537109375,35158528,0.0,0.0
2026-08-07 08:00:00+00:00,1900.4599609375,1912.4000244140625,1900.4599609375,1909.3599853515625,19869696,0.0,0.0
2026-08-07 09:00:00+00:00,1909.27001953125,1916.260009765625,1909.0,1911.7900390625,309500928,0.0,0.0
2026-08-07 10:00:00+00:00,1912.300048828125,1914.4599609375,1911.2900390625,1911.4300537109375,206807552,0.0,0.0
2026-08-07 11:00:00+00:00,1911.4200439453125,1919.449951171875,1911.4200439453125,1914.8900146484375,90778624,0.0,0.0
2026-08-07 12:00:00+00:00,1914.9000244140625,1938.8800048828125,1914.9000244140625,1930.989990234375,726486016,0.0,0.0
2026-08-07 13:00:00+00:00,1931.4000244140625,1933.5,1920.3599853515625,1921.9000244140625,0,0.0,0.0
2026-08-07 14:00:00+00:00,1922.18994140625,1925.2099609375,1909.4300537109375,1912.1099853515625,94260224,0.0,0.0
2026-08-07 15:00:00+00:00,1911.760009765625,1919.68994140625,1911.3499755859375,1916.5899658203125,0,0.0,0.0
2026-08-07 16:00:00+00:00,1917.0799560546875,1923.8699951171875,1908.0899658203125,1908.0899658203125,0,0.0,0.0
2026-08-07 17:00:00+00:00,1908.1600341796875,1911.6700439453125,1904.6600341796875,1911.2099609375,222541824,0.0,0.0
2026-08-07 18:00:00+00:00,1911.010009765625,1914.2900390625,1904.8599853515625,1908.8399658203125,0,0.0,0.0
2026-08-07 19:00:00+00:00,1909.3299560546875,1919.27001953125,1908.97998046875,1917.8399658203125,9132032,0.0,0.0
2026-08-07 20:00:00+00:00,1918.1800537109375,1919.3800048828125,1913.2900390625,1913.8599853515625,12487680,0.0,0.0
2026-08-07 21:00:00+00:00,1913.7099609375,1919.0,1911.4000244140625,1915.489990234375,1272832,0.0,0.0
2026-08-07 22:00:00+00:00,1915.0999755859375,1915.6400146484375,1912.989990234375,1913.989990234375,88625152,0.0,0.0
2026-08-07 23:00:00+00:00,1913.989990234375,1915.3299560546875,1913.02001953125,1913.1500244140625,0,0.0,0.0
2026-08-08 00:00:00+00:00,1913.1600341796875,1914.06005859375,1911.5899658203125,1913.5699462890625,0,0.0,0.0
2026-08-08 01:00:00+00:00,1913.3299560546875,1915.2900390625,1913.280029296875,1913.719970703125,0,0.0,0.0
2026-08-08 02:00:00+00:00,1913.719970703125,1913.8299560546875,1911.6300048828125,1912.4599609375,0,0.0,0.0
2026-08-08 03:00:00+00:00,1912.489990234375,1918.3900146484375,1912.489990234375,1917.1099853515625,0,0.0,0.0
2026-08-08 04:00:00+00:00,1917.1099853515625,1918.52001953125,1915.2099609375,1916.2099609375,0,0.0,0.0
2026-08-08 05:00:00+00:00,1916.1800537109375,1917.949951171875,1914.81005859375,1916.5699462890625,0,0.0,0.0
2026-08-08 06:00:00+00:00,1916.739990234375,1917.0999755859375,1915.3299560546875,1915.550048828125,0,0.0,0.0
2026-08-08 07:00:00+00:00,1915.760009765625,1915.969970703125,1913.2099609375,1914.27001953125,0,0.0,0.0
2026-08-08 08:00:00+00:00,1914.260009765625,1916.9000244140625,1913.6700439453125,1915.8800048828125,0,0.0,0.0
2026-08-08 09:00:00+00:00,1915.989990234375,1921.8499755859375,1915.0999755859375,1917.719970703125,0,0.0,0.0
2026-08-08 10:00:00+00:00,1917.72998046875,1921.6600341796875,1917.719970703125,1919.989990234375,0,0.0,0.0
2026-08-08 11:00:00+00:00,1920.0,1921.3299560546875,1918.199951171875,1919.6099853515625,0,0.0,0.0
2026-08-08 12:00:00+00:00,1919.6099853515625,1921.0,1917.6099853515625,1918.0999755859375,0,0.0,0.0
2026-08-08 13:00:00+00:00,1918.1800537109375,1919.530029296875,1917.3900146484375,1918.949951171875,0,0.0,0.0
2026-08-08 14:00:00+00:00,1918.9000244140625,1924.8399658203125,1918.9000244140625,1922.5999755859375,0,0.0,0.0
2026-08-08 15:00:00+00:00,1922.6500244140625,1923.2900390625,1920.239990234375,1921.239990234375,0,0.0,0.0
2026-08-08 16:00:00+00:00,1921.22998046875,1923.5899658203125,1920.4300537109375,1921.4200439453125,0,0.0,0.0
2026-08-08 17:00:00+00:00,1921.510009765625,1924.8900146484375,1920.9100341796875,1922.47998046875,0,0.0,0.0
2026-08-08 18:00:00+00:00,1922.47998046875,1922.47998046875,1918.52001953125,1920.1099853515625,0,0.0,0.0
2026-08-08 19:00:00+00:00,1920.0999755859375,1920.280029296875,1918.4000244140625,1919.1600341796875,0,0.0,0.0
2026-08-08 20:00:00+00:00,1918.6099853515625,1919.9100341796875,1918.4100341796875,1918.8399658203125,0,0.0,0.0
2026-08-08 21:00:00+00:00,1918.77001953125,1920.989990234375,1918.6300048828125,1919.239990234375,0,0.0,0.0
2026-08-08 22:00:00+00:00,1919.719970703125,1919.9100341796875,1915.3199462890625,1915.43994140625,0,0.0,0.0
2026-08-08 23:00:00+00:00,1914.9300537109375,1917.4300537109375,1913.3499755859375,1915.4200439453125,16938752,0.0,0.0
2026-08-09 00:00:00+00:00,1915.3800048828125,1917.06005859375,1914.9200439453125,1916.510009765625,75601920,0.0,0.0
2026-08-09 01:00:00+00:00,1916.199951171875,1918.6199951171875,1911.9000244140625,1914.739990234375,0,0.0,0.0
2026-08-09 02:00:00+00:00,1914.6500244140625,1915.31005859375,1912.3399658203125,1913.4599609375,0,0.0,0.0
2026-08-09 03:00:00+00:00,1913.1600341796875,1913.4100341796875,1911.300048828125,1912.699951171875,0,0.0,0.0
2026-08-09 04:00:00+00:00,1912.699951171875,1914.260009765625,1911.52001953125,1911.8399658203125,0,0.0,0.0
2026-08-09 05:00:00+00:00,1911.7900390625,1913.699951171875,1911.68994140625,1913.1500244140625,0,0.0,0.0
2026-08-09 06:00:00+00:00,1913.1500244140625,1918.02001953125,1912.72998046875,1917.7099609375,65148928,0.0,0.0
2026-08-09 07:00:00+00:00,1917.6700439453125,1917.9000244140625,1915.5899658203125,1917.5,64948480,0.0,0.0
2026-08-09 08:00:00+00:00,1917.6199951171875,1923.4000244140625,1912.8299560546875,1914.47998046875,100380160,0.0,0.0
2026-08-09 09:00:00+00:00,1914.300048828125,1919.9000244140625,1912.010009765625,1919.8299560546875,949248,0.0,0.0
2026-08-09 10:00:00+00:00,1919.8399658203125,1921.0999755859375,1918.199951171875,1918.719970703125,51075840,0.0,0.0
2026-08-09 11:00:00+00:00,1918.800048828125,1919.8599853515625,1917.1199951171875,1917.9300537109375,0,0.0,0.0
2026-08-09 12:00:00+00:00,1917.97998046875,1917.989990234375,1915.280029296875,1916.27001953125,0,0.0,0.0
2026-08-09 13:00:00+00:00,1916.280029296875,1924.280029296875,1916.280029296875,1921.989990234375,157633792,0.0,0.0
2026-08-09 14:00:00+00:00,1921.989990234375,1924.8900146484375,1921.1700439453125,1923.489990234375,0,0.0,0.0
2026-08-09 15:00:00+00:00,1923.6700439453125,1925.0,1922.7099609375,1924.6400146484375,2651136,0.0,0.0
2026-08-09 16:00:00+00:00,1924.8299560546875,1924.93994140625,1920.2099609375,1922.719970703125,7410176,0.0,0.0
2026-08-09 17:00:00+00:00,1922.699951171875,1923.760009765625,1921.6700439453125,1921.6700439453125,0,0.0,0.0
2026-08-09 18:00:00+00:00,1921.6700439453125,1922.5699462890625,1919.1800537109375,1920.0999755859375,0,0.0,0.0
2026-08-09 19:00:00+00:00,1920.1300048828125,1921.22998046875,1919.81005859375,1920.5799560546875,0,0.0,0.0
2026-08-09 20:00:00+00:00,1920.5699462890625,1920.9300537109375,1916.7099609375,1919.780029296875,20285440,0.0,0.0
2026-08-09 21:00:00+00:00,1919.7900390625,1924.93994140625,1918.5999755859375,1923.219970703125,34410240,0.0,0.0
2026-08-09 22:00:00+00:00,1923.9599609375,1935.9000244140625,1914.0,1918.280029296875,350231808,0.0,0.0
2026-08-09 23:00:00+00:00,1917.800048828125,1919.0899658203125,1906.4100341796875,1909.0899658203125,265708544,0.0,0.0
2026-08-10 00:00:00+00:00,1908.3499755859375,1924.8800048828125,1904.5999755859375,1911.0699462890625,203655680,0.0,0.0
2026-08-10 01:00:00+00:00,1911.31005859375,1929.199951171875,1906.530029296875,1923.9200439453125,238467072,0.0,0.0
2026-08-10 02:00:00+00:00,1924.68994140625,1924.800048828125,1911.31005859375,1920.9000244140625,248387584,0.0,0.0
2026-08-10 03:00:00+00:00,1922.5899658203125,1923.0,1912.1500244140625,1915.8399658203125,175969792,0.0,0.0
2026-08-10 04:00:00+00:00,1915.510009765625,1919.47998046875,1911.3599853515625,1914.1199951171875,230718976,0.0,0.0
2026-08-10 05:00:00+00:00,1913.760009765625,1923.510009765625,1913.760009765625,1921.6300048828125,95779840,0.0,0.0
2026-08-10 06:00:00+00:00,1922.239990234375,1927.5899658203125,1921.6500244140625,1926.489990234375,74480640,0.0,0.0
2026-08-10 07:00:00+00:00,1927.0,1929.27001953125,1923.239990234375,1923.97998046875,89488896,0.0,0.0
2026-08-10 08:00:00+00:00,1923.969970703125,1928.2099609375,1921.760009765625,1925.199951171875,0,0.0,0.0
2026-08-10 09:00:00+00:00,1924.800048828125,1925.56005859375,1914.4000244140625,1914.9000244140625,132311552,0.0,0.0
2026-08-10 10:00:00+00:00,1914.7099609375,1919.1199951171875,1914.3199462890625,1915.989990234375,90924032,0.0,0.0
2026-08-10 11:00:00+00:00,1916.06005859375,1919.300048828125,1912.9599609375,1918.5,60737024,0.0,0.0
2026-08-10 12:00:00+00:00,1918.489990234375,1921.4200439453125,1903.5400390625,1904.6400146484375,174976000,0.0,0.0
2026-08-10 13:00:00+00:00,1904.0400390625,1908.81005859375,1892.969970703125,1895.699951171875,505547264,0.0,0.0
2026-08-10 14:00:00+00:00,1895.1099853515625,1900.5999755859375,1890.25,1891.6199951171875,312355328,0.0,0.0
2026-08-10 15:00:00+00:00,1890.3499755859375,1890.530029296875,1870.030029296875,1875.02001953125,888387072,0.0,0.0
2026-08-10 16:00:00+00:00,1874.27001953125,1877.0999755859375,1867.010009765625,1870.3399658203125,384397824,0.0,0.0
2026-08-10 17:00:00+00:00,1870.3399658203125,1875.489990234375,1866.800048828125,1871.8699951171875,219041280,0.0,0.0
2026-08-10 18:00:00+00:00,1871.949951171875,1873.260009765625,1866.199951171875,1870.7099609375,296470528,0.0,0.0
2026-08-10 19:00:00+00:00,1870.739990234375,1878.8199462890625,1870.739990234375,1876.6400146484375,115093504,0.0,0.0
2026-08-10 20:00:00+00:00,1876.280029296875,1879.4100341796875,1875.550048828125,1877.81005859375,98071552,0.0,0.0
2026-08-10 21:00:00+00:00,1877.72998046875,1877.72998046875,1871.8800048828125,1872.5400390625,1017856,0.0,0.0
2026-08-10 22:00:00+00:00,1873.1199951171875,1876.449951171875,1870.3299560546875,1874.530029296875,0,0.0,0.0
2026-08-10 23:00:00+00:00,1874.489990234375,1874.530029296875,1868.4599609375,1871.260009765625,0,0.0,0.0
2026-08-11 00:00:00+00:00,1871.3399658203125,1874.280029296875,1869.25,1873.510009765625,0,0.0,0.0
2026-08-11 01:00:00+00:00,1873.300048828125,1876.8599853515625,1871.449951171875,1876.1500244140625,0,0.0,0.0
2026-08-11 02:00:00+00:00,1876.1500244140625,1877.3299560546875,1875.4200439453125,1876.8199462890625,0,0.0,0.0
2026-08-11 03:00:00+00:00,1876.8299560546875,1880.010009765625,1876.8199462890625,1879.0799560546875,0,0.0,0.0
2026-08-11 04:00:00+00:00,1879.0899658203125,1880.1700439453125,1874.4300537109375,1874.4300537109375,0,0.0,0.0
2026-08-11 05:00:00+00:00,1874.18994140625,1875.280029296875,1870.02001953125,1872.1400146484375,0,0.0,0.0
2026-08-11 06:00:00+00:00,1872.0699462890625,1873.2900390625,1869.56005859375,1872.5,16687104,0.0,0.0
2026-08-11 07:00:00+00:00,1872.510009765625,1877.489990234375,1868.9000244140625,1876.010009765625,101507584,0.0,0.0
2026-08-11 08:00:00+00:00,1876.1800537109375,1878.6300048828125,1873.8299560546875,1877.5799560546875,105075200,0.0,0.0
2026-08-11 09:00:00+00:00,1877.5699462890625,1883.7900390625,1875.5999755859375,1883.7900390625,47485440,0.0,0.0
2026-08-11 10:00:00+00:00,1883.4300537109375,1887.0400390625,1881.510009765625,1884.6099853515625,97733632,0.0,0.0
2026-08-11 11:00:00+00:00,1885.219970703125,1893.97998046875,1884.7099609375,1891.4200439453125,182879232,0.0,0.0
2026-08-11 12:00:00+00:00,1891.800048828125,1895.9200439453125,1885.6600341796875,1886.3199462890625,0,0.0,0.0
2026-08-11 13:00:00+00:00,1886.0,1890.6300048828125,1882.0400390625,1888.31005859375,0,0.0,0.0
2026-08-11 14:00:00+00:00,1888.0999755859375,1889.7900390625,1868.56005859375,1871.8599853515625,0,0.0,0.0
2026-08-11 15:00:00+00:00,1871.8900146484375,1875.989990234375,1853.199951171875,1861.199951171875,0,0.0,0.0
2026-08-11 16:00:00+00:00,1861.199951171875,1865.5899658203125,1858.25,1863.18994140625,0,0.0,0.0
2026-08-11 17:00:00+00:00,1863.469970703125,1866.1199951171875,1861.0799560546875,1862.739990234375,0,0.0,0.0
2026-08-11 18:00:00+00:00,1862.6099853515625,1864.93994140625,1859.31005859375,1864.3900146484375,0,0.0,0.0
2026-08-11 19:00:00+00:00,1864.4200439453125,1882.43994140625,1861.050048828125,1879.68994140625,0,0.0,0.0
2026-08-11 20:00:00+00:00,1880.5999755859375,1883.8800048828125,1876.8900146484375,1880.47998046875,333965312,0.0,0.0
2026-08-11 21:00:00+00:00,1880.3299560546875,1883.6300048828125,1878.6700439453125,1883.0,35887616,0.0,0.0
2026-08-11 22:00:00+00:00,1883.199951171875,1885.6600341796875,1877.800048828125,1880.6300048828125,49860096,0.0,0.0
2026-08-11 23:00:00+00:00,1880.4000244140625,1882.75,1877.219970703125,1880.719970703125,4781568,0.0,0.0
2026-08-12 00:00:00+00:00,1880.6099853515625,1881.8699951171875,1878.9200439453125,1880.760009765625,0,0.0,0.0
2026-08-12 01:00:00+00:00,1880.800048828125,1884.9599609375,1879.52001953125,1882.9200439453125,15991296,0.0,0.0
2026-08-12 02:00:00+00:00,1883.5,1886.260009765625,1881.7900390625,1882.77001953125,33889792,0.0,0.0
2026-08-12 03:00:00+00:00,1882.81005859375,1885.6400146484375,1881.0799560546875,1884.9599609375,11920384,0.0,0.0
2026-08-12 04:00:00+00:00,1885.1300048828125,1891.3599853515625,1883.6400146484375,1887.800048828125,34671616,0.0,0.0
2026-08-12 05:00:00+00:00,1887.800048828125,1890.8199462890625,1885.02001953125,1890.199951171875,20430848,0.0,0.0
2026-08-12 06:00:00+00:00,1889.949951171875,1889.949951171875,1883.6800537109375,1885.9000244140625,0,0.0,0.0
2026-08-12 07:00:00+00:00,1886.25,1890.0799560546875,1884.6800537109375,1890.010009765625,0,0.0,0.0
2026-08-12 08:00:00+00:00,1889.8900146484375,1894.31005859375,1888.9100341796875,1889.1199951171875,0,0.0,0.0
2026-08-12 09:00:00+00:00,1889.1099853515625,1907.800048828125,1888.1500244140625,1904.1500244140625,206139392,0.0,0.0
2026-08-12 10:00:00+00:00,1904.6300048828125,1913.2900390625,1904.199951171875,1907.5,158660096,0.0,0.0
2026-08-12 11:00:00+00:00,1907.47998046875,1914.3599853515625,1905.8399658203125,1913.9100341796875,0,0.0,0.0
2026-08-12 12:00:00+00:00,1914.6199951171875,1921.9300537109375,1903.989990234375,1909.8299560546875,405657088,0.0,0.0
2026-08-12 13:00:00+00:00,1909.8699951171875,1910.43994140625,1898.6600341796875,1899.5400390625,83462144,0.0,0.0
2026-08-12 14:00:00+00:00,1898.989990234375,1901.9000244140625,1883.47998046875,1884.969970703125,110139392,0.0,0.0
2026-08-12 15:00:00+00:00,1885.72998046875,1894.3900146484375,1882.9599609375,1890.699951171875,0,0.0,0.0
2026-08-12 16:00:00+00:00,1890.4599609375,1893.8499755859375,1887.25,1888.81005859375,0,0.0,0.0
2026-08-12 17:00:00+00:00,1888.8399658203125,1889.8800048828125,1883.260009765625,1886.02001953125,2134528,0.0,0.0
2026-08-12 18:00:00+00:00,1885.56005859375,1889.02001953125,1883.3499755859375,1883.449951171875,0,0.0,0.0
2026-08-12 19:00:00+00:00,1883.0,1884.780029296875,1875.760009765625,1877.1700439453125,0,0.0,0.0
2026-08-12 20:00:00+00:00,1877.06005859375,1885.489990234375,1875.8900146484375,1884.5999755859375,0,0.0,0.0
2026-08-12 21:00:00+00:00,1884.5899658203125,1887.2099609375,1872.6400146484375,1876.0400390625,35050496,0.0,0.0
2026-08-12 22:00:00+00:00,1875.3299560546875,1879.31005859375,1873.780029296875,1876.550048828125,0,0.0,0.0
2026-08-12 23:00:00+00:00,1876.4200439453125,1878.3299560546875,1873.0799560546875,1877.6800537109375,0,0.0,0.0
2026-08-13 00:00:00+00:00,1877.530029296875,1882.800048828125,1875.4000244140625,1878.260009765625,126582784,0.0,0.0
2026-08-13 01:00:00+00:00,1878.1199951171875,1880.93994140625,1873.31005859375,1876.1400146484375,59538432,0.0,0.0
2026-08-13 02:00:00+00:00,1875.9599609375,1881.18994140625,1871.3599853515625,1879.989990234375,100446208,0.0,0.0
2026-08-13 03:00:00+00:00,1879.8699951171875,1886.780029296875,1879.530029296875,1885.5699462890625,73931776,0.0,0.0
2026-08-13 04:00:00+00:00,1885.68994140625,1892.68994140625,1883.4200439453125,1890.3299560546875,10473472,0.0,0.0
2026-08-13 05:00:00+00:00,1890.25,1897.800048828125,1889.77001953125,1893.9100341796875,147398144,0.0,0.0
2026-08-13 06:00:00+00:00,1893.9100341796875,1896.8199462890625,1890.22998046875,1896.8199462890625,0,0.0,0.0
2026-08-13 07:00:00+00:00,1896.8900146484375,1896.8900146484375,1893.449951171875,1893.8699951171875,78323200,0.0,0.0
2026-08-13 08:00:00+00:00,1894.0,1895.4000244140625,1886.760009765625,1888.2900390625,37660672,0.0,0.0
2026-08-13 09:00:00+00:00,1888.300048828125,1888.9100341796875,1879.6800537109375,1887.77001953125,0,0.0,0.0
2026-08-13 10:00:00+00:00,1888.3900146484375,1888.3900146484375,1880.199951171875,1881.0699462890625,0,0.0,0.0
2026-08-13 11:00:00+00:00,1880.780029296875,1881.6400146484375,1873.4100341796875,1878.3499755859375,0,0.0,0.0
2026-08-13 12:00:00+00:00,1878.1199951171875,1887.8900146484375,1877.0400390625,1887.0400390625,0,0.0,0.0
2026-08-13 13:00:00+00:00,1887.47998046875,1893.68994140625,1884.989990234375,1888.3900146484375,0,0.0,0.0
2026-08-13 14:00:00+00:00,1888.550048828125,1895.469970703125,1886.5799560546875,1891.2099609375,0,0.0,0.0
2026-08-13 15:00:00+00:00,1891.800048828125,1894.260009765625,1878.3900146484375,1878.3900146484375,0,0.0,0.0
2026-08-13 16:00:00+00:00,1878.9100341796875,1883.1300048828125,1861.9100341796875,1872.6600341796875,416519680,0.0,0.0
2026-08-13 17:00:00+00:00,1872.9000244140625,1878.97998046875,1871.699951171875,1874.9300537109375,132808192,0.0,0.0
2026-08-13 18:00:00+00:00,1875.0400390625,1885.300048828125,1874.6199951171875,1883.5699462890625,0,0.0,0.0
2026-08-13 19:00:00+00:00,1883.8699951171875,1890.7900390625,1883.199951171875,1885.31005859375,79135232,0.0,0.0
2026-08-13 20:00:00+00:00,1885.75,1887.760009765625,1883.530029296875,1884.4200439453125,0,0.0,0.0
2026-08-13 21:00:00+00:00,1884.0699462890625,1887.6400146484375,1883.97998046875,1886.97998046875,0,0.0,0.0
2026-08-13 22:00:00+00:00,1887.2900390625,1891.050048828125,1886.760009765625,1887.72998046875,0,0.0,0.0
2026-08-13 23:00:00+00:00,1887.8299560546875,1887.8299560546875,1882.9000244140625,1884.6099853515625,0,0.0,0.0
2026-08-14 00:00:00+00:00,1884.8299560546875,1887.780029296875,1882.0999755859375,1887.6600341796875,0,0.0,0.0
2026-08-14 01:00:00+00:00,1887.739990234375,1888.510009765625,1883.1199951171875,1887.81005859375,0,0.0,0.0
2026-08-14 02:00:00+00:00,1887.8299560546875,1889.489990234375,1884.280029296875,1884.8299560546875,0,0.0,0.0
2026-08-14 03:00:00+00:00,1884.780029296875,1887.4200439453125,1880.72998046875,1881.260009765625,0,0.0,0.0
2026-08-14 04:00:00+00:00,1881.0,1886.1400146484375,1880.3699951171875,1882.97998046875,0,0.0,0.0
2026-08-14 05:00:00+00:00,1882.97998046875,1883.780029296875,1878.6700439453125,1882.0899658203125,0,0.0,0.0
2026-08-14 06:00:00+00:00,1882.2099609375,1882.2099609375,1870.93994140625,1870.93994140625,17839104,0.0,0.0
2026-08-14 07:00:00+00:00,1870.9300537109375,1876.3299560546875,1870.4300537109375,1871.1800537109375,112720896,0.0,0.0
2026-08-14 08:00:00+00:00,1871.25,1876.219970703125,1867.43994140625,1876.1400146484375,57805824,0.0,0.0
2026-08-14 09:00:00+00:00,1876.8499755859375,1876.8499755859375,1869.199951171875,1871.06005859375,0,0.0,0.0
2026-08-14 10:00:00+00:00,1870.739990234375,1876.0799560546875,1870.3699951171875,1873.93994140625,0,0.0,0.0
2026-08-14 11:00:00+00:00,1873.8199462890625,1878.8399658203125,1872.8599853515625,1876.31005859375,0,0.0,0.0
2026-08-14 12:00:00+00:00,1876.5,1877.469970703125,1870.8900146484375,1871.22998046875,0,0.0,0.0
2026-08-14 13:00:00+00:00,1871.6500244140625,1871.800048828125,1864.52001953125,1867.3199462890625,0,0.0,0.0
2026-08-14 14:00:00+00:00,1867.550048828125,1871.3900146484375,1862.18994140625,1864.9300537109375,0,0.0,0.0
2026-08-14 15:00:00+00:00,1864.9100341796875,1882.6400146484375,1864.18994140625,1879.239990234375,166691840,0.0,0.0
2026-08-14 16:00:00+00:00,1879.2099609375,1886.1300048828125,1877.31005859375,1883.3699951171875,0,0.0,0.0
2026-08-14 17:00:00+00:00,1883.6400146484375,1885.8299560546875,1874.6300048828125,1876.6300048828125,0,0.0,0.0
2026-08-14 18:00:00+00:00,1876.6600341796875,1877.0400390625,1871.699951171875,1873.6300048828125,50914304,0.0,0.0
2026-08-14 19:00:00+00:00,1873.530029296875,1880.2900390625,1871.6800537109375,1878.9200439453125,0,0.0,0.0
2026-08-14 20:00:00+00:00,1879.2900390625,1879.9000244140625,1876.8699951171875,1878.56005859375,0,0.0,0.0
2026-08-14 21:00:00+00:00,1878.5699462890625,1879.449951171875,1875.5,1877.530029296875,0,0.0,0.0
2026-08-14 22:00:00+00:00,1877.3199462890625,1879.1800537109375,1874.5,1877.8800048828125,6679552,0.0,0.0
2026-08-14 23:00:00+00:00,1877.8599853515625,1880.8599853515625,1876.9100341796875,1880.4100341796875,3802624,0.0,0.0
2026-08-15 00:00:00+00:00,1880.5,1881.719970703125,1879.8399658203125,1880.68994140625,0,0.0,0.0
2026-08-15 01:00:00+00:00,1880.6800537109375,1882.97998046875,1879.27001953125,1882.260009765625,0,0.0,0.0
2026-08-15 02:00:00+00:00,1882.2900390625,1884.0699462890625,1882.239990234375,1883.1199951171875,0,0.0,0.0
2026-08-15 03:00:00+00:00,1883.25,1884.8399658203125,1880.8599853515625,1880.8900146484375,10957312,0.0,0.0
2026-08-15 04:00:00+00:00,1881.1800537109375,1883.7900390625,1881.0799560546875,1882.5799560546875,0,0.0,0.0
2026-08-15 05:00:00+00:00,1882.4300537109375,1883.25,1877.739990234375,1878.9599609375,0,0.0,0.0
2026-08-15 06:00:00+00:00,1879.06005859375,1881.719970703125,1878.0899658203125,1880.3599853515625,0,0.0,0.0
2026-08-15 07:00:00+00:00,1880.3299560546875,1880.7900390625,1878.219970703125,1878.56005859375,0,0.0,0.0
2026-08-15 08:00:00+00:00,1878.510009765625,1879.7099609375,1874.7099609375,1875.0999755859375,0,0.0,0.0
2026-08-15 09:00:00+00:00,1875.3299560546875,1879.239990234375,1873.77001953125,1878.4100341796875,0,0.0,0.0
2026-08-15 10:00:00+00:00,1878.5999755859375,1879.449951171875,1876.22998046875,1879.1600341796875,0,0.0,0.0
2026-08-15 11:00:00+00:00,1878.949951171875,1879.4000244140625,1877.1700439453125,1877.2900390625,0,0.0,0.0
2026-08-15 12:00:00+00:00,1877.1400146484375,1881.780029296875,1876.2099609375,1881.56005859375,0,0.0,0.0
2026-08-15 13:00:00+00:00,1881.260009765625,1882.8399658203125,1880.2900390625,1881.5,0,0.0,0.0
2026-08-15 14:00:00+00:00,1881.5,1882.6099853515625,1879.43994140625,1881.47998046875,0,0.0,0.0
2026-08-15 15:00:00+00:00,1881.3699951171875,1883.8900146484375,1880.949951171875,1882.8900146484375,0,0.0,0.0
2026-08-15 16:00:00+00:00,1883.010009765625,1883.81005859375,1881.72998046875,1883.0899658203125,0,0.0,0.0
2026-08-15 17:00:00+00:00,1882.8499755859375,1884.3699951171875,1880.9599609375,1882.4000244140625,0,0.0,0.0
2026-08-15 18:00:00+00:00,1882.4100341796875,1883.7900390625,1880.56005859375,1880.8699951171875,0,0.0,0.0
2026-08-15 19:00:00+00:00,1880.800048828125,1882.8800048828125,1880.6400146484375,1882.3599853515625,0,0.0,0.0
2026-08-15 20:00:00+00:00,1882.3599853515625,1882.530029296875,1880.719970703125,1881.3299560546875,0,0.0,0.0
2026-08-15 21:00:00+00:00,1881.31005859375,1883.6400146484375,1881.31005859375,1883.1300048828125,21493248,0.0,0.0
2026-08-15 22:00:00+00:00,1883.1400146484375,1883.77001953125,1882.239990234375,1882.5799560546875,0,0.0,0.0
2026-08-15 23:00:00+00:00,1882.6800537109375,1882.75,1880.0,1880.9599609375,0,0.0,0.0
2026-08-16 00:00:00+00:00,1880.8800048828125,1881.510009765625,1879.81005859375,1880.6500244140625,7704576,0.0,0.0
2026-08-16 01:00:00+00:00,1880.22998046875,1880.3800048828125,1875.1700439453125,1878.6199951171875,0,0.0,0.0
2026-08-16 02:00:00+00:00,1878.3800048828125,1883.1600341796875,1877.0999755859375,1881.7900390625,33498368,0.0,0.0
2026-08-16 03:00:00+00:00,1881.8800048828125,1882.3199462890625,1880.8900146484375,1881.010009765625,0,0.0,0.0
2026-08-16 04:00:00+00:00,1881.02001953125,1882.6800537109375,1879.0,1879.949951171875,15700736,0.0,0.0
2026-08-16 05:00:00+00:00,1879.9000244140625,1880.1800537109375,1877.5899658203125,1878.1199951171875,0,0.0,0.0
2026-08-16 06:00:00+00:00,1878.18994140625,1879.81005859375,1877.010009765625,1878.6600341796875,10308608,0.0,0.0
2026-08-16 07:00:00+00:00,1878.6600341796875,1879.8599853515625,1877.949951171875,1879.300048828125,12869632,0.0,0.0
2026-08-16 08:00:00+00:00,1879.300048828125,1879.5999755859375,1878.4000244140625,1878.8299560546875,0,0.0,0.0
2026-08-16 09:00:00+00:00,1878.9200439453125,1880.27001953125,1877.1400146484375,1878.1400146484375,23649280,0.0,0.0
2026-08-16 10:00:00+00:00,1878.1400146484375,1879.1300048828125,1877.6300048828125,1878.760009765625,0,0.0,0.0
2026-08-16 11:00:00+00:00,1878.760009765625,1879.1300048828125,1877.9100341796875,1878.9100341796875,0,0.0,0.0
2026-08-16 12:00:00+00:00,1878.9000244140625,1878.9000244140625,1877.3499755859375,1877.75,0,0.0,0.0
2026-08-16 13:00:00+00:00,1877.760009765625,1879.9100341796875,1877.75,1879.9100341796875,0,0.0,0.0
2026-08-16 14:00:00+00:00,1879.9200439453125,1882.510009765625,1879.9200439453125,1881.3800048828125,55842560,0.0,0.0
2026-08-16 15:00:00+00:00,1881.5699462890625,1882.969970703125,1880.6400146484375,1882.010009765625,31904768,0.0,0.0
2026-08-16 16:00:00+00:00,1882.02001953125,1889.989990234375,1882.02001953125,1887.5899658203125,167911680,0.0,0.0
2026-08-16 17:00:00+00:00,1888.199951171875,1888.56005859375,1882.0899658203125,1883.1199951171875,39645440,0.0,0.0
2026-08-16 18:00:00+00:00,1883.3800048828125,1884.449951171875,1880.760009765625,1883.68994140625,50493696,0.0,0.0
2026-08-16 19:00:00+00:00,1883.699951171875,1886.8900146484375,1882.7099609375,1884.1500244140625,45387264,0.0,0.0
2026-08-16 20:00:00+00:00,1884.3199462890625,1885.5899658203125,1879.7099609375,1880.0999755859375,57648896,0.0,0.0
2026-08-16 21:00:00+00:00,1879.699951171875,1881.1400146484375,1868.6500244140625,1873.719970703125,117181696,0.0,0.0
2026-08-16 22:00:00+00:00,1873.260009765625,1876.1400146484375,1867.3199462890625,1874.0799560546875,245532416,0.0,0.0
2026-08-16 23:00:00+00:00,1873.3499755859375,1875.6099853515625,1871.510009765625,1874.1300048828125,58973952,0.0,0.0
2026-08-17 00:00:00+00:00,1874.0999755859375,1877.93994140625,1870.6099853515625,1876.77001953125,125688576,0.0,0.0
2026-08-17 01:00:00+00:00,1876.3199462890625,1895.25,1876.3199462890625,1889.52001953125,433208064,0.0,0.0
2026-08-17 02:00:00+00:00,1890.9000244140625,1904.77001953125,1886.68994140625,1900.4000244140625,294396672,0.0,0.0
2026-08-17 03:00:00+00:00,1901.9300537109375,1902.06005859375,1896.02001953125,1899.06005859375,234646016,0.0,0.0
2026-08-17 04:00:00+00:00,1899.3599853515625,1902.9599609375,1899.3599853515625,1901.780029296875,157832192,0.0,0.0
2026-08-17 05:00:00+00:00,1901.6199951171875,1902.260009765625,1896.4100341796875,1897.7900390625,110028800,0.0,0.0
2026-08-17 06:00:00+00:00,1897.7900390625,1910.199951171875,1896.1400146484375,1905.1400146484375,288252928,0.0,0.0
2026-08-17 07:00:00+00:00,1905.81005859375,1905.81005859375,1899.0999755859375,1899.1400146484375,264441856,0.0,0.0
2026-08-17 08:00:00+00:00,1899.25,1899.9599609375,1889.68994140625,1892.3699951171875,278397440,0.0,0.0
2026-08-17 09:00:00+00:00,1892.3900146484375,1895.4599609375,1891.1700439453125,1891.969970703125,24181760,0.0,0.0
2026-08-17 10:00:00+00:00,1891.9200439453125,1907.2900390625,1890.0899658203125,1905.0400390625,168398848,0.0,0.0
2026-08-17 11:00:00+00:00,1904.8800048828125,1906.6500244140625,1902.0799560546875,1902.7099609375,197238784,0.0,0.0
2026-08-17 12:00:00+00:00,1902.7900390625,1904.760009765625,1895.06005859375,1896.93994140625,221470720,0.0,0.0
2026-08-17 13:00:00+00:00,1896.949951171875,1906.6099853515625,1893.8800048828125,1902.8699951171875,302034944,0.0,0.0
2026-08-17 14:00:00+00:00,1903.010009765625,1908.77001953125,1896.300048828125,1907.699951171875,119917056,0.0,0.0
2026-08-17 15:00:00+00:00,1907.6700439453125,1913.5899658203125,1902.9000244140625,1911.4599609375,418238976,0.0,0.0
2026-08-17 16:00:00+00:00,1912.1300048828125,1912.1300048828125,1903.760009765625,1905.3599853515625,37855232,0.0,0.0
2026-08-17 17:00:00+00:00,1905.4100341796875,1912.6700439453125,1902.949951171875,1907.1800537109375,265652224,0.0,0.0
2026-08-17 18:00:00+00:00,1907.02001953125,1911.1500244140625,1905.5999755859375,1908.4100341796875,154384384,0.0,0.0
2026-08-17 19:00:00+00:00,1907.9599609375,1909.4000244140625,1904.989990234375,1905.6300048828125,0,0.0,0.0
2026-08-17 20:00:00+00:00,1905.8699951171875,1908.9599609375,1903.27001953125,1904.8800048828125,201411584,0.0,0.0
2026-08-17 21:00:00+00:00,1905.1800537109375,1907.22998046875,1904.3299560546875,1904.75,0,0.0,0.0
2026-08-17 22:00:00+00:00,1905.2900390625,1906.47998046875,1901.9100341796875,1902.760009765625,0,0.0,0.0
2026-08-17 23:00:00+00:00,1902.9599609375,1917.06005859375,1902.280029296875,1911.93994140625,131718144,0.0,0.0
2026-08-18 00:00:00+00:00,1912.510009765625,1912.800048828125,1907.1500244140625,1908.0799560546875,0,0.0,0.0
2026-08-18 01:00:00+00:00,1908.3599853515625,1908.6500244140625,1898.1700439453125,1899.9000244140625,0,0.0,0.0
2026-08-18 02:00:00+00:00,1899.4300537109375,1901.9300537109375,1888.010009765625,1891.3900146484375,17247744,0.0,0.0
2026-08-18 03:00:00+00:00,1891.4200439453125,1893.8299560546875,1884.3399658203125,1892.8900146484375,0,0.0,0.0
2026-08-18 04:00:00+00:00,1892.6600341796875,1895.81005859375,1889.6800537109375,1894.77001953125,68007424,0.0,0.0
2026-08-18 05:00:00+00:00,1894.5899658203125,1896.9100341796875,1891.0400390625,1893.9000244140625,1073664,0.0,0.0
2026-08-18 06:00:00+00:00,1893.719970703125,1905.1700439453125,1891.6800537109375,1901.3299560546875,0,0.0,0.0
2026-08-18 07:00:00+00:00,1901.22998046875,1901.6099853515625,1895.5999755859375,1896.93994140625,0,0.0,0.0
2026-08-18 08:00:00+00:00,1896.8599853515625,1900.02001953125,1892.1199951171875,1898.3800048828125,0,0.0,0.0
2026-08-18 09:00:00+00:00,1897.72998046875,1898.0899658203125,1893.510009765625,1894.800048828125,76886016,0.0,0.0
2026-08-18 10:00:00+00:00,1894.97998046875,1897.0999755859375,1893.2900390625,1896.0899658203125,0,0.0,0.0
2026-08-18 11:00:00+00:00,1895.56005859375,1903.8199462890625,1895.56005859375,1901.2099609375,0,0.0,0.0
2026-08-18 12:00:00+00:00,1901.1099853515625,1902.0,1897.3199462890625,1897.6500244140625,0,0.0,0.0
2026-08-18 13:00:00+00:00,1897.199951171875,1898.280029296875,1892.0699462890625,1896.0,0,0.0,0.0
2026-08-18 14:00:00+00:00,1896.4599609375,1922.1199951171875,1895.47998046875,1909.75,475369472,0.0,0.0
2026-08-18 15:00:00+00:00,1910.0999755859375,1918.260009765625,1907.0999755859375,1916.469970703125,93674496,0.0,0.0
2026-08-18 16:00:00+00:00,1916.97998046875,1921.489990234375,1911.5999755859375,1917.3800048828125,72932352,0.0,0.0
2026-08-18 17:00:00+00:00,1917.5,1917.5,1910.1300048828125,1910.22998046875,0,0.0,0.0
2026-08-18 18:00:00+00:00,1909.760009765625,1916.4599609375,1909.760009765625,1915.31005859375,0,0.0,0.0
2026-08-18 19:00:00+00:00,1915.0,1916.3399658203125,1911.7900390625,1912.199951171875,0,0.0,0.0
2026-08-18 20:00:00+00:00,1912.699951171875,1914.5,1910.3699951171875,1911.52001953125,0,0.0,0.0
2026-08-18 21:00:00+00:00,1911.43994140625,1913.760009765625,1909.8199462890625,1910.969970703125,0,0.0,0.0
2026-08-18 22:00:00+00:00,1910.56005859375,1914.050048828125,1910.4200439453125,1912.239990234375,71417344,0.0,0.0
2026-08-18 23:00:00+00:00,1911.7099609375,1919.0,1911.699951171875,1916.739990234375,0,0.0,0.0
2026-08-19 00:00:00+00:00,1916.739990234375,1917.93994140625,1910.8299560546875,1912.2099609375,28980736,0.0,0.0
2026-08-19 01:00:00+00:00,1912.030029296875,1916.800048828125,1910.8399658203125,1912.280029296875,89653248,0.0,0.0
2026-08-19 02:00:00+00:00,1912.010009765625,1912.550048828125,1905.969970703125,1906.280029296875,0,0.0,0.0
2026-08-19 03:00:00+00:00,1906.300048828125,1913.9599609375,1904.8900146484375,1910.4100341796875,0,0.0,0.0
2026-08-19 04:00:00+00:00,1910.4100341796875,1913.0799560546875,1908.5899658203125,1909.1099853515625,8750080,0.0,0.0
2026-08-19 05:00:00+00:00,1909.0799560546875,1912.52001953125,1908.3499755859375,1908.699951171875,0,0.0,0.0
2026-08-19 06:00:00+00:00,1909.4100341796875,1916.1300048828125,1904.81005859375,1916.0899658203125,47953920,0.0,0.0
2026-08-19 07:00:00+00:00,1916.6700439453125,1919.77001953125,1913.9000244140625,1914.4599609375,95581696,0.0,0.0
2026-08-19 08:00:00+00:00,1914.300048828125,1928.3900146484375,1913.6300048828125,1920.0999755859375,130632192,0.0,0.0
2026-08-19 09:00:00+00:00,1920.239990234375,1922.47998046875,1916.43994140625,1917.6300048828125,0,0.0,0.0
2026-08-19 10:00:00+00:00,1917.6199951171875,1918.800048828125,1915.739990234375,1918.510009765625,0,0.0,0.0
2026-08-19 11:00:00+00:00,1918.27001953125,1924.8399658203125,1918.1600341796875,1921.550048828125,65274880,0.0,0.0
2026-08-19 12:00:00+00:00,1921.5400390625,1941.1800537109375,1920.8499755859375,1935.699951171875,554539520,0.0,0.0
2026-08-19 13:00:00+00:00,1935.6099853515625,1939.4200439453125,1927.0,1931.31005859375,673034752,0.0,0.0
2026-08-19 14:00:00+00:00,1932.1099853515625,1976.719970703125,1931.550048828125,1968.5999755859375,226827264,0.0,0.0
2026-08-19 15:00:00+00:00,1971.0999755859375,2104.6298828125,1966.1300048828125,2085.35009765625,5674700288,0.0,0.0
2026-08-19 16:00:00+00:00,2085.360107421875,2106.429931640625,2081.739990234375,2088.77001953125,2193788928,0.0,0.0
2026-08-19 17:00:00+00:00,2088.969970703125,2091.969970703125,2068.300048828125,2090.6201171875,1095389184,0.0,0.0
2026-08-19 18:00:00+00:00,2091.320068359375,2091.9599609375,2079.0,2091.6201171875,912863232,0.0,0.0
2026-08-19 19:00:00+00:00,2091.27001953125,2105.260009765625,2088.5,2101.929931640625,898340864,0.0,0.0
2026-08-19 20:00:00+00:00,2102.580078125,2235.64990234375,2101.43994140625,2218.300048828125,1823547392,0.0,0.0
2026-08-19 21:00:00+00:00,2221.469970703125,2334.14990234375,2216.199951171875,2285.47998046875,5731561472,0.0,0.0
2026-08-19 22:00:00+00:00,2286.1201171875,2289.0400390625,2242.0400390625,2248.820068359375,1705732096,0.0,0.0
2026-08-19 23:00:00+00:00,2249.22998046875,2259.97998046875,2242.3701171875,2252.050048828125,1147805696,0.0,0.0
2026-08-20 00:00:00+00:00,2251.68994140625,2272.6201171875,2250.969970703125,2261.139892578125,1014122496,0.0,0.0
2026-08-20 01:00:00+00:00,2259.75,2269.5400390625,2248.919921875,2265.449951171875,987963392,0.0,0.0
2026-08-20 02:00:00+00:00,2265.580078125,2269.320068359375,2248.4599609375,2250.780029296875,114421760,0.0,0.0
2026-08-20 03:00:00+00:00,2250.360107421875,2254.919921875,2221.5400390625,2249.169921875,1163141120,0.0,0.0
2026-08-20 04:00:00+00:00,2249.27001953125,2256.27001953125,2247.25,2248.550048828125,796391424,0.0,0.0
2026-08-20 05:00:00+00:00,2248.550048828125,2255.1201171875,2242.080078125,2246.75,198858752,0.0,0.0
2026-08-20 06:00:00+00:00,2246.159912109375,2265.5400390625,2237.510009765625,2261.10009765625,730818560,0.0,0.0
2026-08-20 07:00:00+00:00,2260.860107421875,2262.1201171875,2243.179931640625,2250.18994140625,625565696,0.0,0.0
2026-08-20 08:00:00+00:00,2250.199951171875,2284.3701171875,2247.639892578125,2280.0,1121329152,0.0,0.0
2026-08-20 09:00:00+00:00,2280.409912109375,2296.10009765625,2273.800048828125,2276.949951171875,1197535232,0.0,0.0
2026-08-20 10:00:00+00:00,2277.409912109375,2292.949951171875,2274.8798828125,2285.139892578125,1341575168,0.0,0.0
2026-08-20 11:00:00+00:00,2284.739990234375,2317.050048828125,2280.75,2294.820068359375,1290100736,0.0,0.0
2026-08-20 12:00:00+00:00,2295.3701171875,2298.820068359375,2267.56005859375,2288.60009765625,286195712,0.0,0.0
2026-08-20 13:00:00+00:00,2288.969970703125,2296.199951171875,2256.010009765625,2274.5,555311104,0.0,0.0
2026-08-20 14:00:00+00:00,2274.60009765625,2287.699951171875,2269.77001953125,2279.909912109375,40411136,0.0,0.0
2026-08-20 15:00:00+00:00,2280.14990234375,2334.510009765625,2279.97998046875,2325.93994140625,0,0.0,0.0
2026-08-20 16:00:00+00:00,2325.68994140625,2357.889892578125,2313.5400390625,2343.199951171875,0,0.0,0.0
2026-08-20 17:00:00+00:00,2342.5,2349.8798828125,2331.760009765625,2343.52001953125,91746304,0.0,0.0
2026-08-20 18:00:00+00:00,2343.89990234375,2347.1201171875,2310.2099609375,2315.85009765625,389984256,0.0,0.0
2026-08-20 19:00:00+00:00,2316.52001953125,2332.340087890625,2311.610107421875,2322.14990234375,17534976,0.0,0.0
2026-08-20 20:00:00+00:00,2323.780029296875,2330.8701171875,2313.93994140625,2317.909912109375,0,0.0,0.0
2026-08-20 21:00:00+00:00,2317.719970703125,2324.93994140625,2313.010009765625,2318.449951171875,0,0.0,0.0
2026-08-20 22:00:00+00:00,2318.449951171875,2318.800048828125,2307.610107421875,2313.659912109375,0,0.0,0.0
2026-08-20 23:00:00+00:00,2313.6298828125,2337.969970703125,2312.8701171875,2326.35009765625,39237632,0.0,0.0
2026-08-21 00:00:00+00:00,2326.60009765625,2349.909912109375,2324.72998046875,2340.239990234375,0,0.0,0.0
2026-08-21 01:00:00+00:00,2339.47998046875,2379.0,2337.0,2358.199951171875,53848064,0.0,0.0
2026-08-21 02:00:00+00:00,2358.85009765625,2363.909912109375,2343.18994140625,2344.669921875,956620800,0.0,0.0
2026-08-21 03:00:00+00:00,2345.3701171875,2353.5400390625,2337.14990234375,2340.030029296875,0,0.0,0.0
2026-08-21 04:00:00+00:00,2341.18994140625,2354.89990234375,2341.18994140625,2353.030029296875,0,0.0,0.0
2026-08-21 05:00:00+00:00,2353.0,2367.31005859375,2348.889892578125,2367.31005859375,434661376,0.0,0.0
2026-08-21 06:00:00+00:00,2365.800048828125,2378.010009765625,2354.139892578125,2371.280029296875,129564672,0.0,0.0
2026-08-21 07:00:00+00:00,2371.260009765625,2396.780029296875,2367.800048828125,2369.7900390625,0,0.0,0.0
2026-08-21 08:00:00+00:00,2371.469970703125,2447.090087890625,2370.409912109375,2444.14990234375,458737664,0.0,0.0
2026-08-21 09:00:00+00:00,2445.22998046875,2445.22998046875,2376.89990234375,2403.60009765625,2196733952,0.0,0.0
2026-08-21 10:00:00+00:00,2403.39990234375,2411.27001953125,2390.800048828125,2394.969970703125,0,0.0,0.0
2026-08-21 11:00:00+00:00,2396.02001953125,2397.429931640625,2357.18994140625,2369.5,0,0.0,0.0
2026-08-21 12:00:00+00:00,2370.219970703125,2396.14990234375,2364.60009765625,2387.56005859375,428558336,0.0,0.0
2026-08-21 13:00:00+00:00,2388.39990234375,2405.39990234375,2369.06005859375,2388.260009765625,0,0.0,0.0
2026-08-21 14:00:00+00:00,2386.449951171875,2396.669921875,2369.0,2393.159912109375,827316224,0.0,0.0
2026-08-21 15:00:00+00:00,2393.590087890625,2407.89990234375,2390.669921875,2392.889892578125,0,0.0,0.0
2026-08-21 16:00:00+00:00,2393.5,2411.97998046875,2383.800048828125,2405.080078125,0,0.0,0.0
2026-08-21 17:00:00+00:00,2405.0400390625,2427.280029296875,2402.10009765625,2423.1201171875,263362560,0.0,0.0
2026-08-21 18:00:00+00:00,2423.389892578125,2431.169921875,2395.2900390625,2419.6201171875,0,0.0,0.0
2026-08-21 19:00:00+00:00,2420.31005859375,2420.31005859375,2407.02001953125,2413.2099609375,33939456,0.0,0.0
2026-08-21 20:00:00+00:00,2414.6298828125,2447.409912109375,2408.280029296875,2440.47998046875,436772864,0.0,0.0
2026-08-21 21:00:00+00:00,2440.330078125,2520.0,2434.56005859375,2513.7099609375,1324939264,0.0,0.0
2026-08-21 22:00:00+00:00,2513.320068359375,2545.659912109375,2507.300048828125,2532.5,1278121984,0.0,0.0
2026-08-22 00:00:00+00:00,2515.820068359375,2522.60009765625,2492.139892578125,2521.81005859375,2494924800,0.0,0.0
2026-08-22 01:00:00+00:00,2521.85009765625,2528.389892578125,2508.239990234375,2508.239990234375,2611998720,0.0,0.0
2026-08-22 02:00:00+00:00,2507.9599609375,2522.090087890625,2497.260009765625,2510.320068359375,1562609664,0.0,0.0
