Datetime,Open,High,Low,Close,Volume,Dividends,Stock Splits
2026-06-24 00:00:00+00:00,2.4000000848900527e-05,2.4000000848900527e-05,2.4000000848900527e-05,2.4000000848900527e-05,0,0.0,0.0
2026-06-24 01:00:00+00:00,2.4000000848900527e-05,2.4200000552809797e-05,2.390000008745119e-05,2.409999979136046e-05,0,0.0,0.0
2026-06-24 02:00:00+00:00,2.409999979136046e-05,2.409999979136046e-05,2.4000000848900527e-05,2.4000000848900527e-05,0,0.0,0.0
2026-06-24 03:00:00+00:00,2.4000000848900527e-05,2.4000000848900527e-05,2.3799999326001853e-05,2.390000008745119e-05,149060,0.0,0.0
2026-06-24 04:00:00+00:00,2.390000008745119e-05,2.390000008745119e-05,2.370000038354192e-05,2.3799999326001853e-05,0,0.0,0.0
2026-06-24 05:00:00+00:00,2.3799999326001853e-05,2.4000000848900527e-05,2.3799999326001853e-05,2.4000000848900527e-05,0,0.0,0.0
2026-06-24 06:00:00+00:00,2.4000000848900527e-05,2.4000000848900527e-05,2.3799999326001853e-05,2.3799999326001853e-05,0,0.0,0.0
2026-06-24 07:00:00+00:00,2.3799999326001853e-05,2.3799999326001853e-05,2.370000038354192e-05,2.370000038354192e-05,0,0.0,0.0
2026-06-24 08:00:00+00:00,2.370000038354192e-05,2.3799999326001853e-05,2.370000038354192e-05,2.3799999326001853e-05,0,0.0,0.0
2026-06-24 09:00:00+00:00,2.3799999326001853e-05,2.3799999326001853e-05,2.370000038354192e-05,2.370000038354192e-05,0,0.0,0.0
2026-06-24 10:00:00+00:00,2.370000038354192e-05,2.370000038354192e-05,2.3599999622092582e-05,2.370000038354192e-05,0,0.0,0.0
2026-06-24 11:00:00+00:00,2.370000038354192e-05,2.390000008745119e-05,2.350000067963265e-05,2.3799999326001853e-05,0,0.0,0.0
2026-06-24 12:00:00+00:00,2.3799999326001853e-05,2.3799999326001853e-05,2.370000038354192e-05,2.370000038354192e-05,0,0.0,0.0
2026-06-24 13:00:00+00:00,2.370000038354192e-05,2.370000038354192e-05,2.300000051036477e-05,2.320000021427404e-05,523366,0.0,0.0
2026-06-24 14:00:00+00:00,2.320000021427404e-05,2.320000021427404e-05,2.3099999452824704e-05,2.320000021427404e-05,155336,0.0,0.0
2026-06-24 15:00:00+00:00,2.320000021427404e-05,2.320000021427404e-05,2.28000008064555e-05,2.2899999748915434e-05,0,0.0,0.0
2026-06-24 16:00:00+00:00,2.2899999748915434e-05,2.3099999452824704e-05,2.2300000637187622e-05,2.2399999579647556e-05,692579,0.0,0.0
2026-06-24 17:00:00+00:00,2.2399999579647556e-05,2.2599999283556826e-05,2.209999911428895e-05,2.209999911428895e-05,1420031,0.0,0.0
2026-06-24 18:00:00+00:00,2.209999911428895e-05,2.2599999283556826e-05,2.1899999410379678e-05,2.2500000341096893e-05,890896,0.0,0.0
2026-06-24 19:00:00+00:00,2.2500000341096893e-05,2.2500000341096893e-05,2.2500000341096893e-05,2.2500000341096893e-05,224132,0.0,0.0
2026-06-24 20:00:00+00:00,2.2500000341096893e-05,2.300000051036477e-05,2.2500000341096893e-05,2.300000051036477e-05,821098,0.0,0.0
2026-06-24 21:00:00+00:00,2.300000051036477e-05,2.3099999452824704e-05,2.300000051036477e-05,2.3099999452824704e-05,337468,0.0,0.0
2026-06-24 22:00:00+00:00,2.3099999452824704e-05,2.320000021427404e-05,2.2899999748915434e-05,2.2899999748915434e-05,96424,0.0,0.0
2026-06-24 23:00:00+00:00,2.2899999748915434e-05,2.3099999452824704e-05,2.2899999748915434e-05,2.3099999452824704e-05,0,0.0,0.0
2026-06-25 00:00:00+00:00,2.3099999452824704e-05,2.3099999452824704e-05,2.3099999452824704e-05,2.3099999452824704e-05,0,0.0,0.0
2026-06-25 01:00:00+00:00,2.3099999452824704e-05,2.3099999452824704e-05,2.300000051036477e-05,2.300000051036477e-05,86664,0.0,0.0
2026-06-25 02:00:00+00:00,2.300000051036477e-05,2.300000051036477e-05,2.300000051036477e-05,2.300000051036477e-05,0,0.0,0.0
2026-06-25 03:00:00+00:00,2.300000051036477e-05,2.3099999452824704e-05,2.300000051036477e-05,2.300000051036477e-05,0,0.0,0.0
2026-06-25 04:00:00+00:00,2.300000051036477e-05,2.320000021427404e-05,2.2899999748915434e-05,2.320000021427404e-05,0,0.0,0.0
2026-06-25 05:00:00+00:00,2.320000021427404e-05,2.3599999622092582e-05,2.320000021427404e-05,2.350000067963265e-05,965376,0.0,0.0
2026-06-25 06:00:00+00:00,2.350000067963265e-05,2.350000067963265e-05,2.3399999918183312e-05,2.3399999918183312e-05,314664,0.0,0.0
2026-06-25 07:00:00+00:00,2.3399999918183312e-05,2.350000067963265e-05,2.3399999918183312e-05,2.350000067963265e-05,0,0.0,0.0
2026-06-25 08:00:00+00:00,2.350000067963265e-05,2.350000067963265e-05,2.3399999918183312e-05,2.3399999918183312e-05,0,0.0,0.0
2026-06-25 09:00:00+00:00,2.3399999918183312e-05,2.3399999918183312e-05,2.3399999918183312e-05,2.3399999918183312e-05,0,0.0,0.0
2026-06-25 10:00:00+00:00,2.3399999918183312e-05,2.3399999918183312e-05,2.320000021427404e-05,2.320000021427404e-05,0,0.0,0.0
2026-06-25 11:00:00+00:00,2.320000021427404e-05,2.320000021427404e-05,2.2899999748915434e-05,2.2899999748915434e-05,82530,0.0,0.0
2026-06-25 12:00:00+00:00,2.2899999748915434e-05,2.300000051036477e-05,2.28000008064555e-05,2.300000051036477e-05,1060558,0.0,0.0
2026-06-25 13:00:00+00:00,2.300000051036477e-05,2.300000051036477e-05,2.119999953720253e-05,2.119999953720253e-05,436894,0.0,0.0
2026-06-25 14:00:00+00:00,2.1500000002561137e-05,2.2199999875738285e-05,2.13999992411118e-05,2.1899999410379678e-05,2922020,0.0,0.0
2026-06-25 15:00:00+00:00,2.1899999410379678e-05,2.2000000171829015e-05,2.1699999706470408e-05,2.1699999706470408e-05,1041780,0.0,0.0
2026-06-25 16:00:00+00:00,2.1699999706470408e-05,2.209999911428895e-05,2.1600000764010474e-05,2.1600000764010474e-05,182248,0.0,0.0
2026-06-25 17:00:00+00:00,2.1600000764010474e-05,2.2000000171829015e-05,2.1600000764010474e-05,2.2000000171829015e-05,0,0.0,0.0
2026-06-25 18:00:00+00:00,2.2000000171829015e-05,2.2000000171829015e-05,2.1600000764010474e-05,2.1600000764010474e-05,0,0.0,0.0
2026-06-25 19:00:00+00:00,2.1600000764010474e-05,2.1600000764010474e-05,2.1500000002561137e-05,2.1500000002561137e-05,36356,0.0,0.0
2026-06-25 20:00:00+00:00,2.1500000002561137e-05,2.1800000467919745e-05,2.1500000002561137e-05,2.1800000467919745e-05,280880,0.0,0.0
2026-06-25 21:00:00+00:00,2.1800000467919745e-05,2.209999911428895e-05,2.1800000467919745e-05,2.209999911428895e-05,42362,0.0,0.0
2026-06-25 22:00:00+00:00,2.209999911428895e-05,2.2199999875738285e-05,2.1899999410379678e-05,2.2000000171829015e-05,0,0.0,0.0
2026-06-25 23:00:00+00:00,2.2000000171829015e-05,2.209999911428895e-05,2.2000000171829015e-05,2.2000000171829015e-05,0,0.0,0.0
2026-06-26 00:00:00+00:00,2.2000000171829015e-05,2.2000000171829015e-05,2.2000000171829015e-05,2.2000000171829015e-05,91124,0.0,0.0
2026-06-26 01:00:00+00:00,2.2000000171829015e-05,2.2000000171829015e-05,2.1800000467919745e-05,2.1800000467919745e-05,34824,0.0,0.0
2026-06-26 02:00:00+00:00,2.1800000467919745e-05,2.1800000467919745e-05,2.1300000298651867e-05,2.13999992411118e-05,615882,0.0,0.0
2026-06-26 03:00:00+00:00,2.13999992411118e-05,2.2000000171829015e-05,2.13999992411118e-05,2.2000000171829015e-05,493372,0.0,0.0
2026-06-26 04:00:00+00:00,2.2000000171829015e-05,2.2000000171829015e-05,2.1899999410379678e-05,2.1899999410379678e-05,45228,0.0,0.0
2026-06-26 05:00:00+00:00,2.1899999410379678e-05,2.2000000171829015e-05,2.1899999410379678e-05,2.1899999410379678e-05,0,0.0,0.0
2026-06-26 06:00:00+00:00,2.1899999410379678e-05,2.2199999875738285e-05,2.1899999410379678e-05,2.2199999875738285e-05,124516,0.0,0.0
2026-06-26 07:00:00+00:00,2.2199999875738285e-05,2.2399999579647556e-05,2.2199999875738285e-05,2.2300000637187622e-05,268178,0.0,0.0
2026-06-26 08:00:00+00:00,2.2300000637187622e-05,2.2300000637187622e-05,2.2000000171829015e-05,2.2000000171829015e-05,263554,0.0,0.0
2026-06-26 09:00:00+00:00,2.2000000171829015e-05,2.209999911428895e-05,2.2000000171829015e-05,2.2000000171829015e-05,0,0.0,0.0
2026-06-26 10:00:00+00:00,2.2000000171829015e-05,2.2000000171829015e-05,2.1699999706470408e-05,2.1699999706470408e-05,0,0.0,0.0
2026-06-26 11:00:00+00:00,2.1699999706470408e-05,2.1800000467919745e-05,2.1699999706470408e-05,2.1800000467919745e-05,0,0.0,0.0
2026-06-26 12:00:00+00:00,2.1800000467919745e-05,2.2000000171829015e-05,2.1699999706470408e-05,2.1699999706470408e-05,0,0.0,0.0
2026-06-26 13:00:00+00:00,2.1699999706470408e-05,2.209999911428895e-05,2.1600000764010474e-05,2.209999911428895e-05,0,0.0,0.0
2026-06-26 14:00:00+00:00,2.209999911428895e-05,2.209999911428895e-05,2.2000000171829015e-05,2.2000000171829015e-05,0,0.0,0.0
2026-06-26 15:00:00+00:00,2.2000000171829015e-05,2.2399999579647556e-05,2.1899999410379678e-05,2.2199999875738285e-05,0,0.0,0.0
2026-06-26 16:00:00+00:00,2.2199999875738285e-05,2.2300000637187622e-05,2.2000000171829015e-05,2.2300000637187622e-05,119252,0.0,0.0
2026-06-26 17:00:00+00:00,2.2300000637187622e-05,2.2300000637187622e-05,2.209999911428895e-05,2.2300000637187622e-05,0,0.0,0.0
2026-06-26 18:00:00+00:00,2.2300000637187622e-05,2.2300000637187622e-05,2.209999911428895e-05,2.2199999875738285e-05,0,0.0,0.0
2026-06-26 19:00:00+00:00,2.2199999875738285e-05,2.2300000637187622e-05,2.2000000171829015e-05,2.209999911428895e-05,514508,0.0,0.0
2026-06-26 20:00:00+00:00,2.209999911428895e-05,2.2199999875738285e-05,2.2000000171829015e-05,2.209999911428895e-05,0,0.0,0.0
2026-06-26 21:00:00+00:00,2.209999911428895e-05,2.209999911428895e-05,2.2000000171829015e-05,2.2000000171829015e-05,0,0.0,0.0
2026-06-26 22:00:00+00:00,2.2000000171829015e-05,2.209999911428895e-05,2.2000000171829015e-05,2.209999911428895e-05,0,0.0,0.0
2026-06-26 23:00:00+00:00,2.209999911428895e-05,2.2199999875738285e-05,2.209999911428895e-05,2.209999911428895e-05,0,0.0,0.0
2026-06-27 00:00:00+00:00,2.209999911428895e-05,2.2199999875738285e-05,2.209999911428895e-05,2.209999911428895e-05,0,0.0,0.0
2026-06-27 01:00:00+00:00,2.209999911428895e-05,2.209999911428895e-05,2.209999911428895e-05,2.209999911428895e-05,0,0.0,0.0
2026-06-27 02:00:00+00:00,2.209999911428895e-05,2.2300000637187622e-05,2.209999911428895e-05,2.2199999875738285e-05,0,0.0,0.0
2026-06-27 03:00:00+00:00,2.2199999875738285e-05,2.2199999875738285e-05,2.209999911428895e-05,2.209999911428895e-05,0,0.0,0.0
2026-06-27 04:00:00+00:00,2.209999911428895e-05,2.209999911428895e-05,2.2000000171829015e-05,2.2000000171829015e-05,0,0.0,0.0
2026-06-27 05:00:00+00:00,2.2000000171829015e-05,2.209999911428895e-05,2.2000000171829015e-05,2.209999911428895e-05,2008,0.0,0.0
2026-06-27 06:00:00+00:00,2.209999911428895e-05,2.209999911428895e-05,2.2000000171829015e-05,2.2000000171829015e-05,0,0.0,0.0
2026-06-27 07:00:00+00:00,2.2000000171829015e-05,2.2000000171829015e-05,2.2000000171829015e-05,2.2000000171829015e-05,0,0.0,0.0
2026-06-27 08:00:00+00:00,2.2000000171829015e-05,2.209999911428895e-05,2.1699999706470408e-05,2.1699999706470408e-05,591298,0.0,0.0
2026-06-27 09:00:00+00:00,2.1699999706470408e-05,2.1899999410379678e-05,2.1699999706470408e-05,2.1899999410379678e-05,538102,0.0,0.0
2026-06-27 10:00:00+00:00,2.1899999410379678e-05,2.1899999410379678e-05,2.1800000467919745e-05,2.1800000467919745e-05,0,0.0,0.0
2026-06-27 11:00:00+00:00,2.1800000467919745e-05,2.2000000171829015e-05,2.1800000467919745e-05,2.2000000171829015e-05,1156482,0.0,0.0
2026-06-27 12:00:00+00:00,2.2000000171829015e-05,2.2000000171829015e-05,2.2000000171829015e-05,2.2000000171829015e-05,0,0.0,0.0
2026-06-27 13:00:00+00:00,2.2000000171829015e-05,2.209999911428895e-05,2.2000000171829015e-05,2.209999911428895e-05,0,0.0,0.0
2026-06-27 14:00:00+00:00,2.209999911428895e-05,2.2199999875738285e-05,2.2000000171829015e-05,2.2000000171829015e-05,0,0.0,0.0
2026-06-27 15:00:00+00:00,2.2000000171829015e-05,2.2199999875738285e-05,2.2000000171829015e-05,2.209999911428895e-05,0,0.0,0.0
2026-06-27 16:00:00+00:00,2.209999911428895e-05,2.2199999875738285e-05,2.209999911428895e-05,2.209999911428895e-05,0,0.0,0.0
2026-06-27 17:00:00+00:00,2.209999911428895e-05,2.209999911428895e-05,2.2000000171829015e-05,2.2000000171829015e-05,0,0.0,0.0
2026-06-27 18:00:00+00:00,2.2000000171829015e-05,2.2000000171829015e-05,2.1899999410379678e-05,2.2000000171829015e-05,0,0.0,0.0
2026-06-27 19:00:00+00:00,2.2000000171829015e-05,2.2000000171829015e-05,2.1699999706470408e-05,2.1800000467919745e-05,0,0.0,0.0
2026-06-27 20:00:00+00:00,2.1800000467919745e-05,2.1800000467919745e-05,2.1699999706470408e-05,2.1699999706470408e-05,0,0.0,0.0
2026-06-27 21:00:00+00:00,2.1699999706470408e-05,2.1800000467919745e-05,2.1600000764010474e-05,2.1600000764010474e-05,0,0.0,0.0
2026-06-27 22:00:00+00:00,2.1600000764010474e-05,2.1600000764010474e-05,2.1500000002561137e-05,2.1500000002561137e-05,0,0.0,0.0
2026-06-27 23:00:00+00:00,2.1500000002561137e-05,2.1600000764010474e-05,2.1500000002561137e-05,2.1600000764010474e-05,1608,0.0,0.0
2026-06-28 00:00:00+00:00,2.1600000764010474e-05,2.1600000764010474e-05,2.1600000764010474e-05,2.1600000764010474e-05,46696,0.0,0.0
2026-06-28 01:00:00+00:00,2.1600000764010474e-05,2.1699999706470408e-05,2.1600000764010474e-05,2.1600000764010474e-05,112228,0.0,0.0
2026-06-28 02:00:00+00:00,2.1600000764010474e-05,2.1600000764010474e-05,2.1600000764010474e-05,2.1600000764010474e-05,0,0.0,0.0
2026-06-28 03:00:00+00:00,2.1600000764010474e-05,2.1600000764010474e-05,2.1500000002561137e-05,2.1600000764010474e-05,0,0.0,0.0
2026-06-28 04:00:00+00:00,2.1600000764010474e-05,2.1600000764010474e-05,2.1600000764010474e-05,2.1600000764010474e-05,14378,0.0,0.0
2026-06-28 05:00:00+00:00,2.1600000764010474e-05,2.1600000764010474e-05,2.1600000764010474e-05,2.1600000764010474e-05,101506,0.0,0.0
2026-06-28 06:00:00+00:00,2.1600000764010474e-05,2.1600000764010474e-05,2.1500000002561137e-05,2.1500000002561137e-05,93245,0.0,0.0
2026-06-28 07:00:00+00:00,2.1500000002561137e-05,2.1500000002561137e-05,2.1500000002561137e-05,2.1500000002561137e-05,188819,0.0,0.0
2026-06-28 08:00:00+00:00,2.1500000002561137e-05,2.1800000467919745e-05,2.1500000002561137e-05,2.1800000467919745e-05,0,0.0,0.0
2026-06-28 09:00:00+00:00,2.1800000467919745e-05,2.1800000467919745e-05,2.1600000764010474e-05,2.1600000764010474e-05,0,0.0,0.0
2026-06-28 10:00:00+00:00,2.1600000764010474e-05,2.1600000764010474e-05,2.1500000002561137e-05,2.1500000002561137e-05,0,0.0,0.0
2026-06-28 11:00:00+00:00,2.1500000002561137e-05,2.1699999706470408e-05,2.1500000002561137e-05,2.1699999706470408e-05,0,0.0,0.0
2026-06-28 12:00:00+00:00,2.1699999706470408e-05,2.1800000467919745e-05,2.1600000764010474e-05,2.1699999706470408e-05,118351,0.0,0.0
2026-06-28 13:00:00+00:00,2.1699999706470408e-05,2.1699999706470408e-05,2.1500000002561137e-05,2.1600000764010474e-05,179084,0.0,0.0
2026-06-28 14:00:00+00:00,2.1600000764010474e-05,2.1699999706470408e-05,2.1600000764010474e-05,2.1699999706470408e-05,141515,0.0,0.0
2026-06-28 15:00:00+00:00,2.1699999706470408e-05,2.1699999706470408e-05,2.1600000764010474e-05,2.1600000764010474e-05,0,0.0,0.0
2026-06-28 16:00:00+00:00,2.1600000764010474e-05,2.1600000764010474e-05,2.1600000764010474e-05,2.1600000764010474e-05,76323,0.0,0.0
2026-06-28 17:00:00+00:00,2.1600000764010474e-05,2.1600000764010474e-05,2.1300000298651867e-05,2.1300000298651867e-05,212175,0.0,0.0
2026-06-28 18:00:00+00:00,2.1300000298651867e-05,2.1300000298651867e-05,2.1300000298651867e-05,2.1300000298651867e-05,0,0.0,0.0
2026-06-28 19:00:00+00:00,2.1300000298651867e-05,2.1500000002561137e-05,2.1300000298651867e-05,2.13999992411118e-05,31361,0.0,0.0
2026-06-28 20:00:00+00:00,2.13999992411118e-05,2.1600000764010474e-05,2.13999992411118e-05,2.1600000764010474e-05,0,0.0,0.0
2026-06-28 21:00:00+00:00,2.1600000764010474e-05,2.1600000764010474e-05,2.13999992411118e-05,2.13999992411118e-05,0,0.0,0.0
2026-06-28 22:00:00+00:00,2.13999992411118e-05,2.13999992411118e-05,2.119999953720253e-05,2.119999953720253e-05,269881,0.0,0.0
2026-06-28 23:00:00+00:00,2.119999953720253e-05,2.13999992411118e-05,2.119999953720253e-05,2.13999992411118e-05,125507,0.0,0.0
2026-06-29 00:00:00+00:00,2.13999992411118e-05,2.1600000764010474e-05,2.1300000298651867e-05,2.1600000764010474e-05,132761,0.0,0.0
2026-06-29 01:00:00+00:00,2.1600000764010474e-05,2.1600000764010474e-05,2.1500000002561137e-05,2.1500000002561137e-05,84190,0.0,0.0
2026-06-29 02:00:00+00:00,2.1500000002561137e-05,2.1699999706470408e-05,2.13999992411118e-05,2.1699999706470408e-05,263372,0.0,0.0
2026-06-29 03:00:00+00:00,2.1699999706470408e-05,2.1899999410379678e-05,2.1699999706470408e-05,2.1800000467919745e-05,347997,0.0,0.0
2026-06-29 04:00:00+00:00,2.1800000467919745e-05,2.1800000467919745e-05,2.1800000467919745e-05,2.1800000467919745e-05,0,0.0,0.0
2026-06-29 05:00:00+00:00,2.1800000467919745e-05,2.1800000467919745e-05,2.1500000002561137e-05,2.1500000002561137e-05,0,0.0,0.0
2026-06-29 06:00:00+00:00,2.1500000002561137e-05,2.1899999410379678e-05,2.1500000002561137e-05,2.1800000467919745e-05,0,0.0,0.0
2026-06-29 07:00:00+00:00,2.1800000467919745e-05,2.1899999410379678e-05,2.1800000467919745e-05,2.1899999410379678e-05,68961,0.0,0.0
2026-06-29 08:00:00+00:00,2.1899999410379678e-05,2.1899999410379678e-05,2.1699999706470408e-05,2.1899999410379678e-05,1646,0.0,0.0
2026-06-29 09:00:00+00:00,2.1899999410379678e-05,2.2000000171829015e-05,2.1800000467919745e-05,2.1899999410379678e-05,44855,0.0,0.0
2026-06-29 10:00:00+00:00,2.1899999410379678e-05,2.2000000171829015e-05,2.1899999410379678e-05,2.2000000171829015e-05,268873,0.0,0.0
2026-06-29 11:00:00+00:00,2.2000000171829015e-05,2.2000000171829015e-05,2.1800000467919745e-05,2.1800000467919745e-05,144935,0.0,0.0
2026-06-29 12:00:00+00:00,2.1800000467919745e-05,2.209999911428895e-05,2.1800000467919745e-05,2.1899999410379678e-05,635429,0.0,0.0
2026-06-29 13:00:00+00:00,2.1899999410379678e-05,2.209999911428895e-05,2.1800000467919745e-05,2.1800000467919745e-05,469540,0.0,0.0
2026-06-29 14:00:00+00:00,2.1800000467919745e-05,2.2000000171829015e-05,2.1699999706470408e-05,2.2000000171829015e-05,341212,0.0,0.0
2026-06-29 15:00:00+00:00,2.2000000171829015e-05,2.209999911428895e-05,2.1800000467919745e-05,2.209999911428895e-05,561887,0.0,0.0
2026-06-29 16:00:00+00:00,2.209999911428895e-05,2.2199999875738285e-05,2.2000000171829015e-05,2.2199999875738285e-05,406925,0.0,0.0
2026-06-29 17:00:00+00:00,2.2199999875738285e-05,2.2599999283556826e-05,2.2199999875738285e-05,2.2599999283556826e-05,745281,0.0,0.0
2026-06-29 18:00:00+00:00,2.2599999283556826e-05,2.2599999283556826e-05,2.2399999579647556e-05,2.2399999579647556e-05,446347,0.0,0.0
2026-06-29 19:00:00+00:00,2.2399999579647556e-05,2.2500000341096893e-05,2.2399999579647556e-05,2.2500000341096893e-05,109935,0.0,0.0
2026-06-29 20:00:00+00:00,2.2500000341096893e-05,2.2599999283556826e-05,2.2500000341096893e-05,2.2500000341096893e-05,54253,0.0,0.0
2026-06-29 21:00:00+00:00,2.2500000341096893e-05,2.2500000341096893e-05,2.2399999579647556e-05,2.2399999579647556e-05,0,0.0,0.0
2026-06-29 22:00:00+00:00,2.2399999579647556e-05,2.2399999579647556e-05,2.2300000637187622e-05,2.2300000637187622e-05,0,0.0,0.0
2026-06-29 23:00:00+00:00,2.2300000637187622e-05,2.2300000637187622e-05,2.2199999875738285e-05,2.2199999875738285e-05,24758,0.0,0.0
2026-06-30 00:00:00+00:00,2.2199999875738285e-05,2.2300000637187622e-05,2.2000000171829015e-05,2.209999911428895e-05,210214,0.0,0.0
2026-06-30 01:00:00+00:00,2.2000000171829015e-05,2.209999911428895e-05,2.2000000171829015e-05,2.209999911428895e-05,129484,0.0,0.0
2026-06-30 02:00:00+00:00,2.209999911428895e-05,2.2300000637187622e-05,2.2000000171829015e-05,2.2300000637187622e-05,0,0.0,0.0
2026-06-30 03:00:00+00:00,2.2300000637187622e-05,2.2300000637187622e-05,2.2199999875738285e-05,2.2199999875738285e-05,0,0.0,0.0
2026-06-30 04:00:00+00:00,2.2199999875738285e-05,2.2199999875738285e-05,2.209999911428895e-05,2.209999911428895e-05,159647,0.0,0.0
2026-06-30 05:00:00+00:00,2.209999911428895e-05,2.2199999875738285e-05,2.209999911428895e-05,2.2199999875738285e-05,0,0.0,0.0
2026-06-30 06:00:00+00:00,2.2199999875738285e-05,2.2300000637187622e-05,2.2199999875738285e-05,2.2300000637187622e-05,161829,0.0,0.0
2026-06-30 07:00:00+00:00,2.2300000637187622e-05,2.2300000637187622e-05,2.2199999875738285e-05,2.2199999875738285e-05,198644,0.0,0.0
2026-06-30 08:00:00+00:00,2.2199999875738285e-05,2.2199999875738285e-05,2.2000000171829015e-05,2.2000000171829015e-05,69601,0.0,0.0
2026-06-30 09:00:00+00:00,2.2000000171829015e-05,2.2000000171829015e-05,2.2000000171829015e-05,2.2000000171829015e-05,19482,0.0,0.0
2026-06-30 10:00:00+00:00,2.2000000171829015e-05,2.2000000171829015e-05,2.2000000171829015e-05,2.2000000171829015e-05,665915,0.0,0.0
2026-06-30 11:00:00+00:00,2.2000000171829015e-05,2.2000000171829015e-05,2.1800000467919745e-05,2.1800000467919745e-05,129122,0.0,0.0
2026-06-30 12:00:00+00:00,2.1800000467919745e-05,2.1800000467919745e-05,2.1500000002561137e-05,2.1500000002561137e-05,124802,0.0,0.0
2026-06-30 13:00:00+00:00,2.1500000002561137e-05,2.1699999706470408e-05,2.13999992411118e-05,2.1699999706470408e-05,182008,0.0,0.0
2026-06-30 14:00:00+00:00,2.1699999706470408e-05,2.1899999410379678e-05,2.1699999706470408e-05,2.1800000467919745e-05,0,0.0,0.0
2026-06-30 15:00:00+00:00,2.1800000467919745e-05,2.1800000467919745e-05,2.1600000764010474e-05,2.1699999706470408e-05,0,0.0,0.0
2026-06-30 16:00:00+00:00,2.1699999706470408e-05,2.1800000467919745e-05,2.1600000764010474e-05,2.1699999706470408e-05,0,0.0,0.0
2026-06-30 17:00:00+00:00,2.1699999706470408e-05,2.1899999410379678e-05,2.1600000764010474e-05,2.1699999706470408e-05,0,0.0,0.0
2026-06-30 18:00:00+00:00,2.1699999706470408e-05,2.1899999410379678e-05,2.1699999706470408e-05,2.1899999410379678e-05,0,0.0,0.0
2026-06-30 19:00:00+00:00,2.1899999410379678e-05,2.1899999410379678e-05,2.1800000467919745e-05,2.1800000467919745e-05,0,0.0,0.0
2026-06-30 20:00:00+00:00,2.1800000467919745e-05,2.1800000467919745e-05,2.1699999706470408e-05,2.1699999706470408e-05,0,0.0,0.0
2026-06-30 21:00:00+00:00,2.1699999706470408e-05,2.1699999706470408e-05,2.1600000764010474e-05,2.1600000764010474e-05,0,0.0,0.0
2026-06-30 22:00:00+00:00,2.1600000764010474e-05,2.1600000764010474e-05,2.1500000002561137e-05,2.1500000002561137e-05,0,0.0,0.0
2026-06-30 23:00:00+00:00,2.1500000002561137e-05,2.1500000002561137e-05,2.13999992411118e-05,2.1500000002561137e-05,0,0.0,0.0
2026-07-01 00:00:00+00:00,2.1500000002561137e-05,2.1500000002561137e-05,2.1500000002561137e-05,2.1500000002561137e-05,0,0.0,0.0
2026-07-01 01:00:00+00:00,2.1500000002561137e-05,2.1600000764010474e-05,2.0900000890833326e-05,2.1500000002561137e-05,1160066,0.0,0.0
2026-07-01 02:00:00+00:00,2.1500000002561137e-05,2.1699999706470408e-05,2.1500000002561137e-05,2.1699999706470408e-05,168987,0.0,0.0
2026-07-01 03:00:00+00:00,2.1699999706470408e-05,2.1899999410379678e-05,2.1600000764010474e-05,2.1899999410379678e-05,307225,0.0,0.0
2026-07-01 04:00:00+00:00,2.1899999410379678e-05,2.1899999410379678e-05,2.1800000467919745e-05,2.1899999410379678e-05,23305,0.0,0.0
2026-07-01 05:00:00+00:00,2.1899999410379678e-05,2.1899999410379678e-05,2.1699999706470408e-05,2.1800000467919745e-05,0,0.0,0.0
2026-07-01 06:00:00+00:00,2.1800000467919745e-05,2.1800000467919745e-05,2.1500000002561137e-05,2.1699999706470408e-05,0,0.0,0.0
2026-07-01 07:00:00+00:00,2.1699999706470408e-05,2.1699999706470408e-05,2.1500000002561137e-05,2.1600000764010474e-05,0,0.0,0.0
2026-07-01 08:00:00+00:00,2.1600000764010474e-05,2.1699999706470408e-05,2.1500000002561137e-05,2.1699999706470408e-05,0,0.0,0.0
2026-07-01 09:00:00+00:00,2.1699999706470408e-05,2.1699999706470408e-05,2.1600000764010474e-05,2.1600000764010474e-05,122466,0.0,0.0
2026-07-01 10:00:00+00:00,2.1600000764010474e-05,2.1600000764010474e-05,2.1500000002561137e-05,2.1500000002561137e-05,235915,0.0,0.0
2026-07-01 11:00:00+00:00,2.1500000002561137e-05,2.1500000002561137e-05,2.13999992411118e-05,2.1500000002561137e-05,0,0.0,0.0
2026-07-01 12:00:00+00:00,2.1500000002561137e-05,2.1600000764010474e-05,2.13999992411118e-05,2.1600000764010474e-05,0,0.0,0.0
2026-07-01 13:00:00+00:00,2.1600000764010474e-05,2.1899999410379678e-05,2.13999992411118e-05,2.1899999410379678e-05,39362,0.0,0.0
2026-07-01 14:00:00+00:00,2.1899999410379678e-05,2.2000000171829015e-05,2.1699999706470408e-05,2.1899999410379678e-05,389687,0.0,0.0
2026-07-01 15:00:00+00:00,2.1899999410379678e-05,2.209999911428895e-05,2.1899999410379678e-05,2.2000000171829015e-05,357200,0.0,0.0
2026-07-01 16:00:00+00:00,2.2000000171829015e-05,2.2000000171829015e-05,2.1800000467919745e-05,2.1800000467919745e-05,0,0.0,0.0
2026-07-01 17:00:00+00:00,2.1800000467919745e-05,2.1899999410379678e-05,2.1800000467919745e-05,2.1899999410379678e-05,0,0.0,0.0
2026-07-01 18:00:00+00:00,2.1899999410379678e-05,2.1899999410379678e-05,2.1699999706470408e-05,2.1800000467919745e-05,162614,0.0,0.0
2026-07-01 19:00:00+00:00,2.1800000467919745e-05,2.1800000467919745e-05,2.1800000467919745e-05,2.1800000467919745e-05,74737,0.0,0.0
2026-07-01 20:00:00+00:00,2.1800000467919745e-05,2.1800000467919745e-05,2.1699999706470408e-05,2.1699999706470408e-05,128015,0.0,0.0
2026-07-01 21:00:00+00:00,2.1699999706470408e-05,2.2000000171829015e-05,2.1699999706470408e-05,2.2000000171829015e-05,249680,0.0,0.0
2026-07-01 22:00:00+00:00,2.2000000171829015e-05,2.2000000171829015e-05,2.1800000467919745e-05,2.1800000467919745e-05,524764,0.0,0.0
2026-07-01 23:00:00+00:00,2.1800000467919745e-05,2.1800000467919745e-05,2.1600000764010474e-05,2.1699999706470408e-05,0,0.0,0.0
2026-07-02 00:00:00+00:00,2.1699999706470408e-05,2.1699999706470408e-05,2.1500000002561137e-05,2.1500000002561137e-05,0,0.0,0.0
2026-07-02 01:00:00+00:00,2.1500000002561137e-05,2.1800000467919745e-05,2.1500000002561137e-05,2.1600000764010474e-05,0,0.0,0.0
2026-07-02 02:00:00+00:00,2.1600000764010474e-05,2.1699999706470408e-05,2.1600000764010474e-05,2.1699999706470408e-05,0,0.0,0.0
2026-07-02 03:00:00+00:00,2.1699999706470408e-05,2.2000000171829015e-05,2.1699999706470408e-05,2.2000000171829015e-05,0,0.0,0.0
2026-07-02 04:00:00+00:00,2.2000000171829015e-05,2.2199999875738285e-05,2.1800000467919745e-05,2.209999911428895e-05,431554,0.0,0.0
2026-07-02 05:00:00+00:00,2.209999911428895e-05,2.209999911428895e-05,2.1899999410379678e-05,2.1899999410379678e-05,0,0.0,0.0
2026-07-02 06:00:00+00:00,2.1899999410379678e-05,2.1899999410379678e-05,2.1800000467919745e-05,2.1800000467919745e-05,116924,0.0,0.0
2026-07-02 07:00:00+00:00,2.1800000467919745e-05,2.1800000467919745e-05,2.1699999706470408e-05,2.1699999706470408e-05,0,0.0,0.0
2026-07-02 08:00:00+00:00,2.1699999706470408e-05,2.2000000171829015e-05,2.1699999706470408e-05,2.2000000171829015e-05,0,0.0,0.0
2026-07-02 09:00:00+00:00,2.2000000171829015e-05,2.209999911428895e-05,2.1800000467919745e-05,2.209999911428895e-05,571672,0.0,0.0
2026-07-02 10:00:00+00:00,2.209999911428895e-05,2.2199999875738285e-05,2.2000000171829015e-05,2.209999911428895e-05,167433,0.0,0.0
2026-07-02 11:00:00+00:00,2.209999911428895e-05,2.2199999875738285e-05,2.209999911428895e-05,2.209999911428895e-05,121511,0.0,0.0
2026-07-02 12:00:00+00:00,2.209999911428895e-05,2.2300000637187622e-05,2.209999911428895e-05,2.2300000637187622e-05,1202858,0.0,0.0
2026-07-02 13:00:00+00:00,2.2300000637187622e-05,2.2599999283556826e-05,2.2300000637187622e-05,2.2500000341096893e-05,1321170,0.0,0.0
2026-07-02 14:00:00+00:00,2.2500000341096893e-05,2.2599999283556826e-05,2.2199999875738285e-05,2.2300000637187622e-05,554280,0.0,0.0
2026-07-02 15:00:00+00:00,2.2300000637187622e-05,2.2300000637187622e-05,2.2199999875738285e-05,2.2300000637187622e-05,0,0.0,0.0
2026-07-02 16:00:00+00:00,2.2300000637187622e-05,2.2300000637187622e-05,2.209999911428895e-05,2.2199999875738285e-05,490940,0.0,0.0
2026-07-02 17:00:00+00:00,2.2199999875738285e-05,2.2199999875738285e-05,2.2000000171829015e-05,2.2000000171829015e-05,319170,0.0,0.0
2026-07-02 18:00:00+00:00,2.2000000171829015e-05,2.2300000637187622e-05,2.2000000171829015e-05,2.2199999875738285e-05,68226,0.0,0.0
2026-07-02 19:00:00+00:00,2.2199999875738285e-05,2.2199999875738285e-05,2.209999911428895e-05,2.209999911428895e-05,0,0.0,0.0
2026-07-02 20:00:00+00:00,2.209999911428895e-05,2.209999911428895e-05,2.2000000171829015e-05,2.209999911428895e-05,0,0.0,0.0
2026-07-02 21:00:00+00:00,2.209999911428895e-05,2.209999911428895e-05,2.2000000171829015e-05,2.209999911428895e-05,0,0.0,0.0
2026-07-02 22:00:00+00:00,2.209999911428895e-05,2.209999911428895e-05,2.2000000171829015e-05,2.2000000171829015e-05,0,0.0,0.0
2026-07-02 23:00:00+00:00,2.2000000171829015e-05,2.2199999875738285e-05,2.2000000171829015e-05,2.2199999875738285e-05,21266,0.0,0.0
2026-07-03 00:00:00+00:00,2.2199999875738285e-05,2.2199999875738285e-05,2.209999911428895e-05,2.209999911428895e-05,13464,0.0,0.0
2026-07-03 01:00:00+00:00,2.209999911428895e-05,2.2199999875738285e-05,2.209999911428895e-05,2.2199999875738285e-05,0,0.0,0.0
2026-07-03 02:00:00+00:00,2.2199999875738285e-05,2.2399999579647556e-05,2.2199999875738285e-05,2.2300000637187622e-05,206590,0.0,0.0
2026-07-03 03:00:00+00:00,2.2300000637187622e-05,2.2300000637187622e-05,2.2199999875738285e-05,2.2300000637187622e-05,0,0.0,0.0
2026-07-03 04:00:00+00:00,2.2300000637187622e-05,2.2399999579647556e-05,2.2300000637187622e-05,2.2300000637187622e-05,0,0.0,0.0
2026-07-03 05:00:00+00:00,2.2300000637187622e-05,2.2399999579647556e-05,2.2300000637187622e-05,2.2399999579647556e-05,202316,0.0,0.0
2026-07-03 06:00:00+00:00,2.2399999579647556e-05,2.2500000341096893e-05,2.2399999579647556e-05,2.2399999579647556e-05,39982,0.0,0.0
2026-07-03 07:00:00+00:00,2.2399999579647556e-05,2.2500000341096893e-05,2.2399999579647556e-05,2.2500000341096893e-05,457016,0.0,0.0
2026-07-03 08:00:00+00:00,2.2500000341096893e-05,2.2500000341096893e-05,2.2500000341096893e-05,2.2500000341096893e-05,87016,0.0,0.0
2026-07-03 09:00:00+00:00,2.2500000341096893e-05,2.28000008064555e-05,2.2500000341096893e-05,2.28000008064555e-05,0,0.0,0.0
2026-07-03 10:00:00+00:00,2.28000008064555e-05,2.3099999452824704e-05,2.28000008064555e-05,2.2899999748915434e-05,1376946,0.0,0.0
2026-07-03 11:00:00+00:00,2.2899999748915434e-05,2.300000051036477e-05,2.2899999748915434e-05,2.2899999748915434e-05,65280,0.0,0.0
2026-07-03 12:00:00+00:00,2.2899999748915434e-05,2.300000051036477e-05,2.2899999748915434e-05,2.2899999748915434e-05,0,0.0,0.0
2026-07-03 13:00:00+00:00,2.2899999748915434e-05,2.300000051036477e-05,2.2899999748915434e-05,2.300000051036477e-05,0,0.0,0.0
2026-07-03 14:00:00+00:00,2.300000051036477e-05,2.300000051036477e-05,2.28000008064555e-05,2.28000008064555e-05,0,0.0,0.0
2026-07-03 15:00:00+00:00,2.28000008064555e-05,2.3099999452824704e-05,2.28000008064555e-05,2.2899999748915434e-05,280756,0.0,0.0
2026-07-03 16:00:00+00:00,2.2899999748915434e-05,2.300000051036477e-05,2.28000008064555e-05,2.2899999748915434e-05,0,0.0,0.0
2026-07-03 17:00:00+00:00,2.2899999748915434e-05,2.300000051036477e-05,2.2899999748915434e-05,2.300000051036477e-05,0,0.0,0.0
2026-07-03 18:00:00+00:00,2.300000051036477e-05,2.320000021427404e-05,2.300000051036477e-05,2.3099999452824704e-05,2882,0.0,0.0
2026-07-03 19:00:00+00:00,2.3099999452824704e-05,2.320000021427404e-05,2.3099999452824704e-05,2.320000021427404e-05,371656,0.0,0.0
2026-07-03 20:00:00+00:00,2.320000021427404e-05,2.350000067963265e-05,2.320000021427404e-05,2.350000067963265e-05,1125068,0.0,0.0
2026-07-03 21:00:00+00:00,2.350000067963265e-05,2.409999979136046e-05,2.3399999918183312e-05,2.409999979136046e-05,1447186,0.0,0.0
2026-07-03 22:00:00+00:00,2.409999979136046e-05,2.409999979136046e-05,2.370000038354192e-05,2.390000008745119e-05,1447718,0.0,0.0
2026-07-03 23:00:00+00:00,2.390000008745119e-05,2.4400000256719068e-05,2.390000008745119e-05,2.4000000848900527e-05,2314644,0.0,0.0
2026-07-04 00:00:00+00:00,2.4000000848900527e-05,2.4200000552809797e-05,2.390000008745119e-05,2.390000008745119e-05,705794,0.0,0.0
2026-07-04 01:00:00+00:00,2.390000008745119e-05,2.390000008745119e-05,2.370000038354192e-05,2.370000038354192e-05,508132,0.0,0.0
2026-07-04 02:00:00+00:00,2.370000038354192e-05,2.409999979136046e-05,2.370000038354192e-05,2.3799999326001853e-05,400804,0.0,0.0
2026-07-04 03:00:00+00:00,2.3799999326001853e-05,2.4200000552809797e-05,2.3799999326001853e-05,2.4200000552809797e-05,784028,0.0,0.0
2026-07-04 04:00:00+00:00,2.4200000552809797e-05,2.4499999199179e-05,2.409999979136046e-05,2.4499999199179e-05,1399826,0.0,0.0
2026-07-04 05:00:00+00:00,2.4400000256719068e-05,2.4400000256719068e-05,2.390000008745119e-05,2.390000008745119e-05,527780,0.0,0.0
2026-07-04 06:00:00+00:00,2.390000008745119e-05,2.390000008745119e-05,2.370000038354192e-05,2.370000038354192e-05,1105916,0.0,0.0
2026-07-04 07:00:00+00:00,2.370000038354192e-05,2.3799999326001853e-05,2.3599999622092582e-05,2.3799999326001853e-05,0,0.0,0.0
2026-07-04 08:00:00+00:00,2.3799999326001853e-05,2.3799999326001853e-05,2.3799999326001853e-05,2.3799999326001853e-05,0,0.0,0.0
2026-07-04 09:00:00+00:00,2.3799999326001853e-05,2.3799999326001853e-05,2.3599999622092582e-05,2.3599999622092582e-05,593488,0.0,0.0
2026-07-04 10:00:00+00:00,2.3599999622092582e-05,2.3599999622092582e-05,2.350000067963265e-05,2.350000067963265e-05,0,0.0,0.0
2026-07-04 11:00:00+00:00,2.350000067963265e-05,2.3799999326001853e-05,2.350000067963265e-05,2.3599999622092582e-05,0,0.0,0.0
2026-07-04 12:00:00+00:00,2.3599999622092582e-05,2.390000008745119e-05,2.3599999622092582e-05,2.390000008745119e-05,0,0.0,0.0
2026-07-04 13:00:00+00:00,2.390000008745119e-05,2.390000008745119e-05,2.3599999622092582e-05,2.3599999622092582e-05,0,0.0,0.0
2026-07-04 14:00:00+00:00,2.3599999622092582e-05,2.370000038354192e-05,2.3599999622092582e-05,2.370000038354192e-05,0,0.0,0.0
2026-07-04 15:00:00+00:00,2.370000038354192e-05,2.4000000848900527e-05,2.370000038354192e-05,2.4000000848900527e-05,616734,0.0,0.0
2026-07-04 16:00:00+00:00,2.4000000848900527e-05,2.429999949526973e-05,2.4000000848900527e-05,2.409999979136046e-05,482652,0.0,0.0
2026-07-04 17:00:00+00:00,2.409999979136046e-05,2.4599999960628338e-05,2.4000000848900527e-05,2.4400000256719068e-05,1331274,0.0,0.0
2026-07-04 18:00:00+00:00,2.4400000256719068e-05,2.4400000256719068e-05,2.4200000552809797e-05,2.4200000552809797e-05,330058,0.0,0.0
2026-07-04 19:00:00+00:00,2.4200000552809797e-05,2.429999949526973e-05,2.409999979136046e-05,2.409999979136046e-05,0,0.0,0.0
2026-07-04 20:00:00+00:00,2.409999979136046e-05,2.409999979136046e-05,2.390000008745119e-05,2.390000008745119e-05,0,0.0,0.0
2026-07-04 21:00:00+00:00,2.390000008745119e-05,2.4000000848900527e-05,2.390000008745119e-05,2.390000008745119e-05,0,0.0,0.0
2026-07-04 22:00:00+00:00,2.390000008745119e-05,2.4000000848900527e-05,2.390000008745119e-05,2.4000000848900527e-05,0,0.0,0.0
2026-07-04 23:00:00+00:00,2.4000000848900527e-05,2.4000000848900527e-05,2.370000038354192e-05,2.3799999326001853e-05,0,0.0,0.0
2026-07-05 00:00:00+00:00,2.3799999326001853e-05,2.3799999326001853e-05,2.370000038354192e-05,2.370000038354192e-05,0,0.0,0.0
2026-07-05 01:00:00+00:00,2.370000038354192e-05,2.3799999326001853e-05,2.370000038354192e-05,2.370000038354192e-05,0,0.0,0.0
2026-07-05 02:00:00+00:00,2.370000038354192e-05,2.370000038354192e-05,2.350000067963265e-05,2.350000067963265e-05,0,0.0,0.0
2026-07-05 03:00:00+00:00,2.350000067963265e-05,2.3599999622092582e-05,2.3399999918183312e-05,2.3399999918183312e-05,0,0.0,0.0
2026-07-05 04:00:00+00:00,2.3399999918183312e-05,2.3599999622092582e-05,2.3399999918183312e-05,2.3599999622092582e-05,0,0.0,0.0
2026-07-05 05:00:00+00:00,2.3599999622092582e-05,2.3599999622092582e-05,2.3399999918183312e-05,2.350000067963265e-05,0,0.0,0.0
2026-07-05 06:00:00+00:00,2.350000067963265e-05,2.350000067963265e-05,2.3399999918183312e-05,2.350000067963265e-05,0,0.0,0.0
2026-07-05 07:00:00+00:00,2.350000067963265e-05,2.3599999622092582e-05,2.350000067963265e-05,2.3599999622092582e-05,0,0.0,0.0
2026-07-05 08:00:00+00:00,2.3599999622092582e-05,2.3599999622092582e-05,2.3599999622092582e-05,2.3599999622092582e-05,0,0.0,0.0
2026-07-05 09:00:00+00:00,2.3599999622092582e-05,2.3599999622092582e-05,2.3299999156733975e-05,2.3299999156733975e-05,0,0.0,0.0
2026-07-05 10:00:00+00:00,2.3299999156733975e-05,2.3299999156733975e-05,2.3299999156733975e-05,2.3299999156733975e-05,56026,0.0,0.0
2026-07-05 11:00:00+00:00,2.3299999156733975e-05,2.3799999326001853e-05,2.3299999156733975e-05,2.3799999326001853e-05,51250,0.0,0.0
2026-07-05 12:00:00+00:00,2.3799999326001853e-05,2.4200000552809797e-05,2.3599999622092582e-05,2.4200000552809797e-05,1380614,0.0,0.0
2026-07-05 13:00:00+00:00,2.4200000552809797e-05,2.4200000552809797e-05,2.390000008745119e-05,2.390000008745119e-05,460804,0.0,0.0
2026-07-05 14:00:00+00:00,2.390000008745119e-05,2.409999979136046e-05,2.3799999326001853e-05,2.3799999326001853e-05,1330458,0.0,0.0
2026-07-05 15:00:00+00:00,2.3799999326001853e-05,2.390000008745119e-05,2.370000038354192e-05,2.370000038354192e-05,0,0.0,0.0
2026-07-05 16:00:00+00:00,2.370000038354192e-05,2.370000038354192e-05,2.3599999622092582e-05,2.3599999622092582e-05,0,0.0,0.0
2026-07-05 17:00:00+00:00,2.3599999622092582e-05,2.3599999622092582e-05,2.350000067963265e-05,2.350000067963265e-05,0,0.0,0.0
2026-07-05 18:00:00+00:00,2.350000067963265e-05,2.3599999622092582e-05,2.350000067963265e-05,2.3599999622092582e-05,0,0.0,0.0
2026-07-05 19:00:00+00:00,2.3599999622092582e-05,2.4000000848900527e-05,2.3599999622092582e-05,2.3599999622092582e-05,1223976,0.0,0.0
2026-07-05 20:00:00+00:00,2.3599999622092582e-05,2.3599999622092582e-05,2.350000067963265e-05,2.350000067963265e-05,0,0.0,0.0
2026-07-05 21:00:00+00:00,2.350000067963265e-05,2.4000000848900527e-05,2.350000067963265e-05,2.390000008745119e-05,47122,0.0,0.0
2026-07-05 22:00:00+00:00,2.390000008745119e-05,2.409999979136046e-05,2.390000008745119e-05,2.390000008745119e-05,329554,0.0,0.0
2026-07-05 23:00:00+00:00,2.390000008745119e-05,2.4000000848900527e-05,2.390000008745119e-05,2.390000008745119e-05,67872,0.0,0.0
2026-07-06 00:00:00+00:00,2.390000008745119e-05,2.390000008745119e-05,2.3799999326001853e-05,2.390000008745119e-05,0,0.0,0.0
2026-07-06 01:00:00+00:00,2.390000008745119e-05,2.4000000848900527e-05,2.3799999326001853e-05,2.3799999326001853e-05,0,0.0,0.0
2026-07-06 02:00:00+00:00,2.3799999326001853e-05,2.3799999326001853e-05,2.3799999326001853e-05,2.3799999326001853e-05,0,0.0,0.0
2026-07-06 03:00:00+00:00,2.3799999326001853e-05,2.3799999326001853e-05,2.350000067963265e-05,2.350000067963265e-05,386744,0.0,0.0
2026-07-06 04:00:00+00:00,2.350000067963265e-05,2.350000067963265e-05,2.350000067963265e-05,2.350000067963265e-05,25634,0.0,0.0
2026-07-06 05:00:00+00:00,2.350000067963265e-05,2.350000067963265e-05,2.3399999918183312e-05,2.3399999918183312e-05,155160,0.0,0.0
2026-07-06 06:00:00+00:00,2.3399999918183312e-05,2.3399999918183312e-05,2.3399999918183312e-05,2.3399999918183312e-05,112762,0.0,0.0
2026-07-06 07:00:00+00:00,2.3399999918183312e-05,2.350000067963265e-05,2.3399999918183312e-05,2.350000067963265e-05,0,0.0,0.0
2026-07-06 08:00:00+00:00,2.350000067963265e-05,2.350000067963265e-05,2.3399999918183312e-05,2.3399999918183312e-05,0,0.0,0.0
2026-07-06 09:00:00+00:00,2.3399999918183312e-05,2.3399999918183312e-05,2.320000021427404e-05,2.320000021427404e-05,0,0.0,0.0
2026-07-06 10:00:00+00:00,2.320000021427404e-05,2.320000021427404e-05,2.320000021427404e-05,2.320000021427404e-05,0,0.0,0.0
2026-07-06 11:00:00+00:00,2.320000021427404e-05,2.3399999918183312e-05,2.320000021427404e-05,2.320000021427404e-05,0,0.0,0.0
2026-07-06 12:00:00+00:00,2.320000021427404e-05,2.320000021427404e-05,2.28000008064555e-05,2.28000008064555e-05,0,0.0,0.0
2026-07-06 13:00:00+00:00,2.28000008064555e-05,2.2899999748915434e-05,2.2700000045006163e-05,2.2899999748915434e-05,262854,0.0,0.0
2026-07-06 14:00:00+00:00,2.2899999748915434e-05,2.300000051036477e-05,2.28000008064555e-05,2.300000051036477e-05,0,0.0,0.0
2026-07-06 15:00:00+00:00,2.2899999748915434e-05,2.3399999918183312e-05,2.2899999748915434e-05,2.3399999918183312e-05,54272,0.0,0.0
2026-07-06 16:00:00+00:00,2.3399999918183312e-05,2.350000067963265e-05,2.320000021427404e-05,2.350000067963265e-05,712026,0.0,0.0
2026-07-06 17:00:00+00:00,2.350000067963265e-05,2.3599999622092582e-05,2.3399999918183312e-05,2.350000067963265e-05,964762,0.0,0.0
2026-07-06 18:00:00+00:00,2.350000067963265e-05,2.3599999622092582e-05,2.3399999918183312e-05,2.3399999918183312e-05,685844,0.0,0.0
2026-07-06 19:00:00+00:00,2.3399999918183312e-05,2.3599999622092582e-05,2.3399999918183312e-05,2.3599999622092582e-05,0,0.0,0.0
2026-07-06 20:00:00+00:00,2.3599999622092582e-05,2.3599999622092582e-05,2.3599999622092582e-05,2.3599999622092582e-05,0,0.0,0.0
2026-07-06 21:00:00+00:00,2.3599999622092582e-05,2.4000000848900527e-05,2.3599999622092582e-05,2.3799999326001853e-05,660354,0.0,0.0
2026-07-06 22:00:00+00:00,2.3799999326001853e-05,2.3799999326001853e-05,2.3599999622092582e-05,2.3599999622092582e-05,0,0.0,0.0
2026-07-06 23:00:00+00:00,2.3599999622092582e-05,2.3599999622092582e-05,2.350000067963265e-05,2.350000067963265e-05,0,0.0,0.0
2026-07-07 00:00:00+00:00,2.350000067963265e-05,2.3599999622092582e-05,2.350000067963265e-05,2.350000067963265e-05,0,0.0,0.0
2026-07-07 01:00:00+00:00,2.350000067963265e-05,2.350000067963265e-05,2.3299999156733975e-05,2.3299999156733975e-05,238614,0.0,0.0
2026-07-07 02:00:00+00:00,2.3299999156733975e-05,2.3299999156733975e-05,2.320000021427404e-05,2.320000021427404e-05,0,0.0,0.0
2026-07-07 03:00:00+00:00,2.320000021427404e-05,2.3299999156733975e-05,2.3099999452824704e-05,2.3099999452824704e-05,0,0.0,0.0
2026-07-07 04:00:00+00:00,2.3099999452824704e-05,2.3299999156733975e-05,2.3099999452824704e-05,2.320000021427404e-05,549882,0.0,0.0
2026-07-07 05:00:00+00:00,2.320000021427404e-05,2.3299999156733975e-05,2.3099999452824704e-05,2.3299999156733975e-05,0,0.0,0.0
2026-07-07 06:00:00+00:00,2.3299999156733975e-05,2.3299999156733975e-05,2.3299999156733975e-05,2.3299999156733975e-05,0,0.0,0.0
2026-07-07 07:00:00+00:00,2.3299999156733975e-05,2.350000067963265e-05,2.320000021427404e-05,2.320000021427404e-05,195964,0.0,0.0
2026-07-07 08:00:00+00:00,2.320000021427404e-05,2.320000021427404e-05,2.300000051036477e-05,2.300000051036477e-05,696038,0.0,0.0
2026-07-07 09:00:00+00:00,2.300000051036477e-05,2.320000021427404e-05,2.300000051036477e-05,2.3099999452824704e-05,0,0.0,0.0
2026-07-07 10:00:00+00:00,2.3099999452824704e-05,2.320000021427404e-05,2.3099999452824704e-05,2.3099999452824704e-05,299288,0.0,0.0
2026-07-07 11:00:00+00:00,2.3099999452824704e-05,2.3099999452824704e-05,2.300000051036477e-05,2.300000051036477e-05,328982,0.0,0.0
2026-07-07 12:00:00+00:00,2.300000051036477e-05,2.320000021427404e-05,2.300000051036477e-05,2.320000021427404e-05,0,0.0,0.0
2026-07-07 13:00:00+00:00,2.320000021427404e-05,2.320000021427404e-05,2.300000051036477e-05,2.300000051036477e-05,0,0.0,0.0
2026-07-07 14:00:00+00:00,2.300000051036477e-05,2.320000021427404e-05,2.2899999748915434e-05,2.320000021427404e-05,252862,0.0,0.0
2026-07-07 15:00:00+00:00,2.320000021427404e-05,2.3299999156733975e-05,2.320000021427404e-05,2.3299999156733975e-05,0,0.0,0.0
2026-07-07 16:00:00+00:00,2.3299999156733975e-05,2.3599999622092582e-05,2.3299999156733975e-05,2.350000067963265e-05,202388,0.0,0.0
2026-07-07 17:00:00+00:00,2.350000067963265e-05,2.350000067963265e-05,2.3299999156733975e-05,2.350000067963265e-05,0,0.0,0.0
2026-07-07 18:00:00+00:00,2.350000067963265e-05,2.350000067963265e-05,2.3099999452824704e-05,2.3099999452824704e-05,0,0.0,0.0
2026-07-07 19:00:00+00:00,2.3099999452824704e-05,2.320000021427404e-05,2.300000051036477e-05,2.3099999452824704e-05,195302,0.0,0.0
2026-07-07 20:00:00+00:00,2.3099999452824704e-05,2.320000021427404e-05,2.2899999748915434e-05,2.2899999748915434e-05,1022156,0.0,0.0
2026-07-07 21:00:00+00:00,2.2899999748915434e-05,2.3099999452824704e-05,2.2899999748915434e-05,2.300000051036477e-05,91954,0.0,0.0
2026-07-07 22:00:00+00:00,2.300000051036477e-05,2.300000051036477e-05,2.28000008064555e-05,2.28000008064555e-05,100084,0.0,0.0
2026-07-07 23:00:00+00:00,2.28000008064555e-05,2.2899999748915434e-05,2.28000008064555e-05,2.2899999748915434e-05,189334,0.0,0.0
2026-07-08 00:00:00+00:00,2.2899999748915434e-05,2.300000051036477e-05,2.2899999748915434e-05,2.300000051036477e-05,41886,0.0,0.0
2026-07-08 01:00:00+00:00,2.300000051036477e-05,2.300000051036477e-05,2.2599999283556826e-05,2.2700000045006163e-05,0,0.0,0.0
2026-07-08 02:00:00+00:00,2.2700000045006163e-05,2.2700000045006163e-05,2.2599999283556826e-05,2.2700000045006163e-05,309394,0.0,0.0
2026-07-08 03:00:00+00:00,2.2700000045006163e-05,2.28000008064555e-05,2.2700000045006163e-05,2.2700000045006163e-05,0,0.0,0.0
2026-07-08 04:00:00+00:00,2.2700000045006163e-05,2.2700000045006163e-05,2.2700000045006163e-05,2.2700000045006163e-05,0,0.0,0.0
2026-07-08 05:00:00+00:00,2.2700000045006163e-05,2.28000008064555e-05,2.2700000045006163e-05,2.28000008064555e-05,0,0.0,0.0
2026-07-08 06:00:00+00:00,2.28000008064555e-05,2.28000008064555e-05,2.2500000341096893e-05,2.2500000341096893e-05,37740,0.0,0.0
2026-07-08 07:00:00+00:00,2.2500000341096893e-05,2.2599999283556826e-05,2.2399999579647556e-05,2.2399999579647556e-05,459578,0.0,0.0
2026-07-08 08:00:00+00:00,2.2399999579647556e-05,2.2500000341096893e-05,2.209999911428895e-05,2.2300000637187622e-05,83046,0.0,0.0
2026-07-08 09:00:00+00:00,2.2300000637187622e-05,2.2300000637187622e-05,2.2199999875738285e-05,2.2199999875738285e-05,176056,0.0,0.0
2026-07-08 10:00:00+00:00,2.2199999875738285e-05,2.2399999579647556e-05,2.209999911428895e-05,2.2399999579647556e-05,0,0.0,0.0
2026-07-08 11:00:00+00:00,2.2399999579647556e-05,2.2500000341096893e-05,2.2199999875738285e-05,2.2399999579647556e-05,105580,0.0,0.0
2026-07-08 12:00:00+00:00,2.2399999579647556e-05,2.2599999283556826e-05,2.2399999579647556e-05,2.2399999579647556e-05,691440,0.0,0.0
2026-07-08 13:00:00+00:00,2.2399999579647556e-05,2.2399999579647556e-05,2.2199999875738285e-05,2.2300000637187622e-05,11800,0.0,0.0
2026-07-08 14:00:00+00:00,2.2300000637187622e-05,2.2399999579647556e-05,2.2300000637187622e-05,2.2399999579647556e-05,0,0.0,0.0
2026-07-08 15:00:00+00:00,2.2399999579647556e-05,2.2399999579647556e-05,2.2199999875738285e-05,2.2300000637187622e-05,0,0.0,0.0
2026-07-08 16:00:00+00:00,2.2300000637187622e-05,2.2300000637187622e-05,2.2199999875738285e-05,2.2300000637187622e-05,0,0.0,0.0
2026-07-08 17:00:00+00:00,2.2300000637187622e-05,2.2399999579647556e-05,2.2300000637187622e-05,2.2300000637187622e-05,0,0.0,0.0
2026-07-08 18:00:00+00:00,2.2300000637187622e-05,2.2300000637187622e-05,2.2199999875738285e-05,2.2199999875738285e-05,0,0.0,0.0
2026-07-08 19:00:00+00:00,2.2199999875738285e-05,2.2300000637187622e-05,2.2199999875738285e-05,2.2300000637187622e-05,0,0.0,0.0
2026-07-08 20:00:00+00:00,2.2300000637187622e-05,2.2300000637187622e-05,2.2300000637187622e-05,2.2300000637187622e-05,0,0.0,0.0
2026-07-08 21:00:00+00:00,2.2300000637187622e-05,2.2399999579647556e-05,2.2199999875738285e-05,2.2399999579647556e-05,0,0.0,0.0
2026-07-08 22:00:00+00:00,2.2399999579647556e-05,2.2500000341096893e-05,2.2300000637187622e-05,2.2399999579647556e-05,0,0.0,0.0
2026-07-08 23:00:00+00:00,2.2399999579647556e-05,2.2500000341096893e-05,2.2300000637187622e-05,2.2399999579647556e-05,62260,0.0,0.0
2026-07-09 00:00:00+00:00,2.2399999579647556e-05,2.2599999283556826e-05,2.2300000637187622e-05,2.2399999579647556e-05,711029,0.0,0.0
2026-07-09 01:00:00+00:00,2.2399999579647556e-05,2.2599999283556826e-05,2.2399999579647556e-05,2.2399999579647556e-05,0,0.0,0.0
2026-07-09 02:00:00+00:00,2.2399999579647556e-05,2.2399999579647556e-05,2.2300000637187622e-05,2.2300000637187622e-05,0,0.0,0.0
2026-07-09 03:00:00+00:00,2.2300000637187622e-05,2.2300000637187622e-05,2.2300000637187622e-05,2.2300000637187622e-05,0,0.0,0.0
2026-07-09 04:00:00+00:00,2.2300000637187622e-05,2.2500000341096893e-05,2.2300000637187622e-05,2.2500000341096893e-05,33112,0.0,0.0
2026-07-09 05:00:00+00:00,2.2500000341096893e-05,2.2700000045006163e-05,2.2500000341096893e-05,2.2500000341096893e-05,57463,0.0,0.0
2026-07-09 06:00:00+00:00,2.2500000341096893e-05,2.2899999748915434e-05,2.2500000341096893e-05,2.2899999748915434e-05,346012,0.0,0.0
2026-07-09 07:00:00+00:00,2.2899999748915434e-05,2.2899999748915434e-05,2.28000008064555e-05,2.2899999748915434e-05,0,0.0,0.0
2026-07-09 08:00:00+00:00,2.2899999748915434e-05,2.300000051036477e-05,2.2899999748915434e-05,2.300000051036477e-05,0,0.0,0.0
2026-07-09 09:00:00+00:00,2.300000051036477e-05,2.300000051036477e-05,2.300000051036477e-05,2.300000051036477e-05,0,0.0,0.0
2026-07-09 10:00:00+00:00,2.300000051036477e-05,2.300000051036477e-05,2.2599999283556826e-05,2.2599999283556826e-05,0,0.0,0.0
2026-07-09 11:00:00+00:00,2.2599999283556826e-05,2.2700000045006163e-05,2.2599999283556826e-05,2.2700000045006163e-05,0,0.0,0.0
2026-07-09 12:00:00+00:00,2.2700000045006163e-05,2.2899999748915434e-05,2.2700000045006163e-05,2.28000008064555e-05,0,0.0,0.0
2026-07-09 13:00:00+00:00,2.28000008064555e-05,2.2899999748915434e-05,2.2700000045006163e-05,2.2899999748915434e-05,0,0.0,0.0
2026-07-09 14:00:00+00:00,2.2899999748915434e-05,2.2899999748915434e-05,2.2899999748915434e-05,2.2899999748915434e-05,0,0.0,0.0
2026-07-09 15:00:00+00:00,2.2899999748915434e-05,2.2899999748915434e-05,2.2700000045006163e-05,2.2700000045006163e-05,160412,0.0,0.0
2026-07-09 16:00:00+00:00,2.2700000045006163e-05,2.2700000045006163e-05,2.2500000341096893e-05,2.2599999283556826e-05,206524,0.0,0.0
2026-07-09 17:00:00+00:00,2.2599999283556826e-05,2.2700000045006163e-05,2.2599999283556826e-05,2.2700000045006163e-05,32072,0.0,0.0
2026-07-09 18:00:00+00:00,2.2700000045006163e-05,2.28000008064555e-05,2.2700000045006163e-05,2.2700000045006163e-05,526726,0.0,0.0
2026-07-09 19:00:00+00:00,2.2700000045006163e-05,2.2700000045006163e-05,2.2700000045006163e-05,2.2700000045006163e-05,90654,0.0,0.0
2026-07-09 20:00:00+00:00,2.2700000045006163e-05,2.2700000045006163e-05,2.2700000045006163e-05,2.2700000045006163e-05,0,0.0,0.0
2026-07-09 21:00:00+00:00,2.2700000045006163e-05,2.2700000045006163e-05,2.2500000341096893e-05,2.2500000341096893e-05,0,0.0,0.0
2026-07-09 22:00:00+00:00,2.2500000341096893e-05,2.2500000341096893e-05,2.2500000341096893e-05,2.2500000341096893e-05,64426,0.0,0.0
2026-07-09 23:00:00+00:00,2.2500000341096893e-05,2.2700000045006163e-05,2.2500000341096893e-05,2.2700000045006163e-05,31848,0.0,0.0
2026-07-10 00:00:00+00:00,2.2700000045006163e-05,2.2700000045006163e-05,2.2500000341096893e-05,2.2500000341096893e-05,0,0.0,0.0
2026-07-10 01:00:00+00:00,2.2500000341096893e-05,2.300000051036477e-05,2.2500000341096893e-05,2.2899999748915434e-05,113331,0.0,0.0
2026-07-10 02:00:00+00:00,2.2899999748915434e-05,2.2899999748915434e-05,2.2899999748915434e-05,2.2899999748915434e-05,164178,0.0,0.0
2026-07-10 03:00:00+00:00,2.2899999748915434e-05,2.2899999748915434e-05,2.28000008064555e-05,2.2899999748915434e-05,27460,0.0,0.0
2026-07-10 04:00:00+00:00,2.2899999748915434e-05,2.2899999748915434e-05,2.2899999748915434e-05,2.2899999748915434e-05,33048,0.0,0.0
2026-07-10 05:00:00+00:00,2.2899999748915434e-05,2.300000051036477e-05,2.28000008064555e-05,2.300000051036477e-05,0,0.0,0.0
2026-07-10 06:00:00+00:00,2.300000051036477e-05,2.300000051036477e-05,2.28000008064555e-05,2.28000008064555e-05,0,0.0,0.0
2026-07-10 07:00:00+00:00,2.28000008064555e-05,2.28000008064555e-05,2.2700000045006163e-05,2.2700000045006163e-05,0,0.0,0.0
2026-07-10 08:00:00+00:00,2.2700000045006163e-05,2.300000051036477e-05,2.2700000045006163e-05,2.2899999748915434e-05,37178,0.0,0.0
2026-07-10 09:00:00+00:00,2.2899999748915434e-05,2.3099999452824704e-05,2.28000008064555e-05,2.3099999452824704e-05,0,0.0,0.0
2026-07-10 10:00:00+00:00,2.3099999452824704e-05,2.3099999452824704e-05,2.300000051036477e-05,2.3099999452824704e-05,79386,0.0,0.0
2026-07-10 11:00:00+00:00,2.3099999452824704e-05,2.3099999452824704e-05,2.2899999748915434e-05,2.3099999452824704e-05,236644,0.0,0.0
2026-07-10 12:00:00+00:00,2.3099999452824704e-05,2.3099999452824704e-05,2.2899999748915434e-05,2.2899999748915434e-05,0,0.0,0.0
2026-07-10 13:00:00+00:00,2.2899999748915434e-05,2.2899999748915434e-05,2.28000008064555e-05,2.2899999748915434e-05,0,0.0,0.0
2026-07-10 14:00:00+00:00,2.2899999748915434e-05,2.2899999748915434e-05,2.2599999283556826e-05,2.2700000045006163e-05,399885,0.0,0.0
2026-07-10 15:00:00+00:00,2.2700000045006163e-05,2.28000008064555e-05,2.2700000045006163e-05,2.2700000045006163e-05,0,0.0,0.0
2026-07-10 16:00:00+00:00,2.2700000045006163e-05,2.320000021427404e-05,2.2700000045006163e-05,2.300000051036477e-05,1192965,0.0,0.0
2026-07-10 17:00:00+00:00,2.300000051036477e-05,2.3299999156733975e-05,2.2899999748915434e-05,2.2899999748915434e-05,630538,0.0,0.0
2026-07-10 18:00:00+00:00,2.2899999748915434e-05,2.3299999156733975e-05,2.2899999748915434e-05,2.3099999452824704e-05,299226,0.0,0.0
2026-07-10 19:00:00+00:00,2.3099999452824704e-05,2.3599999622092582e-05,2.3099999452824704e-05,2.3599999622092582e-05,826767,0.0,0.0
2026-07-10 20:00:00+00:00,2.3599999622092582e-05,2.3799999326001853e-05,2.3299999156733975e-05,2.350000067963265e-05,1445897,0.0,0.0
2026-07-10 21:00:00+00:00,2.350000067963265e-05,2.370000038354192e-05,2.3299999156733975e-05,2.350000067963265e-05,616016,0.0,0.0
2026-07-10 22:00:00+00:00,2.350000067963265e-05,2.3599999622092582e-05,2.3399999918183312e-05,2.3399999918183312e-05,1068,0.0,0.0
2026-07-10 23:00:00+00:00,2.3399999918183312e-05,2.3399999918183312e-05,2.3299999156733975e-05,2.3399999918183312e-05,1300102,0.0,0.0
2026-07-11 00:00:00+00:00,2.3399999918183312e-05,2.350000067963265e-05,2.320000021427404e-05,2.320000021427404e-05,0,0.0,0.0
2026-07-11 01:00:00+00:00,2.320000021427404e-05,2.3399999918183312e-05,2.320000021427404e-05,2.3399999918183312e-05,0,0.0,0.0
2026-07-11 02:00:00+00:00,2.3399999918183312e-05,2.3399999918183312e-05,2.3299999156733975e-05,2.3299999156733975e-05,0,0.0,0.0
2026-07-11 03:00:00+00:00,2.3299999156733975e-05,2.3299999156733975e-05,2.3299999156733975e-05,2.3299999156733975e-05,139024,0.0,0.0
2026-07-11 04:00:00+00:00,2.3299999156733975e-05,2.3299999156733975e-05,2.3099999452824704e-05,2.320000021427404e-05,69154,0.0,0.0
2026-07-11 05:00:00+00:00,2.320000021427404e-05,2.320000021427404e-05,2.320000021427404e-05,2.320000021427404e-05,0,0.0,0.0
2026-07-11 06:00:00+00:00,2.320000021427404e-05,2.3299999156733975e-05,2.320000021427404e-05,2.320000021427404e-05,0,0.0,0.0
2026-07-11 07:00:00+00:00,2.320000021427404e-05,2.320000021427404e-05,2.3099999452824704e-05,2.3099999452824704e-05,164706,0.0,0.0
2026-07-11 08:00:00+00:00,2.3099999452824704e-05,2.3299999156733975e-05,2.3099999452824704e-05,2.320000021427404e-05,0,0.0,0.0
2026-07-11 09:00:00+00:00,2.320000021427404e-05,2.3399999918183312e-05,2.320000021427404e-05,2.320000021427404e-05,35112,0.0,0.0
2026-07-11 10:00:00+00:00,2.320000021427404e-05,2.320000021427404e-05,2.3099999452824704e-05,2.320000021427404e-05,0,0.0,0.0
2026-07-11 11:00:00+00:00,2.320000021427404e-05,2.3299999156733975e-05,2.3099999452824704e-05,2.3299999156733975e-05,0,0.0,0.0
2026-07-11 12:00:00+00:00,2.3299999156733975e-05,2.3299999156733975e-05,2.320000021427404e-05,2.3299999156733975e-05,0,0.0,0.0
2026-07-11 13:00:00+00:00,2.3299999156733975e-05,2.350000067963265e-05,2.3299999156733975e-05,2.3399999918183312e-05,38402,0.0,0.0
2026-07-11 14:00:00+00:00,2.3399999918183312e-05,2.350000067963265e-05,2.3299999156733975e-05,2.350000067963265e-05,0,0.0,0.0
2026-07-11 15:00:00+00:00,2.350000067963265e-05,2.350000067963265e-05,2.320000021427404e-05,2.320000021427404e-05,379858,0.0,0.0
2026-07-11 16:00:00+00:00,2.320000021427404e-05,2.3399999918183312e-05,2.320000021427404e-05,2.3399999918183312e-05,0,0.0,0.0
2026-07-11 17:00:00+00:00,2.3399999918183312e-05,2.350000067963265e-05,2.3299999156733975e-05,2.3399999918183312e-05,0,0.0,0.0
2026-07-11 18:00:00+00:00,2.3399999918183312e-05,2.3399999918183312e-05,2.3399999918183312e-05,2.3399999918183312e-05,0,0.0,0.0
2026-07-11 19:00:00+00:00,2.3399999918183312e-05,2.3399999918183312e-05,2.3299999156733975e-05,2.3299999156733975e-05,0,0.0,0.0
2026-07-11 20:00:00+00:00,2.3299999156733975e-05,2.3399999918183312e-05,2.320000021427404e-05,2.320000021427404e-05,0,0.0,0.0
2026-07-11 21:00:00+00:00,2.320000021427404e-05,2.320000021427404e-05,2.320000021427404e-05,2.320000021427404e-05,0,0.0,0.0
2026-07-11 22:00:00+00:00,2.320000021427404e-05,2.320000021427404e-05,2.3099999452824704e-05,2.320000021427404e-05,218217,0.0,0.0
2026-07-11 23:00:00+00:00,2.320000021427404e-05,2.320000021427404e-05,2.28000008064555e-05,2.28000008064555e-05,0,0.0,0.0
2026-07-12 00:00:00+00:00,2.28000008064555e-05,2.28000008064555e-05,2.2599999283556826e-05,2.2700000045006163e-05,685091,0.0,0.0
2026-07-12 01:00:00+00:00,2.2700000045006163e-05,2.2899999748915434e-05,2.2700000045006163e-05,2.2899999748915434e-05,3918,0.0,0.0
2026-07-12 02:00:00+00:00,2.2899999748915434e-05,2.2899999748915434e-05,2.2899999748915434e-05,2.2899999748915434e-05,0,0.0,0.0
2026-07-12 03:00:00+00:00,2.2899999748915434e-05,2.2899999748915434e-05,2.28000008064555e-05,2.28000008064555e-05,0,0.0,0.0
2026-07-12 04:00:00+00:00,2.28000008064555e-05,2.28000008064555e-05,2.28000008064555e-05,2.28000008064555e-05,0,0.0,0.0
2026-07-12 05:00:00+00:00,2.28000008064555e-05,2.28000008064555e-05,2.2700000045006163e-05,2.2700000045006163e-05,0,0.0,0.0
2026-07-12 06:00:00+00:00,2.2700000045006163e-05,2.2700000045006163e-05,2.2599999283556826e-05,2.2599999283556826e-05,204412,0.0,0.0
2026-07-12 07:00:00+00:00,2.2599999283556826e-05,2.28000008064555e-05,2.2599999283556826e-05,2.2700000045006163e-05,0,0.0,0.0
2026-07-12 08:00:00+00:00,2.2700000045006163e-05,2.2700000045006163e-05,2.2700000045006163e-05,2.2700000045006163e-05,0,0.0,0.0
2026-07-12 09:00:00+00:00,2.2700000045006163e-05,2.2700000045006163e-05,2.2700000045006163e-05,2.2700000045006163e-05,152572,0.0,0.0
2026-07-12 10:00:00+00:00,2.2700000045006163e-05,2.28000008064555e-05,2.2700000045006163e-05,2.2700000045006163e-05,0,0.0,0.0
2026-07-12 11:00:00+00:00,2.2700000045006163e-05,2.2700000045006163e-05,2.2500000341096893e-05,2.2599999283556826e-05,1133982,0.0,0.0
2026-07-12 12:00:00+00:00,2.2599999283556826e-05,2.2700000045006163e-05,2.2599999283556826e-05,2.2700000045006163e-05,153821,0.0,0.0
2026-07-12 13:00:00+00:00,2.2700000045006163e-05,2.2700000045006163e-05,2.2700000045006163e-05,2.2700000045006163e-05,0,0.0,0.0
2026-07-12 14:00:00+00:00,2.2700000045006163e-05,2.28000008064555e-05,2.2500000341096893e-05,2.28000008064555e-05,23149,0.0,0.0
2026-07-12 15:00:00+00:00,2.28000008064555e-05,2.28000008064555e-05,2.2700000045006163e-05,2.2700000045006163e-05,0,0.0,0.0
2026-07-12 16:00:00+00:00,2.2700000045006163e-05,2.28000008064555e-05,2.2700000045006163e-05,2.2700000045006163e-05,0,0.0,0.0
2026-07-12 17:00:00+00:00,2.2700000045006163e-05,2.2700000045006163e-05,2.2500000341096893e-05,2.2700000045006163e-05,0,0.0,0.0
2026-07-12 18:00:00+00:00,2.2700000045006163e-05,2.2700000045006163e-05,2.2599999283556826e-05,2.2599999283556826e-05,104244,0.0,0.0
2026-07-12 19:00:00+00:00,2.2599999283556826e-05,2.2599999283556826e-05,2.2599999283556826e-05,2.2599999283556826e-05,0,0.0,0.0
2026-07-12 20:00:00+00:00,2.2599999283556826e-05,2.2599999283556826e-05,2.2599999283556826e-05,2.2599999283556826e-05,248500,0.0,0.0
2026-07-12 21:00:00+00:00,2.2599999283556826e-05,2.2599999283556826e-05,2.2500000341096893e-05,2.2500000341096893e-05,0,0.0,0.0
2026-07-12 22:00:00+00:00,2.2399999579647556e-05,2.2399999579647556e-05,2.2199999875738285e-05,2.2399999579647556e-05,0,0.0,0.0
2026-07-12 23:00:00+00:00,2.2399999579647556e-05,2.2399999579647556e-05,2.2399999579647556e-05,2.2399999579647556e-05,0,0.0,0.0
2026-07-13 00:00:00+00:00,2.2399999579647556e-05,2.2700000045006163e-05,2.2399999579647556e-05,2.2500000341096893e-05,0,0.0,0.0
2026-07-13 01:00:00+00:00,2.2500000341096893e-05,2.2500000341096893e-05,2.2300000637187622e-05,2.2300000637187622e-05,16268,0.0,0.0
2026-07-13 02:00:00+00:00,2.2300000637187622e-05,2.2300000637187622e-05,2.2199999875738285e-05,2.2300000637187622e-05,22527,0.0,0.0
2026-07-13 03:00:00+00:00,2.2300000637187622e-05,2.2300000637187622e-05,2.1899999410379678e-05,2.2000000171829015e-05,614978,0.0,0.0
2026-07-13 04:00:00+00:00,2.2000000171829015e-05,2.209999911428895e-05,2.2000000171829015e-05,2.209999911428895e-05,97671,0.0,0.0
2026-07-13 05:00:00+00:00,2.209999911428895e-05,2.209999911428895e-05,2.209999911428895e-05,2.209999911428895e-05,240871,0.0,0.0
2026-07-13 06:00:00+00:00,2.209999911428895e-05,2.2199999875738285e-05,2.209999911428895e-05,2.2199999875738285e-05,0,0.0,0.0
2026-07-13 07:00:00+00:00,2.2199999875738285e-05,2.2199999875738285e-05,2.2199999875738285e-05,2.2199999875738285e-05,0,0.0,0.0
2026-07-13 08:00:00+00:00,2.2199999875738285e-05,2.2300000637187622e-05,2.2199999875738285e-05,2.2300000637187622e-05,72859,0.0,0.0
2026-07-13 09:00:00+00:00,2.2300000637187622e-05,2.2300000637187622e-05,2.2199999875738285e-05,2.2199999875738285e-05,0,0.0,0.0
2026-07-13 10:00:00+00:00,2.2199999875738285e-05,2.2199999875738285e-05,2.209999911428895e-05,2.2199999875738285e-05,176924,0.0,0.0
2026-07-13 11:00:00+00:00,2.2199999875738285e-05,2.2199999875738285e-05,2.209999911428895e-05,2.209999911428895e-05,0,0.0,0.0
2026-07-13 12:00:00+00:00,2.209999911428895e-05,2.209999911428895e-05,2.2000000171829015e-05,2.2000000171829015e-05,200517,0.0,0.0
2026-07-13 13:00:00+00:00,2.2000000171829015e-05,2.209999911428895e-05,2.2000000171829015e-05,2.2000000171829015e-05,210607,0.0,0.0
2026-07-13 14:00:00+00:00,2.2000000171829015e-05,2.209999911428895e-05,2.1899999410379678e-05,2.209999911428895e-05,206992,0.0,0.0
2026-07-13 15:00:00+00:00,2.209999911428895e-05,2.209999911428895e-05,2.2000000171829015e-05,2.2000000171829015e-05,95112,0.0,0.0
2026-07-13 16:00:00+00:00,2.2000000171829015e-05,2.2000000171829015e-05,2.1899999410379678e-05,2.1899999410379678e-05,568520,0.0,0.0
2026-07-13 17:00:00+00:00,2.1899999410379678e-05,2.1899999410379678e-05,2.1699999706470408e-05,2.1800000467919745e-05,256824,0.0,0.0
2026-07-13 18:00:00+00:00,2.1800000467919745e-05,2.1899999410379678e-05,2.1699999706470408e-05,2.1899999410379678e-05,565878,0.0,0.0
2026-07-13 19:00:00+00:00,2.1899999410379678e-05,2.209999911428895e-05,2.1899999410379678e-05,2.209999911428895e-05,992082,0.0,0.0
2026-07-13 20:00:00+00:00,2.209999911428895e-05,2.209999911428895e-05,2.1800000467919745e-05,2.1800000467919745e-05,132728,0.0,0.0
2026-07-13 21:00:00+00:00,2.1800000467919745e-05,2.2000000171829015e-05,2.1600000764010474e-05,2.1699999706470408e-05,238165,0.0,0.0
2026-07-13 22:00:00+00:00,2.1699999706470408e-05,2.1899999410379678e-05,2.1699999706470408e-05,2.1800000467919745e-05,0,0.0,0.0
2026-07-13 23:00:00+00:00,2.1800000467919745e-05,2.1899999410379678e-05,2.1800000467919745e-05,2.1899999410379678e-05,59925,0.0,0.0
2026-07-14 00:00:00+00:00,2.1899999410379678e-05,2.2000000171829015e-05,2.1899999410379678e-05,2.1899999410379678e-05,0,0.0,0.0
2026-07-14 01:00:00+00:00,2.1899999410379678e-05,2.1899999410379678e-05,2.1899999410379678e-05,2.1899999410379678e-05,0,0.0,0.0
2026-07-14 02:00:00+00:00,2.1899999410379678e-05,2.1899999410379678e-05,2.1800000467919745e-05,2.1899999410379678e-05,0,0.0,0.0
2026-07-14 03:00:00+00:00,2.1899999410379678e-05,2.1899999410379678e-05,2.1800000467919745e-05,2.1899999410379678e-05,0,0.0,0.0
2026-07-14 04:00:00+00:00,2.1899999410379678e-05,2.1899999410379678e-05,2.1899999410379678e-05,2.1899999410379678e-05,317626,0.0,0.0
2026-07-14 05:00:00+00:00,2.1899999410379678e-05,2.209999911428895e-05,2.1899999410379678e-05,2.2000000171829015e-05,0,0.0,0.0
2026-07-14 06:00:00+00:00,2.2000000171829015e-05,2.2000000171829015e-05,2.2000000171829015e-05,2.2000000171829015e-05,169038,0.0,0.0
2026-07-14 07:00:00+00:00,2.2000000171829015e-05,2.2000000171829015e-05,2.1899999410379678e-05,2.2000000171829015e-05,1817,0.0,0.0
2026-07-14 08:00:00+00:00,2.2000000171829015e-05,2.2000000171829015e-05,2.1899999410379678e-05,2.1899999410379678e-05,0,0.0,0.0
2026-07-14 09:00:00+00:00,2.1899999410379678e-05,2.1899999410379678e-05,2.1800000467919745e-05,2.1800000467919745e-05,0,0.0,0.0
2026-07-14 10:00:00+00:00,2.1800000467919745e-05,2.1899999410379678e-05,2.1699999706470408e-05,2.1899999410379678e-05,66725,0.0,0.0
2026-07-14 11:00:00+00:00,2.1899999410379678e-05,2.1899999410379678e-05,2.1800000467919745e-05,2.1899999410379678e-05,116523,0.0,0.0
2026-07-14 12:00:00+00:00,2.1899999410379678e-05,2.2199999875738285e-05,2.1800000467919745e-05,2.2199999875738285e-05,781809,0.0,0.0
2026-07-14 13:00:00+00:00,2.2199999875738285e-05,2.2399999579647556e-05,2.2199999875738285e-05,2.2399999579647556e-05,814712,0.0,0.0
2026-07-14 14:00:00+00:00,2.2399999579647556e-05,2.2399999579647556e-05,2.2300000637187622e-05,2.2399999579647556e-05,0,0.0,0.0
2026-07-14 15:00:00+00:00,2.2399999579647556e-05,2.2500000341096893e-05,2.2399999579647556e-05,2.2399999579647556e-05,260468,0.0,0.0
2026-07-14 16:00:00+00:00,2.2399999579647556e-05,2.2399999579647556e-05,2.2300000637187622e-05,2.2300000637187622e-05,0,0.0,0.0
2026-07-14 17:00:00+00:00,2.2300000637187622e-05,2.2300000637187622e-05,2.2199999875738285e-05,2.2300000637187622e-05,0,0.0,0.0
2026-07-14 18:00:00+00:00,2.2300000637187622e-05,2.2300000637187622e-05,2.2199999875738285e-05,2.2300000637187622e-05,0,0.0,0.0
2026-07-14 19:00:00+00:00,2.2300000637187622e-05,2.2399999579647556e-05,2.2300000637187622e-05,2.2300000637187622e-05,0,0.0,0.0
2026-07-14 20:00:00+00:00,2.2300000637187622e-05,2.2300000637187622e-05,2.2300000637187622e-05,2.2300000637187622e-05,0,0.0,0.0
2026-07-14 21:00:00+00:00,2.2300000637187622e-05,2.2300000637187622e-05,2.2199999875738285e-05,2.2300000637187622e-05,0,0.0,0.0
2026-07-14 22:00:00+00:00,2.2300000637187622e-05,2.2399999579647556e-05,2.2199999875738285e-05,2.2300000637187622e-05,278958,0.0,0.0
2026-07-14 23:00:00+00:00,2.2300000637187622e-05,2.2399999579647556e-05,2.2300000637187622e-05,2.2300000637187622e-05,1114,0.0,0.0
2026-07-15 00:00:00+00:00,2.2300000637187622e-05,2.2399999579647556e-05,2.2300000637187622e-05,2.2399999579647556e-05,0,0.0,0.0
2026-07-15 01:00:00+00:00,2.2399999579647556e-05,2.2399999579647556e-05,2.2199999875738285e-05,2.2199999875738285e-05,0,0.0,0.0
2026-07-15 02:00:00+00:00,2.2199999875738285e-05,2.2199999875738285e-05,2.2199999875738285e-05,2.2199999875738285e-05,0,0.0,0.0
2026-07-15 03:00:00+00:00,2.2199999875738285e-05,2.2300000637187622e-05,2.2199999875738285e-05,2.2199999875738285e-05,0,0.0,0.0
2026-07-15 04:00:00+00:00,2.2199999875738285e-05,2.2199999875738285e-05,2.2199999875738285e-05,2.2199999875738285e-05,0,0.0,0.0
2026-07-15 05:00:00+00:00,2.2199999875738285e-05,2.2300000637187622e-05,2.2199999875738285e-05,2.2300000637187622e-05,0,0.0,0.0
2026-07-15 06:00:00+00:00,2.2300000637187622e-05,2.2500000341096893e-05,2.2300000637187622e-05,2.2500000341096893e-05,396805,0.0,0.0
2026-07-15 07:00:00+00:00,2.2500000341096893e-05,2.2500000341096893e-05,2.2199999875738285e-05,2.2199999875738285e-05,65482,0.0,0.0
2026-07-15 08:00:00+00:00,2.2199999875738285e-05,2.2300000637187622e-05,2.2199999875738285e-05,2.2300000637187622e-05,1215,0.0,0.0
2026-07-15 09:00:00+00:00,2.2300000637187622e-05,2.2399999579647556e-05,2.2300000637187622e-05,2.2399999579647556e-05,163,0.0,0.0
2026-07-15 10:00:00+00:00,2.2399999579647556e-05,2.2399999579647556e-05,2.2300000637187622e-05,2.2300000637187622e-05,35603,0.0,0.0
2026-07-15 11:00:00+00:00,2.2300000637187622e-05,2.2500000341096893e-05,2.2300000637187622e-05,2.2500000341096893e-05,0,0.0,0.0
2026-07-15 12:00:00+00:00,2.2500000341096893e-05,2.2599999283556826e-05,2.2300000637187622e-05,2.2599999283556826e-05,0,0.0,0.0
2026-07-15 13:00:00+00:00,2.2599999283556826e-05,2.2700000045006163e-05,2.2500000341096893e-05,2.2500000341096893e-05,353361,0.0,0.0
2026-07-15 14:00:00+00:00,2.2500000341096893e-05,2.2500000341096893e-05,2.2399999579647556e-05,2.2500000341096893e-05,0,0.0,0.0
2026-07-15 15:00:00+00:00,2.2500000341096893e-05,2.2500000341096893e-05,2.2399999579647556e-05,2.2399999579647556e-05,0,0.0,0.0
2026-07-15 16:00:00+00:00,2.2399999579647556e-05,2.2399999579647556e-05,2.2199999875738285e-05,2.2199999875738285e-05,43241,0.0,0.0
2026-07-15 17:00:00+00:00,2.2199999875738285e-05,2.2399999579647556e-05,2.2199999875738285e-05,2.2300000637187622e-05,149485,0.0,0.0
2026-07-15 18:00:00+00:00,2.2300000637187622e-05,2.2399999579647556e-05,2.2199999875738285e-05,2.2300000637187622e-05,36934,0.0,0.0
2026-07-15 19:00:00+00:00,2.2300000637187622e-05,2.2399999579647556e-05,2.209999911428895e-05,2.209999911428895e-05,24359,0.0,0.0
2026-07-15 20:00:00+00:00,2.209999911428895e-05,2.2300000637187622e-05,2.209999911428895e-05,2.2300000637187622e-05,193756,0.0,0.0
2026-07-15 21:00:00+00:00,2.2300000637187622e-05,2.2300000637187622e-05,2.2199999875738285e-05,2.2300000637187622e-05,72832,0.0,0.0
2026-07-15 22:00:00+00:00,2.2300000637187622e-05,2.2300000637187622e-05,2.2199999875738285e-05,2.2300000637187622e-05,0,0.0,0.0
2026-07-15 23:00:00+00:00,2.2300000637187622e-05,2.2300000637187622e-05,2.2199999875738285e-05,2.2199999875738285e-05,1645,0.0,0.0
2026-07-16 00:00:00+00:00,2.2199999875738285e-05,2.2199999875738285e-05,2.209999911428895e-05,2.209999911428895e-05,293434,0.0,0.0
2026-07-16 01:00:00+00:00,2.209999911428895e-05,2.209999911428895e-05,2.2000000171829015e-05,2.2000000171829015e-05,422925,0.0,0.0
2026-07-16 02:00:00+00:00,2.2000000171829015e-05,2.209999911428895e-05,2.2000000171829015e-05,2.209999911428895e-05,54281,0.0,0.0
2026-07-16 03:00:00+00:00,2.209999911428895e-05,2.209999911428895e-05,2.209999911428895e-05,2.209999911428895e-05,67217,0.0,0.0
2026-07-16 04:00:00+00:00,2.209999911428895e-05,2.209999911428895e-05,2.2000000171829015e-05,2.2000000171829015e-05,0,0.0,0.0
2026-07-16 05:00:00+00:00,2.2000000171829015e-05,2.2199999875738285e-05,2.2000000171829015e-05,2.2199999875738285e-05,263416,0.0,0.0
2026-07-16 06:00:00+00:00,2.2199999875738285e-05,2.2199999875738285e-05,2.209999911428895e-05,2.209999911428895e-05,0,0.0,0.0
2026-07-16 07:00:00+00:00,2.209999911428895e-05,2.2199999875738285e-05,2.2000000171829015e-05,2.2000000171829015e-05,0,0.0,0.0
2026-07-16 08:00:00+00:00,2.2000000171829015e-05,2.2000000171829015e-05,2.1800000467919745e-05,2.1899999410379678e-05,710944,0.0,0.0
2026-07-16 09:00:00+00:00,2.1899999410379678e-05,2.209999911428895e-05,2.1899999410379678e-05,2.2000000171829015e-05,299479,0.0,0.0
2026-07-16 10:00:00+00:00,2.2000000171829015e-05,2.2000000171829015e-05,2.1800000467919745e-05,2.1800000467919745e-05,306221,0.0,0.0
2026-07-16 11:00:00+00:00,2.1800000467919745e-05,2.1899999410379678e-05,2.1800000467919745e-05,2.1899999410379678e-05,945193,0.0,0.0
2026-07-16 12:00:00+00:00,2.1899999410379678e-05,2.1899999410379678e-05,2.1899999410379678e-05,2.1899999410379678e-05,0,0.0,0.0
2026-07-16 13:00:00+00:00,2.1899999410379678e-05,2.2000000171829015e-05,2.1899999410379678e-05,2.2000000171829015e-05,0,0.0,0.0
2026-07-16 14:00:00+00:00,2.2000000171829015e-05,2.2000000171829015e-05,2.1899999410379678e-05,2.1899999410379678e-05,214113,0.0,0.0
2026-07-16 15:00:00+00:00,2.1899999410379678e-05,2.209999911428895e-05,2.1899999410379678e-05,2.2000000171829015e-05,422972,0.0,0.0
2026-07-16 16:00:00+00:00,2.2000000171829015e-05,2.2000000171829015e-05,2.1899999410379678e-05,2.1899999410379678e-05,0,0.0,0.0
2026-07-16 17:00:00+00:00,2.1899999410379678e-05,2.1899999410379678e-05,2.1800000467919745e-05,2.1800000467919745e-05,0,0.0,0.0
2026-07-16 18:00:00+00:00,2.1800000467919745e-05,2.1899999410379678e-05,2.1800000467919745e-05,2.1899999410379678e-05,0,0.0,0.0
2026-07-16 19:00:00+00:00,2.1899999410379678e-05,2.1899999410379678e-05,2.1899999410379678e-05,2.1899999410379678e-05,155360,0.0,0.0
2026-07-16 20:00:00+00:00,2.1899999410379678e-05,2.1899999410379678e-05,2.1699999706470408e-05,2.1800000467919745e-05,53086,0.0,0.0
2026-07-16 21:00:00+00:00,2.1800000467919745e-05,2.1899999410379678e-05,2.1699999706470408e-05,2.1699999706470408e-05,339292,0.0,0.0
2026-07-16 22:00:00+00:00,2.1699999706470408e-05,2.1800000467919745e-05,2.1699999706470408e-05,2.1800000467919745e-05,378885,0.0,0.0
2026-07-16 23:00:00+00:00,2.1800000467919745e-05,2.1800000467919745e-05,2.1600000764010474e-05,2.1600000764010474e-05,289124,0.0,0.0
2026-07-17 00:00:00+00:00,2.1600000764010474e-05,2.1699999706470408e-05,2.1500000002561137e-05,2.1699999706470408e-05,0,0.0,0.0
2026-07-17 01:00:00+00:00,2.1699999706470408e-05,2.1800000467919745e-05,2.1600000764010474e-05,2.1699999706470408e-05,0,0.0,0.0
2026-07-17 02:00:00+00:00,2.1699999706470408e-05,2.1699999706470408e-05,2.1500000002561137e-05,2.1500000002561137e-05,0,0.0,0.0
2026-07-17 03:00:00+00:00,2.1500000002561137e-05,2.1800000467919745e-05,2.1500000002561137e-05,2.1800000467919745e-05,19722,0.0,0.0
2026-07-17 04:00:00+00:00,2.1800000467919745e-05,2.1800000467919745e-05,2.1500000002561137e-05,2.1699999706470408e-05,0,0.0,0.0
2026-07-17 05:00:00+00:00,2.1699999706470408e-05,2.1699999706470408e-05,2.1500000002561137e-05,2.1500000002561137e-05,42808,0.0,0.0
2026-07-17 06:00:00+00:00,2.1500000002561137e-05,2.1699999706470408e-05,2.1500000002561137e-05,2.1600000764010474e-05,223149,0.0,0.0
2026-07-17 07:00:00+00:00,2.1600000764010474e-05,2.1600000764010474e-05,2.1600000764010474e-05,2.1600000764010474e-05,599556,0.0,0.0
2026-07-17 08:00:00+00:00,2.1600000764010474e-05,2.1600000764010474e-05,2.1500000002561137e-05,2.1500000002561137e-05,0,0.0,0.0
2026-07-17 09:00:00+00:00,2.1500000002561137e-05,2.1500000002561137e-05,2.1500000002561137e-05,2.1500000002561137e-05,0,0.0,0.0
2026-07-17 10:00:00+00:00,2.1500000002561137e-05,2.1699999706470408e-05,2.1500000002561137e-05,2.1500000002561137e-05,0,0.0,0.0
2026-07-17 11:00:00+00:00,2.1500000002561137e-05,2.1600000764010474e-05,2.1500000002561137e-05,2.1600000764010474e-05,0,0.0,0.0
2026-07-17 12:00:00+00:00,2.1600000764010474e-05,2.1600000764010474e-05,2.13999992411118e-05,2.13999992411118e-05,64087,0.0,0.0
2026-07-17 13:00:00+00:00,2.13999992411118e-05,2.1500000002561137e-05,2.119999953720253e-05,2.1500000002561137e-05,342071,0.0,0.0
2026-07-17 14:00:00+00:00,2.1500000002561137e-05,2.1600000764010474e-05,2.13999992411118e-05,2.1500000002561137e-05,297657,0.0,0.0
2026-07-17 15:00:00+00:00,2.1500000002561137e-05,2.1500000002561137e-05,2.119999953720253e-05,2.13999992411118e-05,212273,0.0,0.0
2026-07-17 16:00:00+00:00,2.13999992411118e-05,2.1500000002561137e-05,2.13999992411118e-05,2.1500000002561137e-05,176525,0.0,0.0
2026-07-17 17:00:00+00:00,2.1500000002561137e-05,2.1699999706470408e-05,2.1500000002561137e-05,2.1600000764010474e-05,0,0.0,0.0
2026-07-17 18:00:00+00:00,2.1600000764010474e-05,2.1600000764010474e-05,2.1500000002561137e-05,2.1600000764010474e-05,0,0.0,0.0
2026-07-17 19:00:00+00:00,2.1600000764010474e-05,2.1600000764010474e-05,2.1500000002561137e-05,2.1500000002561137e-05,0,0.0,0.0
2026-07-17 20:00:00+00:00,2.1500000002561137e-05,2.1500000002561137e-05,2.1500000002561137e-05,2.1500000002561137e-05,0,0.0,0.0
2026-07-17 21:00:00+00:00,2.1500000002561137e-05,2.1600000764010474e-05,2.1500000002561137e-05,2.1600000764010474e-05,0,0.0,0.0
2026-07-17 22:00:00+00:00,2.1600000764010474e-05,2.1600000764010474e-05,2.13999992411118e-05,2.1500000002561137e-05,0,0.0,0.0
2026-07-17 23:00:00+00:00,2.1500000002561137e-05,2.1600000764010474e-05,2.1500000002561137e-05,2.1600000764010474e-05,0,0.0,0.0
2026-07-18 00:00:00+00:00,2.1600000764010474e-05,2.1600000764010474e-05,2.1600000764010474e-05,2.1600000764010474e-05,0,0.0,0.0
2026-07-18 01:00:00+00:00,2.1600000764010474e-05,2.1600000764010474e-05,2.1600000764010474e-05,2.1600000764010474e-05,0,0.0,0.0
2026-07-18 02:00:00+00:00,2.1600000764010474e-05,2.1600000764010474e-05,2.1600000764010474e-05,2.1600000764010474e-05,0,0.0,0.0
2026-07-18 03:00:00+00:00,2.1600000764010474e-05,2.1600000764010474e-05,2.13999992411118e-05,2.1500000002561137e-05,36868,0.0,0.0
2026-07-18 04:00:00+00:00,2.1500000002561137e-05,2.1500000002561137e-05,2.1500000002561137e-05,2.1500000002561137e-05,37535,0.0,0.0
2026-07-18 05:00:00+00:00,2.1500000002561137e-05,2.1500000002561137e-05,2.13999992411118e-05,2.1500000002561137e-05,0,0.0,0.0
2026-07-18 06:00:00+00:00,2.1500000002561137e-05,2.1500000002561137e-05,2.1500000002561137e-05,2.1500000002561137e-05,0,0.0,0.0
2026-07-18 07:00:00+00:00,2.1500000002561137e-05,2.1500000002561137e-05,2.1100000594742596e-05,2.1300000298651867e-05,781560,0.0,0.0
2026-07-18 08:00:00+00:00,2.1300000298651867e-05,2.1300000298651867e-05,2.119999953720253e-05,2.119999953720253e-05,0,0.0,0.0
2026-07-18 09:00:00+00:00,2.119999953720253e-05,2.119999953720253e-05,2.1100000594742596e-05,2.119999953720253e-05,19401,0.0,0.0
2026-07-18 10:00:00+00:00,2.119999953720253e-05,2.119999953720253e-05,2.1100000594742596e-05,2.1100000594742596e-05,313310,0.0,0.0
2026-07-18 11:00:00+00:00,2.1100000594742596e-05,2.119999953720253e-05,2.1100000594742596e-05,2.119999953720253e-05,38948,0.0,0.0
2026-07-18 12:00:00+00:00,2.119999953720253e-05,2.119999953720253e-05,2.1100000594742596e-05,2.119999953720253e-05,0,0.0,0.0
2026-07-18 13:00:00+00:00,2.119999953720253e-05,2.119999953720253e-05,2.1100000594742596e-05,2.1100000594742596e-05,0,0.0,0.0
2026-07-18 14:00:00+00:00,2.1100000594742596e-05,2.119999953720253e-05,2.1100000594742596e-05,2.119999953720253e-05,0,0.0,0.0
2026-07-18 15:00:00+00:00,2.119999953720253e-05,2.119999953720253e-05,2.119999953720253e-05,2.119999953720253e-05,0,0.0,0.0
2026-07-18 16:00:00+00:00,2.119999953720253e-05,2.119999953720253e-05,2.1100000594742596e-05,2.1100000594742596e-05,119217,0.0,0.0
2026-07-18 17:00:00+00:00,2.1100000594742596e-05,2.1100000594742596e-05,2.1100000594742596e-05,2.1100000594742596e-05,528790,0.0,0.0
2026-07-18 18:00:00+00:00,2.1100000594742596e-05,2.1100000594742596e-05,2.099999983329326e-05,2.099999983329326e-05,679329,0.0,0.0
2026-07-18 19:00:00+00:00,2.099999983329326e-05,2.1100000594742596e-05,2.0900000890833326e-05,2.1100000594742596e-05,968210,0.0,0.0
2026-07-18 20:00:00+00:00,2.1100000594742596e-05,2.119999953720253e-05,2.099999983329326e-05,2.099999983329326e-05,1085914,0.0,0.0
2026-07-18 21:00:00+00:00,2.099999983329326e-05,2.099999983329326e-05,2.0900000890833326e-05,2.099999983329326e-05,672580,0.0,0.0
2026-07-18 22:00:00+00:00,2.099999983329326e-05,2.1100000594742596e-05,2.080000012938399e-05,2.0900000890833326e-05,72037,0.0,0.0
2026-07-18 23:00:00+00:00,2.0900000890833326e-05,2.0900000890833326e-05,2.080000012938399e-05,2.080000012938399e-05,204667,0.0,0.0
2026-07-19 00:00:00+00:00,2.080000012938399e-05,2.099999983329326e-05,2.080000012938399e-05,2.0900000890833326e-05,249875,0.0,0.0
2026-07-19 01:00:00+00:00,2.0900000890833326e-05,2.0900000890833326e-05,2.080000012938399e-05,2.080000012938399e-05,0,0.0,0.0
2026-07-19 02:00:00+00:00,2.080000012938399e-05,2.0900000890833326e-05,2.080000012938399e-05,2.080000012938399e-05,318843,0.0,0.0
2026-07-19 03:00:00+00:00,2.080000012938399e-05,2.080000012938399e-05,2.080000012938399e-05,2.080000012938399e-05,247082,0.0,0.0
2026-07-19 04:00:00+00:00,2.080000012938399e-05,2.0900000890833326e-05,2.069999936793465e-05,2.0900000890833326e-05,0,0.0,0.0
2026-07-19 05:00:00+00:00,2.0900000890833326e-05,2.0900000890833326e-05,2.080000012938399e-05,2.080000012938399e-05,83454,0.0,0.0
2026-07-19 06:00:00+00:00,2.080000012938399e-05,2.099999983329326e-05,2.080000012938399e-05,2.080000012938399e-05,84730,0.0,0.0
2026-07-19 07:00:00+00:00,2.080000012938399e-05,2.099999983329326e-05,2.080000012938399e-05,2.099999983329326e-05,0,0.0,0.0
2026-07-19 08:00:00+00:00,2.099999983329326e-05,2.119999953720253e-05,2.099999983329326e-05,2.119999953720253e-05,520554,0.0,0.0
2026-07-19 09:00:00+00:00,2.119999953720253e-05,2.119999953720253e-05,2.1100000594742596e-05,2.119999953720253e-05,0,0.0,0.0
2026-07-19 10:00:00+00:00,2.119999953720253e-05,2.1300000298651867e-05,2.119999953720253e-05,2.1300000298651867e-05,0,0.0,0.0
2026-07-19 11:00:00+00:00,2.1300000298651867e-05,2.1300000298651867e-05,2.1100000594742596e-05,2.1100000594742596e-05,167818,0.0,0.0
2026-07-19 12:00:00+00:00,2.1100000594742596e-05,2.1100000594742596e-05,2.099999983329326e-05,2.099999983329326e-05,0,0.0,0.0
2026-07-19 13:00:00+00:00,2.099999983329326e-05,2.1100000594742596e-05,2.099999983329326e-05,2.1100000594742596e-05,0,0.0,0.0
2026-07-19 14:00:00+00:00,2.1100000594742596e-05,2.1100000594742596e-05,2.099999983329326e-05,2.1100000594742596e-05,0,0.0,0.0
2026-07-19 15:00:00+00:00,2.1100000594742596e-05,2.1300000298651867e-05,2.1100000594742596e-05,2.1300000298651867e-05,207871,0.0,0.0
2026-07-19 16:00:00+00:00,2.1300000298651867e-05,2.1300000298651867e-05,2.1100000594742596e-05,2.1100000594742596e-05,0,0.0,0.0
2026-07-19 17:00:00+00:00,2.1100000594742596e-05,2.119999953720253e-05,2.1100000594742596e-05,2.1100000594742596e-05,146433,0.0,0.0
2026-07-19 18:00:00+00:00,2.1100000594742596e-05,2.1100000594742596e-05,2.0900000890833326e-05,2.099999983329326e-05,0,0.0,0.0
2026-07-19 19:00:00+00:00,2.099999983329326e-05,2.1100000594742596e-05,2.099999983329326e-05,2.1100000594742596e-05,0,0.0,0.0
2026-07-19 20:00:00+00:00,2.1100000594742596e-05,2.1300000298651867e-05,2.1100000594742596e-05,2.1100000594742596e-05,0,0.0,0.0
2026-07-19 21:00:00+00:00,2.1100000594742596e-05,2.119999953720253e-05,2.1100000594742596e-05,2.1100000594742596e-05,0,0.0,0.0
2026-07-19 22:00:00+00:00,2.1100000594742596e-05,2.1300000298651867e-05,2.1100000594742596e-05,2.119999953720253e-05,10471,0.0,0.0
2026-07-19 23:00:00+00:00,2.119999953720253e-05,2.119999953720253e-05,2.1100000594742596e-05,2.1100000594742596e-05,80971,0.0,0.0
2026-07-20 00:00:00+00:00,2.1100000594742596e-05,2.13999992411118e-05,2.1100000594742596e-05,2.119999953720253e-05,0,0.0,0.0
2026-07-20 01:00:00+00:00,2.119999953720253e-05,2.1300000298651867e-05,2.119999953720253e-05,2.1300000298651867e-05,105383,0.0,0.0
2026-07-20 02:00:00+00:00,2.1300000298651867e-05,2.1300000298651867e-05,2.1300000298651867e-05,2.1300000298651867e-05,26678,0.0,0.0
2026-07-20 03:00:00+00:00,2.1300000298651867e-05,2.1300000298651867e-05,2.119999953720253e-05,2.1300000298651867e-05,0,0.0,0.0
2026-07-20 04:00:00+00:00,2.1300000298651867e-05,2.1300000298651867e-05,2.119999953720253e-05,2.119999953720253e-05,0,0.0,0.0
2026-07-20 05:00:00+00:00,2.119999953720253e-05,2.119999953720253e-05,2.080000012938399e-05,2.099999983329326e-05,347435,0.0,0.0
2026-07-20 06:00:00+00:00,2.099999983329326e-05,2.099999983329326e-05,2.0900000890833326e-05,2.0900000890833326e-05,80517,0.0,0.0
2026-07-20 07:00:00+00:00,2.0900000890833326e-05,2.099999983329326e-05,2.080000012938399e-05,2.099999983329326e-05,0,0.0,0.0
2026-07-20 08:00:00+00:00,2.099999983329326e-05,2.099999983329326e-05,2.080000012938399e-05,2.080000012938399e-05,0,0.0,0.0
2026-07-20 09:00:00+00:00,2.080000012938399e-05,2.1100000594742596e-05,2.080000012938399e-05,2.1100000594742596e-05,163504,0.0,0.0
2026-07-20 10:00:00+00:00,2.1100000594742596e-05,2.119999953720253e-05,2.1100000594742596e-05,2.119999953720253e-05,0,0.0,0.0
2026-07-20 11:00:00+00:00,2.119999953720253e-05,2.13999992411118e-05,2.119999953720253e-05,2.13999992411118e-05,0,0.0,0.0
2026-07-20 12:00:00+00:00,2.13999992411118e-05,2.13999992411118e-05,2.119999953720253e-05,2.1300000298651867e-05,0,0.0,0.0
2026-07-20 13:00:00+00:00,2.1300000298651867e-05,2.1300000298651867e-05,2.119999953720253e-05,2.119999953720253e-05,178564,0.0,0.0
2026-07-20 14:00:00+00:00,2.119999953720253e-05,2.119999953720253e-05,2.099999983329326e-05,2.1100000594742596e-05,170377,0.0,0.0
2026-07-20 15:00:00+00:00,2.1100000594742596e-05,2.13999992411118e-05,2.1100000594742596e-05,2.13999992411118e-05,392987,0.0,0.0
2026-07-20 16:00:00+00:00,2.13999992411118e-05,2.13999992411118e-05,2.1300000298651867e-05,2.13999992411118e-05,720588,0.0,0.0
2026-07-20 17:00:00+00:00,2.13999992411118e-05,2.1500000002561137e-05,2.1300000298651867e-05,2.1300000298651867e-05,0,0.0,0.0
2026-07-20 18:00:00+00:00,2.1300000298651867e-05,2.1500000002561137e-05,2.1300000298651867e-05,2.13999992411118e-05,0,0.0,0.0
2026-07-20 19:00:00+00:00,2.13999992411118e-05,2.13999992411118e-05,2.119999953720253e-05,2.13999992411118e-05,432977,0.0,0.0
2026-07-20 20:00:00+00:00,2.13999992411118e-05,2.13999992411118e-05,2.119999953720253e-05,2.1300000298651867e-05,0,0.0,0.0
2026-07-20 21:00:00+00:00,2.1300000298651867e-05,2.1500000002561137e-05,2.1300000298651867e-05,2.1500000002561137e-05,584886,0.0,0.0
2026-07-20 22:00:00+00:00,2.1500000002561137e-05,2.1500000002561137e-05,2.119999953720253e-05,2.13999992411118e-05,16088,0.0,0.0
2026-07-20 23:00:00+00:00,2.13999992411118e-05,2.13999992411118e-05,2.13999992411118e-05,2.13999992411118e-05,6525,0.0,0.0
2026-07-21 00:00:00+00:00,2.13999992411118e-05,2.1500000002561137e-05,2.13999992411118e-05,2.1500000002561137e-05,0,0.0,0.0
2026-07-21 01:00:00+00:00,2.1500000002561137e-05,2.1500000002561137e-05,2.1500000002561137e-05,2.1500000002561137e-05,0,0.0,0.0
2026-07-21 02:00:00+00:00,2.1500000002561137e-05,2.1600000764010474e-05,2.13999992411118e-05,2.1600000764010474e-05,61599,0.0,0.0
2026-07-21 03:00:00+00:00,2.1600000764010474e-05,2.1600000764010474e-05,2.1500000002561137e-05,2.1500000002561137e-05,341418,0.0,0.0
2026-07-21 04:00:00+00:00,2.1600000764010474e-05,2.1600000764010474e-05,2.13999992411118e-05,2.1600000764010474e-05,653698,0.0,0.0
2026-07-21 05:00:00+00:00,2.1600000764010474e-05,2.1699999706470408e-05,2.1500000002561137e-05,2.1699999706470408e-05,594743,0.0,0.0
2026-07-21 06:00:00+00:00,2.1699999706470408e-05,2.1699999706470408e-05,2.1600000764010474e-05,2.1600000764010474e-05,982602,0.0,0.0
2026-07-21 07:00:00+00:00,2.1600000764010474e-05,2.1699999706470408e-05,2.1600000764010474e-05,2.1600000764010474e-05,539022,0.0,0.0
2026-07-21 08:00:00+00:00,2.1600000764010474e-05,2.1699999706470408e-05,2.1600000764010474e-05,2.1699999706470408e-05,260540,0.0,0.0
2026-07-21 09:00:00+00:00,2.1699999706470408e-05,2.1699999706470408e-05,2.1500000002561137e-05,2.1600000764010474e-05,239608,0.0,0.0
2026-07-21 10:00:00+00:00,2.1600000764010474e-05,2.1699999706470408e-05,2.1600000764010474e-05,2.1600000764010474e-05,160186,0.0,0.0
2026-07-21 11:00:00+00:00,2.1600000764010474e-05,2.1600000764010474e-05,2.1500000002561137e-05,2.1600000764010474e-05,0,0.0,0.0
2026-07-21 12:00:00+00:00,2.1600000764010474e-05,2.1600000764010474e-05,2.1600000764010474e-05,2.1600000764010474e-05,14932,0.0,0.0
2026-07-21 13:00:00+00:00,2.1600000764010474e-05,2.1600000764010474e-05,2.1500000002561137e-05,2.1600000764010474e-05,24446,0.0,0.0
2026-07-21 14:00:00+00:00,2.1600000764010474e-05,2.1699999706470408e-05,2.13999992411118e-05,2.1500000002561137e-05,250228,0.0,0.0
2026-07-21 15:00:00+00:00,2.1500000002561137e-05,2.1500000002561137e-05,2.13999992411118e-05,2.13999992411118e-05,0,0.0,0.0
2026-07-21 16:00:00+00:00,2.13999992411118e-05,2.1600000764010474e-05,2.1300000298651867e-05,2.1300000298651867e-05,0,0.0,0.0
2026-07-21 17:00:00+00:00,2.1300000298651867e-05,2.1300000298651867e-05,2.119999953720253e-05,2.119999953720253e-05,46610,0.0,0.0
2026-07-21 18:00:00+00:00,2.119999953720253e-05,2.119999953720253e-05,2.119999953720253e-05,2.119999953720253e-05,137076,0.0,0.0
2026-07-21 19:00:00+00:00,2.119999953720253e-05,2.1300000298651867e-05,2.119999953720253e-05,2.1300000298651867e-05,0,0.0,0.0
2026-07-21 20:00:00+00:00,2.1300000298651867e-05,2.13999992411118e-05,2.119999953720253e-05,2.13999992411118e-05,225040,0.0,0.0
2026-07-21 21:00:00+00:00,2.13999992411118e-05,2.13999992411118e-05,2.119999953720253e-05,2.1300000298651867e-05,0,0.0,0.0
2026-07-21 22:00:00+00:00,2.1300000298651867e-05,2.1300000298651867e-05,2.1300000298651867e-05,2.1300000298651867e-05,1073182,0.0,0.0
2026-07-21 23:00:00+00:00,2.1300000298651867e-05,2.13999992411118e-05,2.119999953720253e-05,2.13999992411118e-05,418488,0.0,0.0
2026-07-22 00:00:00+00:00,2.13999992411118e-05,2.1500000002561137e-05,2.13999992411118e-05,2.1500000002561137e-05,449384,0.0,0.0
2026-07-22 01:00:00+00:00,2.1500000002561137e-05,2.1500000002561137e-05,2.13999992411118e-05,2.13999992411118e-05,195134,0.0,0.0
2026-07-22 02:00:00+00:00,2.13999992411118e-05,2.13999992411118e-05,2.1300000298651867e-05,2.1300000298651867e-05,0,0.0,0.0
2026-07-22 03:00:00+00:00,2.1300000298651867e-05,2.1300000298651867e-05,2.1300000298651867e-05,2.1300000298651867e-05,0,0.0,0.0
2026-07-22 04:00:00+00:00,2.1300000298651867e-05,2.1300000298651867e-05,2.1300000298651867e-05,2.1300000298651867e-05,0,0.0,0.0
2026-07-22 05:00:00+00:00,2.1300000298651867e-05,2.1300000298651867e-05,2.119999953720253e-05,2.119999953720253e-05,0,0.0,0.0
2026-07-22 06:00:00+00:00,2.119999953720253e-05,2.119999953720253e-05,2.1100000594742596e-05,2.1100000594742596e-05,0,0.0,0.0
2026-07-22 07:00:00+00:00,2.1100000594742596e-05,2.119999953720253e-05,2.1100000594742596e-05,2.119999953720253e-05,0,0.0,0.0
2026-07-22 08:00:00+00:00,2.119999953720253e-05,2.13999992411118e-05,2.119999953720253e-05,2.1300000298651867e-05,0,0.0,0.0
2026-07-22 09:00:00+00:00,2.1300000298651867e-05,2.13999992411118e-05,2.1300000298651867e-05,2.1300000298651867e-05,0,0.0,0.0
2026-07-22 10:00:00+00:00,2.1300000298651867e-05,2.1500000002561137e-05,2.1300000298651867e-05,2.1500000002561137e-05,115812,0.0,0.0
2026-07-22 11:00:00+00:00,2.1500000002561137e-05,2.1500000002561137e-05,2.1500000002561137e-05,2.1500000002561137e-05,0,0.0,0.0
2026-07-22 12:00:00+00:00,2.1500000002561137e-05,2.1600000764010474e-05,2.13999992411118e-05,2.1500000002561137e-05,176784,0.0,0.0
2026-07-22 13:00:00+00:00,2.1500000002561137e-05,2.1600000764010474e-05,2.1500000002561137e-05,2.1500000002561137e-05,0,0.0,0.0
2026-07-22 14:00:00+00:00,2.1500000002561137e-05,2.1600000764010474e-05,2.13999992411118e-05,2.1500000002561137e-05,636738,0.0,0.0
2026-07-22 15:00:00+00:00,2.1500000002561137e-05,2.1699999706470408e-05,2.1500000002561137e-05,2.1699999706470408e-05,45120,0.0,0.0
2026-07-22 16:00:00+00:00,2.1699999706470408e-05,2.1699999706470408e-05,2.1600000764010474e-05,2.1600000764010474e-05,0,0.0,0.0
2026-07-22 17:00:00+00:00,2.1600000764010474e-05,2.1699999706470408e-05,2.1500000002561137e-05,2.1600000764010474e-05,0,0.0,0.0
2026-07-22 18:00:00+00:00,2.1600000764010474e-05,2.1600000764010474e-05,2.13999992411118e-05,2.1500000002561137e-05,0,0.0,0.0
2026-07-22 19:00:00+00:00,2.1500000002561137e-05,2.1600000764010474e-05,2.13999992411118e-05,2.1500000002561137e-05,274690,0.0,0.0
2026-07-22 20:00:00+00:00,2.1500000002561137e-05,2.1600000764010474e-05,2.1500000002561137e-05,2.1600000764010474e-05,0,0.0,0.0
2026-07-22 21:00:00+00:00,2.1600000764010474e-05,2.1699999706470408e-05,2.1600000764010474e-05,2.1699999706470408e-05,0,0.0,0.0
2026-07-22 22:00:00+00:00,2.1699999706470408e-05,2.1699999706470408e-05,2.1600000764010474e-05,2.1600000764010474e-05,0,0.0,0.0
2026-07-22 23:00:00+00:00,2.1600000764010474e-05,2.1600000764010474e-05,2.13999992411118e-05,2.1600000764010474e-05,0,0.0,0.0
2026-07-23 00:00:00+00:00,2.1600000764010474e-05,2.1600000764010474e-05,2.1500000002561137e-05,2.1500000002561137e-05,0,0.0,0.0
2026-07-23 01:00:00+00:00,2.1500000002561137e-05,2.1500000002561137e-05,2.1500000002561137e-05,2.1500000002561137e-05,0,0.0,0.0
2026-07-23 02:00:00+00:00,2.1500000002561137e-05,2.1600000764010474e-05,2.1500000002561137e-05,2.1600000764010474e-05,0,0.0,0.0
2026-07-23 03:00:00+00:00,2.1600000764010474e-05,2.1600000764010474e-05,2.1500000002561137e-05,2.1500000002561137e-05,0,0.0,0.0
2026-07-23 04:00:00+00:00,2.1500000002561137e-05,2.1500000002561137e-05,2.1500000002561137e-05,2.1500000002561137e-05,0,0.0,0.0
2026-07-23 05:00:00+00:00,2.1500000002561137e-05,2.1500000002561137e-05,2.1500000002561137e-05,2.1500000002561137e-05,0,0.0,0.0
2026-07-23 06:00:00+00:00,2.1500000002561137e-05,2.1500000002561137e-05,2.1500000002561137e-05,2.1500000002561137e-05,0,0.0,0.0
2026-07-23 07:00:00+00:00,2.1500000002561137e-05,2.1500000002561137e-05,2.13999992411118e-05,2.13999992411118e-05,0,0.0,0.0
2026-07-23 08:00:00+00:00,2.13999992411118e-05,2.13999992411118e-05,2.13999992411118e-05,2.13999992411118e-05,0,0.0,0.0
2026-07-23 09:00:00+00:00,2.13999992411118e-05,2.1500000002561137e-05,2.13999992411118e-05,2.1500000002561137e-05,0,0.0,0.0
2026-07-23 10:00:00+00:00,2.1500000002561137e-05,2.1699999706470408e-05,2.1500000002561137e-05,2.1699999706470408e-05,416179,0.0,0.0
2026-07-23 11:00:00+00:00,2.1699999706470408e-05,2.1699999706470408e-05,2.1699999706470408e-05,2.1699999706470408e-05,130033,0.0,0.0
2026-07-23 12:00:00+00:00,2.1699999706470408e-05,2.1699999706470408e-05,2.1500000002561137e-05,2.1500000002561137e-05,0,0.0,0.0
2026-07-23 13:00:00+00:00,2.1500000002561137e-05,2.1600000764010474e-05,2.13999992411118e-05,2.13999992411118e-05,335580,0.0,0.0
2026-07-23 14:00:00+00:00,2.13999992411118e-05,2.1500000002561137e-05,2.1300000298651867e-05,2.1300000298651867e-05,0,0.0,0.0
2026-07-23 15:00:00+00:00,2.1300000298651867e-05,2.1500000002561137e-05,2.119999953720253e-05,2.1300000298651867e-05,56734,0.0,0.0
2026-07-23 16:00:00+00:00,2.1300000298651867e-05,2.13999992411118e-05,2.119999953720253e-05,2.13999992411118e-05,0,0.0,0.0
2026-07-23 17:00:00+00:00,2.13999992411118e-05,2.13999992411118e-05,2.1300000298651867e-05,2.13999992411118e-05,156918,0.0,0.0
2026-07-23 18:00:00+00:00,2.13999992411118e-05,2.13999992411118e-05,2.099999983329326e-05,2.119999953720253e-05,706526,0.0,0.0
2026-07-23 19:00:00+00:00,2.119999953720253e-05,2.119999953720253e-05,2.1100000594742596e-05,2.1100000594742596e-05,0,0.0,0.0
2026-07-23 20:00:00+00:00,2.1100000594742596e-05,2.119999953720253e-05,2.0900000890833326e-05,2.1100000594742596e-05,316328,0.0,0.0
2026-07-23 21:00:00+00:00,2.1100000594742596e-05,2.119999953720253e-05,2.1100000594742596e-05,2.1100000594742596e-05,62095,0.0,0.0
2026-07-23 22:00:00+00:00,2.1300000298651867e-05,2.13999992411118e-05,2.1100000594742596e-05,2.1300000298651867e-05,182546,0.0,0.0
2026-07-23 23:00:00+00:00,2.1300000298651867e-05,2.1300000298651867e-05,2.119999953720253e-05,2.119999953720253e-05,0,0.0,0.0
2026-07-24 00:00:00+00:00,2.119999953720253e-05,2.119999953720253e-05,2.1100000594742596e-05,2.1100000594742596e-05,133809,0.0,0.0
2026-07-24 01:00:00+00:00,2.1100000594742596e-05,2.119999953720253e-05,2.1100000594742596e-05,2.1100000594742596e-05,42136,0.0,0.0
2026-07-24 02:00:00+00:00,2.1100000594742596e-05,2.1100000594742596e-05,2.1100000594742596e-05,2.1100000594742596e-05,123829,0.0,0.0
2026-07-24 03:00:00+00:00,2.1100000594742596e-05,2.1100000594742596e-05,2.1100000594742596e-05,2.1100000594742596e-05,119212,0.0,0.0
2026-07-24 04:00:00+00:00,2.1100000594742596e-05,2.1300000298651867e-05,2.1100000594742596e-05,2.119999953720253e-05,10605,0.0,0.0
2026-07-24 05:00:00+00:00,2.119999953720253e-05,2.119999953720253e-05,2.119999953720253e-05,2.119999953720253e-05,0,0.0,0.0
2026-07-24 06:00:00+00:00,2.119999953720253e-05,2.13999992411118e-05,2.119999953720253e-05,2.1300000298651867e-05,543663,0.0,0.0
2026-07-24 07:00:00+00:00,2.1300000298651867e-05,2.1500000002561137e-05,2.1300000298651867e-05,2.1300000298651867e-05,155645,0.0,0.0
2026-07-24 08:00:00+00:00,2.1300000298651867e-05,2.1300000298651867e-05,2.1100000594742596e-05,2.1100000594742596e-05,133977,0.0,0.0
2026-07-24 09:00:00+00:00,2.1100000594742596e-05,2.119999953720253e-05,2.1100000594742596e-05,2.119999953720253e-05,417691,0.0,0.0
2026-07-24 10:00:00+00:00,2.119999953720253e-05,2.1300000298651867e-05,2.1100000594742596e-05,2.1100000594742596e-05,0,0.0,0.0
2026-07-24 11:00:00+00:00,2.1100000594742596e-05,2.1100000594742596e-05,2.099999983329326e-05,2.1100000594742596e-05,0,0.0,0.0
2026-07-24 12:00:00+00:00,2.1100000594742596e-05,2.1100000594742596e-05,2.099999983329326e-05,2.099999983329326e-05,90687,0.0,0.0
2026-07-24 13:00:00+00:00,2.099999983329326e-05,2.099999983329326e-05,2.069999936793465e-05,2.080000012938399e-05,246052,0.0,0.0
2026-07-24 14:00:00+00:00,2.080000012938399e-05,2.0900000890833326e-05,2.069999936793465e-05,2.0900000890833326e-05,1393337,0.0,0.0
2026-07-24 15:00:00+00:00,2.0900000890833326e-05,2.099999983329326e-05,2.0900000890833326e-05,2.099999983329326e-05,0,0.0,0.0
2026-07-24 16:00:00+00:00,2.099999983329326e-05,2.099999983329326e-05,2.080000012938399e-05,2.0900000890833326e-05,0,0.0,0.0
2026-07-24 17:00:00+00:00,2.080000012938399e-05,2.119999953720253e-05,2.080000012938399e-05,2.119999953720253e-05,782292,0.0,0.0
2026-07-24 18:00:00+00:00,2.119999953720253e-05,2.119999953720253e-05,2.1100000594742596e-05,2.1100000594742596e-05,0,0.0,0.0
2026-07-24 19:00:00+00:00,2.1100000594742596e-05,2.1100000594742596e-05,2.080000012938399e-05,2.080000012938399e-05,193560,0.0,0.0
2026-07-24 20:00:00+00:00,2.080000012938399e-05,2.0900000890833326e-05,2.080000012938399e-05,2.0900000890833326e-05,0,0.0,0.0
2026-07-24 21:00:00+00:00,2.0900000890833326e-05,2.099999983329326e-05,2.069999936793465e-05,2.069999936793465e-05,11152,0.0,0.0
2026-07-24 22:00:00+00:00,2.069999936793465e-05,2.069999936793465e-05,2.069999936793465e-05,2.069999936793465e-05,788314,0.0,0.0
2026-07-24 23:00:00+00:00,2.069999936793465e-05,2.0900000890833326e-05,2.069999936793465e-05,2.0900000890833326e-05,0,0.0,0.0
2026-07-25 00:00:00+00:00,2.0900000890833326e-05,2.1100000594742596e-05,2.080000012938399e-05,2.1100000594742596e-05,488539,0.0,0.0
2026-07-25 01:00:00+00:00,2.1100000594742596e-05,2.1100000594742596e-05,2.1100000594742596e-05,2.1100000594742596e-05,52974,0.0,0.0
2026-07-25 02:00:00+00:00,2.1100000594742596e-05,2.119999953720253e-05,2.1100000594742596e-05,2.119999953720253e-05,203390,0.0,0.0
2026-07-25 03:00:00+00:00,2.119999953720253e-05,2.119999953720253e-05,2.119999953720253e-05,2.119999953720253e-05,0,0.0,0.0
2026-07-25 04:00:00+00:00,2.119999953720253e-05,2.119999953720253e-05,2.1100000594742596e-05,2.1100000594742596e-05,267806,0.0,0.0
2026-07-25 05:00:00+00:00,2.1100000594742596e-05,2.1100000594742596e-05,2.099999983329326e-05,2.099999983329326e-05,61336,0.0,0.0
2026-07-25 06:00:00+00:00,2.099999983329326e-05,2.099999983329326e-05,2.099999983329326e-05,2.099999983329326e-05,0,0.0,0.0
2026-07-25 07:00:00+00:00,2.099999983329326e-05,2.099999983329326e-05,2.099999983329326e-05,2.099999983329326e-05,0,0.0,0.0
2026-07-25 08:00:00+00:00,2.099999983329326e-05,2.099999983329326e-05,2.099999983329326e-05,2.099999983329326e-05,101120,0.0,0.0
2026-07-25 09:00:00+00:00,2.099999983329326e-05,2.099999983329326e-05,2.099999983329326e-05,2.099999983329326e-05,0,0.0,0.0
2026-07-25 10:00:00+00:00,2.099999983329326e-05,2.099999983329326e-05,2.099999983329326e-05,2.099999983329326e-05,0,0.0,0.0
2026-07-25 11:00:00+00:00,2.099999983329326e-05,2.099999983329326e-05,2.080000012938399e-05,2.080000012938399e-05,185837,0.0,0.0
2026-07-25 12:00:00+00:00,2.080000012938399e-05,2.0900000890833326e-05,2.080000012938399e-05,2.0900000890833326e-05,0,0.0,0.0
2026-07-25 13:00:00+00:00,2.0900000890833326e-05,2.1100000594742596e-05,2.0900000890833326e-05,2.1100000594742596e-05,0,0.0,0.0
2026-07-25 14:00:00+00:00,2.1100000594742596e-05,2.13999992411118e-05,2.099999983329326e-05,2.13999992411118e-05,0,0.0,0.0
2026-07-25 15:00:00+00:00,2.13999992411118e-05,2.1699999706470408e-05,2.119999953720253e-05,2.1699999706470408e-05,2133994,0.0,0.0
2026-07-25 16:00:00+00:00,2.1800000467919745e-05,2.2300000637187622e-05,2.1800000467919745e-05,2.1899999410379678e-05,6033890,0.0,0.0
2026-07-25 17:00:00+00:00,2.1899999410379678e-05,2.2500000341096893e-05,2.1899999410379678e-05,2.2500000341096893e-05,1781138,0.0,0.0
2026-07-25 18:00:00+00:00,2.2500000341096893e-05,2.2599999283556826e-05,2.209999911428895e-05,2.2300000637187622e-05,1213108,0.0,0.0
2026-07-25 19:00:00+00:00,2.2300000637187622e-05,2.2399999579647556e-05,2.209999911428895e-05,2.2399999579647556e-05,0,0.0,0.0
2026-07-25 20:00:00+00:00,2.2500000341096893e-05,2.2599999283556826e-05,2.209999911428895e-05,2.209999911428895e-05,491400,0.0,0.0
2026-07-25 21:00:00+00:00,2.209999911428895e-05,2.2300000637187622e-05,2.209999911428895e-05,2.2199999875738285e-05,800488,0.0,0.0
2026-07-25 22:00:00+00:00,2.2199999875738285e-05,2.2199999875738285e-05,2.2000000171829015e-05,2.2000000171829015e-05,0,0.0,0.0
2026-07-25 23:00:00+00:00,2.2000000171829015e-05,2.209999911428895e-05,2.1899999410379678e-05,2.1899999410379678e-05,1453694,0.0,0.0
2026-07-26 00:00:00+00:00,2.1899999410379678e-05,2.209999911428895e-05,2.1899999410379678e-05,2.209999911428895e-05,209458,0.0,0.0
2026-07-26 01:00:00+00:00,2.209999911428895e-05,2.2399999579647556e-05,2.2000000171829015e-05,2.2399999579647556e-05,961812,0.0,0.0
2026-07-26 02:00:00+00:00,2.2399999579647556e-05,2.2899999748915434e-05,2.2399999579647556e-05,2.28000008064555e-05,2489596,0.0,0.0
2026-07-26 03:00:00+00:00,2.28000008064555e-05,2.28000008064555e-05,2.2500000341096893e-05,2.28000008064555e-05,958064,0.0,0.0
2026-07-26 04:00:00+00:00,2.28000008064555e-05,2.300000051036477e-05,2.2599999283556826e-05,2.2700000045006163e-05,1113286,0.0,0.0
2026-07-26 05:00:00+00:00,2.2700000045006163e-05,2.320000021427404e-05,2.2700000045006163e-05,2.3099999452824704e-05,1966818,0.0,0.0
2026-07-26 06:00:00+00:00,2.3099999452824704e-05,2.3299999156733975e-05,2.2899999748915434e-05,2.3299999156733975e-05,1510792,0.0,0.0
2026-07-26 07:00:00+00:00,2.3299999156733975e-05,2.3299999156733975e-05,2.28000008064555e-05,2.28000008064555e-05,1471360,0.0,0.0
2026-07-26 08:00:00+00:00,2.28000008064555e-05,2.28000008064555e-05,2.2399999579647556e-05,2.2399999579647556e-05,1549448,0.0,0.0
2026-07-26 09:00:00+00:00,2.2500000341096893e-05,2.2500000341096893e-05,2.2300000637187622e-05,2.2399999579647556e-05,479232,0.0,0.0
2026-07-26 10:00:00+00:00,2.2399999579647556e-05,2.2500000341096893e-05,2.2399999579647556e-05,2.2399999579647556e-05,239836,0.0,0.0
2026-07-26 11:00:00+00:00,2.2399999579647556e-05,2.2700000045006163e-05,2.2399999579647556e-05,2.2599999283556826e-05,281100,0.0,0.0
2026-07-26 12:00:00+00:00,2.2599999283556826e-05,2.28000008064555e-05,2.2599999283556826e-05,2.2700000045006163e-05,699492,0.0,0.0
2026-07-26 13:00:00+00:00,2.2700000045006163e-05,2.2700000045006163e-05,2.209999911428895e-05,2.2300000637187622e-05,2239360,0.0,0.0
2026-07-26 14:00:00+00:00,2.2300000637187622e-05,2.2399999579647556e-05,2.209999911428895e-05,2.2199999875738285e-05,0,0.0,0.0
2026-07-26 15:00:00+00:00,2.209999911428895e-05,2.2399999579647556e-05,2.209999911428895e-05,2.2399999579647556e-05,0,0.0,0.0
2026-07-26 16:00:00+00:00,2.2399999579647556e-05,2.2399999579647556e-05,2.2199999875738285e-05,2.2300000637187622e-05,0,0.0,0.0
2026-07-26 17:00:00+00:00,2.2300000637187622e-05,2.2300000637187622e-05,2.2199999875738285e-05,2.2300000637187622e-05,0,0.0,0.0
2026-07-26 18:00:00+00:00,2.2300000637187622e-05,2.2300000637187622e-05,2.2199999875738285e-05,2.2199999875738285e-05,0,0.0,0.0
2026-07-26 19:00:00+00:00,2.2199999875738285e-05,2.2300000637187622e-05,2.2199999875738285e-05,2.2199999875738285e-05,0,0.0,0.0
2026-07-26 20:00:00+00:00,2.2199999875738285e-05,2.2199999875738285e-05,2.2199999875738285e-05,2.2199999875738285e-05,0,0.0,0.0
2026-07-26 21:00:00+00:00,2.2199999875738285e-05,2.2199999875738285e-05,2.2199999875738285e-05,2.2199999875738285e-05,0,0.0,0.0
2026-07-26 22:00:00+00:00,2.2199999875738285e-05,2.2399999579647556e-05,2.2199999875738285e-05,2.2300000637187622e-05,0,0.0,0.0
2026-07-26 23:00:00+00:00,2.2300000637187622e-05,2.2500000341096893e-05,2.2300000637187622e-05,2.2399999579647556e-05,230194,0.0,0.0
2026-07-27 00:00:00+00:00,2.2399999579647556e-05,2.2399999579647556e-05,2.2399999579647556e-05,2.2399999579647556e-05,0,0.0,0.0
2026-07-27 01:00:00+00:00,2.2399999579647556e-05,2.2399999579647556e-05,2.2199999875738285e-05,2.2199999875738285e-05,0,0.0,0.0
2026-07-27 02:00:00+00:00,2.2199999875738285e-05,2.2300000637187622e-05,2.2199999875738285e-05,2.2300000637187622e-05,0,0.0,0.0
2026-07-27 03:00:00+00:00,2.2300000637187622e-05,2.2300000637187622e-05,2.2199999875738285e-05,2.2199999875738285e-05,0,0.0,0.0
2026-07-27 04:00:00+00:00,2.2199999875738285e-05,2.2300000637187622e-05,2.2199999875738285e-05,2.2199999875738285e-05,0,0.0,0.0
2026-07-27 05:00:00+00:00,2.2199999875738285e-05,2.2399999579647556e-05,2.209999911428895e-05,2.2399999579647556e-05,0,0.0,0.0
2026-07-27 06:00:00+00:00,2.2399999579647556e-05,2.2399999579647556e-05,2.2300000637187622e-05,2.2399999579647556e-05,0,0.0,0.0
2026-07-27 07:00:00+00:00,2.2399999579647556e-05,2.2399999579647556e-05,2.2199999875738285e-05,2.2199999875738285e-05,0,0.0,0.0
2026-07-27 08:00:00+00:00,2.2199999875738285e-05,2.2199999875738285e-05,2.209999911428895e-05,2.209999911428895e-05,0,0.0,0.0
2026-07-27 09:00:00+00:00,2.2000000171829015e-05,2.2000000171829015e-05,2.1899999410379678e-05,2.2000000171829015e-05,0,0.0,0.0
2026-07-27 10:00:00+00:00,2.2000000171829015e-05,2.209999911428895e-05,2.2000000171829015e-05,2.209999911428895e-05,0,0.0,0.0
2026-07-27 11:00:00+00:00,2.209999911428895e-05,2.209999911428895e-05,2.2000000171829015e-05,2.2000000171829015e-05,0,0.0,0.0
2026-07-27 12:00:00+00:00,2.2000000171829015e-05,2.2000000171829015e-05,2.1899999410379678e-05,2.1899999410379678e-05,0,0.0,0.0
2026-07-27 13:00:00+00:00,2.1899999410379678e-05,2.2199999875738285e-05,2.1899999410379678e-05,2.2199999875738285e-05,0,0.0,0.0
2026-07-27 14:00:00+00:00,2.2199999875738285e-05,2.2199999875738285e-05,2.1500000002561137e-05,2.1600000764010474e-05,477984,0.0,0.0
2026-07-27 15:00:00+00:00,2.1600000764010474e-05,2.1699999706470408e-05,2.1600000764010474e-05,2.1600000764010474e-05,0,0.0,0.0
2026-07-27 16:00:00+00:00,2.1600000764010474e-05,2.1600000764010474e-05,2.1500000002561137e-05,2.1600000764010474e-05,163559,0.0,0.0
2026-07-27 17:00:00+00:00,2.1600000764010474e-05,2.1600000764010474e-05,2.1500000002561137e-05,2.1600000764010474e-05,0,0.0,0.0
2026-07-27 18:00:00+00:00,2.1600000764010474e-05,2.1699999706470408e-05,2.13999992411118e-05,2.13999992411118e-05,759605,0.0,0.0
2026-07-27 19:00:00+00:00,2.13999992411118e-05,2.1500000002561137e-05,2.13999992411118e-05,2.13999992411118e-05,266420,0.0,0.0
2026-07-27 20:00:00+00:00,2.13999992411118e-05,2.13999992411118e-05,2.1300000298651867e-05,2.1300000298651867e-05,96658,0.0,0.0
2026-07-27 21:00:00+00:00,2.1300000298651867e-05,2.1300000298651867e-05,2.1100000594742596e-05,2.119999953720253e-05,340193,0.0,0.0
2026-07-27 22:00:00+00:00,2.119999953720253e-05,2.119999953720253e-05,2.069999936793465e-05,2.069999936793465e-05,1014682,0.0,0.0
2026-07-27 23:00:00+00:00,2.069999936793465e-05,2.080000012938399e-05,2.049999966402538e-05,2.069999936793465e-05,1014568,0.0,0.0
2026-07-28 00:00:00+00:00,2.069999936793465e-05,2.069999936793465e-05,2.069999936793465e-05,2.069999936793465e-05,0,0.0,0.0
2026-07-28 01:00:00+00:00,2.069999936793465e-05,2.069999936793465e-05,2.049999966402538e-05,2.0600000425474718e-05,817024,0.0,0.0
2026-07-28 02:00:00+00:00,2.0600000425474718e-05,2.069999936793465e-05,2.049999966402538e-05,2.069999936793465e-05,285726,0.0,0.0
2026-07-28 03:00:00+00:00,2.069999936793465e-05,2.080000012938399e-05,2.069999936793465e-05,2.080000012938399e-05,0,0.0,0.0
2026-07-28 04:00:00+00:00,2.080000012938399e-05,2.080000012938399e-05,2.069999936793465e-05,2.080000012938399e-05,83152,0.0,0.0
2026-07-28 05:00:00+00:00,2.080000012938399e-05,2.0900000890833326e-05,2.069999936793465e-05,2.080000012938399e-05,0,0.0,0.0
2026-07-28 06:00:00+00:00,2.080000012938399e-05,2.080000012938399e-05,2.080000012938399e-05,2.080000012938399e-05,0,0.0,0.0
2026-07-28 07:00:00+00:00,2.080000012938399e-05,2.080000012938399e-05,2.069999936793465e-05,2.080000012938399e-05,18744,0.0,0.0
2026-07-28 08:00:00+00:00,2.080000012938399e-05,2.080000012938399e-05,2.0600000425474718e-05,2.069999936793465e-05,0,0.0,0.0
2026-07-28 09:00:00+00:00,2.069999936793465e-05,2.080000012938399e-05,2.0600000425474718e-05,2.080000012938399e-05,0,0.0,0.0
2026-07-28 10:00:00+00:00,2.080000012938399e-05,2.080000012938399e-05,2.069999936793465e-05,2.069999936793465e-05,0,0.0,0.0
2026-07-28 11:00:00+00:00,2.069999936793465e-05,2.069999936793465e-05,2.069999936793465e-05,2.069999936793465e-05,306748,0.0,0.0
2026-07-28 12:00:00+00:00,2.069999936793465e-05,2.069999936793465e-05,2.0600000425474718e-05,2.069999936793465e-05,0,0.0,0.0
2026-07-28 13:00:00+00:00,2.069999936793465e-05,2.080000012938399e-05,2.029999996011611e-05,2.049999966402538e-05,172236,0.0,0.0
2026-07-28 14:00:00+00:00,2.049999966402538e-05,2.069999936793465e-05,2.049999966402538e-05,2.069999936793465e-05,0,0.0,0.0
2026-07-28 15:00:00+00:00,2.069999936793465e-05,2.1100000594742596e-05,2.069999936793465e-05,2.0900000890833326e-05,499116,0.0,0.0
2026-07-28 16:00:00+00:00,2.0900000890833326e-05,2.099999983329326e-05,2.0900000890833326e-05,2.0900000890833326e-05,0,0.0,0.0
2026-07-28 17:00:00+00:00,2.0900000890833326e-05,2.0900000890833326e-05,2.069999936793465e-05,2.069999936793465e-05,0,0.0,0.0
2026-07-28 18:00:00+00:00,2.069999936793465e-05,2.080000012938399e-05,2.069999936793465e-05,2.080000012938399e-05,0,0.0,0.0
2026-07-28 19:00:00+00:00,2.080000012938399e-05,2.099999983329326e-05,2.080000012938399e-05,2.099999983329326e-05,0,0.0,0.0
2026-07-28 20:00:00+00:00,2.099999983329326e-05,2.099999983329326e-05,2.0900000890833326e-05,2.0900000890833326e-05,0,0.0,0.0
2026-07-28 21:00:00+00:00,2.0900000890833326e-05,2.099999983329326e-05,2.0900000890833326e-05,2.099999983329326e-05,0,0.0,0.0
2026-07-28 22:00:00+00:00,2.099999983329326e-05,2.099999983329326e-05,2.080000012938399e-05,2.080000012938399e-05,0,0.0,0.0
2026-07-28 23:00:00+00:00,2.080000012938399e-05,2.080000012938399e-05,2.0600000425474718e-05,2.0600000425474718e-05,0,0.0,0.0
2026-07-29 00:00:00+00:00,2.0600000425474718e-05,2.0900000890833326e-05,2.0600000425474718e-05,2.0900000890833326e-05,125238,0.0,0.0
2026-07-29 01:00:00+00:00,2.0900000890833326e-05,2.0900000890833326e-05,2.069999936793465e-05,2.069999936793465e-05,0,0.0,0.0
2026-07-29 02:00:00+00:00,2.069999936793465e-05,2.069999936793465e-05,2.0600000425474718e-05,2.0600000425474718e-05,0,0.0,0.0
2026-07-29 03:00:00+00:00,2.0600000425474718e-05,2.0600000425474718e-05,2.0400000721565448e-05,2.0400000721565448e-05,302747,0.0,0.0
2026-07-29 04:00:00+00:00,2.0400000721565448e-05,2.0400000721565448e-05,2.029999996011611e-05,2.0400000721565448e-05,378146,0.0,0.0
2026-07-29 05:00:00+00:00,2.0400000721565448e-05,2.0400000721565448e-05,2.0400000721565448e-05,2.0400000721565448e-05,0,0.0,0.0
2026-07-29 06:00:00+00:00,2.0400000721565448e-05,2.069999936793465e-05,2.0400000721565448e-05,2.069999936793465e-05,0,0.0,0.0
2026-07-29 07:00:00+00:00,2.069999936793465e-05,2.069999936793465e-05,2.069999936793465e-05,2.069999936793465e-05,0,0.0,0.0
2026-07-29 08:00:00+00:00,2.069999936793465e-05,2.080000012938399e-05,2.049999966402538e-05,2.0600000425474718e-05,59784,0.0,0.0
2026-07-29 09:00:00+00:00,2.0600000425474718e-05,2.069999936793465e-05,2.0600000425474718e-05,2.0600000425474718e-05,0,0.0,0.0
2026-07-29 10:00:00+00:00,2.0600000425474718e-05,2.0600000425474718e-05,2.049999966402538e-05,2.049999966402538e-05,0,0.0,0.0
2026-07-29 11:00:00+00:00,2.049999966402538e-05,2.049999966402538e-05,2.0400000721565448e-05,2.049999966402538e-05,0,0.0,0.0
2026-07-29 12:00:00+00:00,2.049999966402538e-05,2.069999936793465e-05,2.049999966402538e-05,2.069999936793465e-05,367862,0.0,0.0
2026-07-29 13:00:00+00:00,2.069999936793465e-05,2.069999936793465e-05,2.0600000425474718e-05,2.069999936793465e-05,0,0.0,0.0
2026-07-29 14:00:00+00:00,2.069999936793465e-05,2.069999936793465e-05,2.049999966402538e-05,2.049999966402538e-05,0,0.0,0.0
2026-07-29 15:00:00+00:00,2.049999966402538e-05,2.049999966402538e-05,2.0199999198666774e-05,2.029999996011611e-05,0,0.0,0.0
2026-07-29 16:00:00+00:00,2.029999996011611e-05,2.0400000721565448e-05,2.029999996011611e-05,2.029999996011611e-05,194852,0.0,0.0
2026-07-29 17:00:00+00:00,2.029999996011611e-05,2.0400000721565448e-05,2.029999996011611e-05,2.0400000721565448e-05,38075,0.0,0.0
2026-07-29 18:00:00+00:00,2.0400000721565448e-05,2.049999966402538e-05,2.029999996011611e-05,2.049999966402538e-05,718114,0.0,0.0
2026-07-29 19:00:00+00:00,2.049999966402538e-05,2.0600000425474718e-05,2.010000025620684e-05,2.010000025620684e-05,452445,0.0,0.0
2026-07-29 20:00:00+00:00,2.010000025620684e-05,2.0199999198666774e-05,1.9999999494757503e-05,2.010000025620684e-05,381930,0.0,0.0
2026-07-29 21:00:00+00:00,2.010000025620684e-05,2.0199999198666774e-05,1.9999999494757503e-05,2.0199999198666774e-05,128413,0.0,0.0
2026-07-29 22:00:00+00:00,2.0199999198666774e-05,2.0400000721565448e-05,2.0199999198666774e-05,2.029999996011611e-05,0,0.0,0.0
2026-07-29 23:00:00+00:00,2.029999996011611e-05,2.0400000721565448e-05,2.029999996011611e-05,2.0400000721565448e-05,0,0.0,0.0
2026-07-30 00:00:00+00:00,2.0400000721565448e-05,2.0400000721565448e-05,2.0199999198666774e-05,2.029999996011611e-05,39842,0.0,0.0
2026-07-30 01:00:00+00:00,2.029999996011611e-05,2.049999966402538e-05,2.029999996011611e-05,2.0400000721565448e-05,46636,0.0,0.0
2026-07-30 02:00:00+00:00,2.0400000721565448e-05,2.049999966402538e-05,2.0400000721565448e-05,2.0400000721565448e-05,0,0.0,0.0
2026-07-30 03:00:00+00:00,2.0400000721565448e-05,2.049999966402538e-05,2.029999996011611e-05,2.029999996011611e-05,66712,0.0,0.0
2026-07-30 04:00:00+00:00,2.029999996011611e-05,2.029999996011611e-05,2.029999996011611e-05,2.029999996011611e-05,0,0.0,0.0
2026-07-30 05:00:00+00:00,2.029999996011611e-05,2.029999996011611e-05,2.0199999198666774e-05,2.0199999198666774e-05,0,0.0,0.0
2026-07-30 06:00:00+00:00,2.0199999198666774e-05,2.0199999198666774e-05,2.0199999198666774e-05,2.0199999198666774e-05,0,0.0,0.0
2026-07-30 07:00:00+00:00,2.0199999198666774e-05,2.0199999198666774e-05,2.0199999198666774e-05,2.0199999198666774e-05,0,0.0,0.0
2026-07-30 08:00:00+00:00,2.0199999198666774e-05,2.0199999198666774e-05,2.0199999198666774e-05,2.0199999198666774e-05,0,0.0,0.0
2026-07-30 09:00:00+00:00,2.0199999198666774e-05,2.0400000721565448e-05,2.0199999198666774e-05,2.029999996011611e-05,2961071,0.0,0.0
2026-07-30 10:00:00+00:00,2.029999996011611e-05,2.0400000721565448e-05,2.029999996011611e-05,2.0400000721565448e-05,135894,0.0,0.0
2026-07-30 11:00:00+00:00,2.0400000721565448e-05,2.0400000721565448e-05,2.0400000721565448e-05,2.0400000721565448e-05,137791,0.0,0.0
2026-07-30 12:00:00+00:00,2.0400000721565448e-05,2.0400000721565448e-05,2.0199999198666774e-05,2.029999996011611e-05,338308,0.0,0.0
2026-07-30 13:00:00+00:00,2.029999996011611e-05,2.049999966402538e-05,2.0199999198666774e-05,2.049999966402538e-05,0,0.0,0.0
2026-07-30 14:00:00+00:00,2.049999966402538e-05,2.0600000425474718e-05,2.0400000721565448e-05,2.049999966402538e-05,771353,0.0,0.0
2026-07-30 15:00:00+00:00,2.049999966402538e-05,2.049999966402538e-05,2.0400000721565448e-05,2.0400000721565448e-05,0,0.0,0.0
2026-07-30 16:00:00+00:00,2.0400000721565448e-05,2.0400000721565448e-05,2.0400000721565448e-05,2.0400000721565448e-05,0,0.0,0.0
2026-07-30 17:00:00+00:00,2.0400000721565448e-05,2.049999966402538e-05,2.0400000721565448e-05,2.0400000721565448e-05,0,0.0,0.0
2026-07-30 18:00:00+00:00,2.0400000721565448e-05,2.0400000721565448e-05,2.0400000721565448e-05,2.0400000721565448e-05,0,0.0,0.0
2026-07-30 19:00:00+00:00,2.0400000721565448e-05,2.049999966402538e-05,2.0400000721565448e-05,2.049999966402538e-05,0,0.0,0.0
2026-07-30 20:00:00+00:00,2.049999966402538e-05,2.049999966402538e-05,2.0400000721565448e-05,2.049999966402538e-05,0,0.0,0.0
2026-07-30 21:00:00+00:00,2.049999966402538e-05,2.0600000425474718e-05,2.0400000721565448e-05,2.049999966402538e-05,555304,0.0,0.0
2026-07-30 22:00:00+00:00,2.049999966402538e-05,2.069999936793465e-05,2.049999966402538e-05,2.0600000425474718e-05,1085589,0.0,0.0
2026-07-30 23:00:00+00:00,2.0600000425474718e-05,2.0600000425474718e-05,2.049999966402538e-05,2.049999966402538e-05,208866,0.0,0.0
2026-07-31 00:00:00+00:00,2.049999966402538e-05,2.0600000425474718e-05,2.049999966402538e-05,2.0600000425474718e-05,138233,0.0,0.0
2026-07-31 01:00:00+00:00,2.0600000425474718e-05,2.069999936793465e-05,2.0600000425474718e-05,2.0600000425474718e-05,276797,0.0,0.0
2026-07-31 02:00:00+00:00,2.0600000425474718e-05,2.0600000425474718e-05,2.049999966402538e-05,2.049999966402538e-05,93492,0.0,0.0
2026-07-31 03:00:00+00:00,2.049999966402538e-05,2.069999936793465e-05,2.0400000721565448e-05,2.049999966402538e-05,389009,0.0,0.0
2026-07-31 04:00:00+00:00,2.049999966402538e-05,2.049999966402538e-05,2.0400000721565448e-05,2.0400000721565448e-05,127118,0.0,0.0
2026-07-31 05:00:00+00:00,2.0400000721565448e-05,2.049999966402538e-05,2.0400000721565448e-05,2.049999966402538e-05,49314,0.0,0.0
2026-07-31 06:00:00+00:00,2.049999966402538e-05,2.049999966402538e-05,2.0400000721565448e-05,2.0400000721565448e-05,208802,0.0,0.0
2026-07-31 07:00:00+00:00,2.0400000721565448e-05,2.0600000425474718e-05,2.0400000721565448e-05,2.0600000425474718e-05,364100,0.0,0.0
2026-07-31 08:00:00+00:00,2.0600000425474718e-05,2.0600000425474718e-05,2.0400000721565448e-05,2.0400000721565448e-05,34960,0.0,0.0
2026-07-31 09:00:00+00:00,2.0400000721565448e-05,2.049999966402538e-05,2.0400000721565448e-05,2.0400000721565448e-05,0,0.0,0.0
2026-07-31 10:00:00+00:00,2.0400000721565448e-05,2.0400000721565448e-05,2.029999996011611e-05,2.0400000721565448e-05,0,0.0,0.0
2026-07-31 11:00:00+00:00,2.0400000721565448e-05,2.0400000721565448e-05,2.029999996011611e-05,2.029999996011611e-05,0,0.0,0.0
2026-07-31 12:00:00+00:00,2.029999996011611e-05,2.0400000721565448e-05,2.029999996011611e-05,2.0400000721565448e-05,0,0.0,0.0
2026-07-31 13:00:00+00:00,2.0400000721565448e-05,2.0400000721565448e-05,2.0400000721565448e-05,2.0400000721565448e-05,305998,0.0,0.0
2026-07-31 14:00:00+00:00,2.0400000721565448e-05,2.0400000721565448e-05,2.010000025620684e-05,2.029999996011611e-05,0,0.0,0.0
2026-07-31 15:00:00+00:00,2.029999996011611e-05,2.029999996011611e-05,2.0199999198666774e-05,2.0199999198666774e-05,222969,0.0,0.0
2026-07-31 16:00:00+00:00,2.0199999198666774e-05,2.029999996011611e-05,2.0199999198666774e-05,2.0199999198666774e-05,33436,0.0,0.0
2026-07-31 17:00:00+00:00,2.0199999198666774e-05,2.049999966402538e-05,2.0199999198666774e-05,2.049999966402538e-05,77914,0.0,0.0
2026-07-31 18:00:00+00:00,2.049999966402538e-05,2.049999966402538e-05,2.0400000721565448e-05,2.049999966402538e-05,168842,0.0,0.0
2026-07-31 19:00:00+00:00,2.049999966402538e-05,2.049999966402538e-05,2.029999996011611e-05,2.029999996011611e-05,0,0.0,0.0
2026-07-31 20:00:00+00:00,2.029999996011611e-05,2.029999996011611e-05,2.029999996011611e-05,2.029999996011611e-05,51745,0.0,0.0
2026-07-31 21:00:00+00:00,2.029999996011611e-05,2.029999996011611e-05,2.0199999198666774e-05,2.029999996011611e-05,0,0.0,0.0
2026-07-31 22:00:00+00:00,2.029999996011611e-05,2.0400000721565448e-05,2.029999996011611e-05,2.029999996011611e-05,0,0.0,0.0
2026-07-31 23:00:00+00:00,2.029999996011611e-05,2.029999996011611e-05,2.029999996011611e-05,2.029999996011611e-05,0,0.0,0.0
2026-08-01 00:00:00+00:00,2.029999996011611e-05,2.049999966402538e-05,2.029999996011611e-05,2.049999966402538e-05,457452,0.0,0.0
2026-08-01 01:00:00+00:00,2.049999966402538e-05,2.080000012938399e-05,2.049999966402538e-05,2.080000012938399e-05,122162,0.0,0.0
2026-08-01 02:00:00+00:00,2.080000012938399e-05,2.080000012938399e-05,2.0600000425474718e-05,2.069999936793465e-05,304621,0.0,0.0
2026-08-01 03:00:00+00:00,2.069999936793465e-05,2.069999936793465e-05,2.0600000425474718e-05,2.0600000425474718e-05,0,0.0,0.0
2026-08-01 04:00:00+00:00,2.0600000425474718e-05,2.080000012938399e-05,2.0600000425474718e-05,2.080000012938399e-05,423093,0.0,0.0
2026-08-01 05:00:00+00:00,2.080000012938399e-05,2.080000012938399e-05,2.0600000425474718e-05,2.0600000425474718e-05,185282,0.0,0.0
2026-08-01 06:00:00+00:00,2.069999936793465e-05,2.069999936793465e-05,2.049999966402538e-05,2.0600000425474718e-05,84020,0.0,0.0
2026-08-01 07:00:00+00:00,2.0600000425474718e-05,2.069999936793465e-05,2.0600000425474718e-05,2.0600000425474718e-05,0,0.0,0.0
2026-08-01 08:00:00+00:00,2.0600000425474718e-05,2.0600000425474718e-05,2.049999966402538e-05,2.0600000425474718e-05,0,0.0,0.0
2026-08-01 09:00:00+00:00,2.0600000425474718e-05,2.0600000425474718e-05,2.049999966402538e-05,2.049999966402538e-05,220818,0.0,0.0
2026-08-01 10:00:00+00:00,2.049999966402538e-05,2.049999966402538e-05,2.0400000721565448e-05,2.0400000721565448e-05,393905,0.0,0.0
2026-08-01 11:00:00+00:00,2.0400000721565448e-05,2.049999966402538e-05,2.0400000721565448e-05,2.049999966402538e-05,0,0.0,0.0
2026-08-01 12:00:00+00:00,2.049999966402538e-05,2.049999966402538e-05,2.049999966402538e-05,2.049999966402538e-05,0,0.0,0.0
2026-08-01 13:00:00+00:00,2.049999966402538e-05,2.049999966402538e-05,2.049999966402538e-05,2.049999966402538e-05,0,0.0,0.0
2026-08-01 14:00:00+00:00,2.049999966402538e-05,2.049999966402538e-05,2.049999966402538e-05,2.049999966402538e-05,0,0.0,0.0
2026-08-01 15:00:00+00:00,2.049999966402538e-05,2.069999936793465e-05,2.029999996011611e-05,2.0600000425474718e-05,631251,0.0,0.0
2026-08-01 16:00:00+00:00,2.0600000425474718e-05,2.069999936793465e-05,2.0400000721565448e-05,2.0400000721565448e-05,219843,0.0,0.0
2026-08-01 17:00:00+00:00,2.0400000721565448e-05,2.0400000721565448e-05,2.029999996011611e-05,2.029999996011611e-05,394741,0.0,0.0
2026-08-01 18:00:00+00:00,2.029999996011611e-05,2.029999996011611e-05,1.9999999494757503e-05,1.9999999494757503e-05,1280481,0.0,0.0
2026-08-01 19:00:00+00:00,1.9999999494757503e-05,2.0199999198666774e-05,1.9999999494757503e-05,2.0199999198666774e-05,1138782,0.0,0.0
2026-08-01 20:00:00+00:00,2.0199999198666774e-05,2.0199999198666774e-05,1.9999999494757503e-05,1.9999999494757503e-05,732427,0.0,0.0
2026-08-01 21:00:00+00:00,1.9999999494757503e-05,2.0199999198666774e-05,1.9999999494757503e-05,2.0199999198666774e-05,0,0.0,0.0
2026-08-01 22:00:00+00:00,2.0199999198666774e-05,2.0199999198666774e-05,2.010000025620684e-05,2.0199999198666774e-05,0,0.0,0.0
2026-08-01 23:00:00+00:00,2.0199999198666774e-05,2.0199999198666774e-05,2.0199999198666774e-05,2.0199999198666774e-05,0,0.0,0.0
2026-08-02 00:00:00+00:00,2.0199999198666774e-05,2.0199999198666774e-05,2.010000025620684e-05,2.0199999198666774e-05,0,0.0,0.0
2026-08-02 01:00:00+00:00,2.0199999198666774e-05,2.029999996011611e-05,2.0199999198666774e-05,2.029999996011611e-05,0,0.0,0.0
2026-08-02 02:00:00+00:00,2.029999996011611e-05,2.049999966402538e-05,2.029999996011611e-05,2.049999966402538e-05,157450,0.0,0.0
2026-08-02 03:00:00+00:00,2.049999966402538e-05,2.049999966402538e-05,2.049999966402538e-05,2.049999966402538e-05,0,0.0,0.0
2026-08-02 04:00:00+00:00,2.049999966402538e-05,2.049999966402538e-05,2.049999966402538e-05,2.049999966402538e-05,0,0.0,0.0
2026-08-02 05:00:00+00:00,2.049999966402538e-05,2.0600000425474718e-05,2.049999966402538e-05,2.0600000425474718e-05,0,0.0,0.0
2026-08-02 06:00:00+00:00,2.0600000425474718e-05,2.0600000425474718e-05,2.0600000425474718e-05,2.0600000425474718e-05,3106,0.0,0.0
2026-08-02 07:00:00+00:00,2.0600000425474718e-05,2.069999936793465e-05,2.0600000425474718e-05,2.069999936793465e-05,123896,0.0,0.0
2026-08-02 08:00:00+00:00,2.069999936793465e-05,2.069999936793465e-05,2.049999966402538e-05,2.049999966402538e-05,0,0.0,0.0
2026-08-02 09:00:00+00:00,2.049999966402538e-05,2.049999966402538e-05,2.049999966402538e-05,2.049999966402538e-05,0,0.0,0.0
2026-08-02 10:00:00+00:00,2.049999966402538e-05,2.049999966402538e-05,2.0400000721565448e-05,2.0400000721565448e-05,0,0.0,0.0
2026-08-02 11:00:00+00:00,2.0400000721565448e-05,2.049999966402538e-05,2.0400000721565448e-05,2.0400000721565448e-05,69442,0.0,0.0
2026-08-02 12:00:00+00:00,2.0400000721565448e-05,2.049999966402538e-05,2.0400000721565448e-05,2.049999966402538e-05,174334,0.0,0.0
2026-08-02 13:00:00+00:00,2.049999966402538e-05,2.049999966402538e-05,2.0400000721565448e-05,2.049999966402538e-05,0,0.0,0.0
2026-08-02 14:00:00+00:00,2.049999966402538e-05,2.049999966402538e-05,2.049999966402538e-05,2.049999966402538e-05,106889,0.0,0.0
2026-08-02 15:00:00+00:00,2.049999966402538e-05,2.049999966402538e-05,2.049999966402538e-05,2.049999966402538e-05,0,0.0,0.0
2026-08-02 16:00:00+00:00,2.049999966402538e-05,2.049999966402538e-05,2.0400000721565448e-05,2.049999966402538e-05,0,0.0,0.0
2026-08-02 17:00:00+00:00,2.049999966402538e-05,2.049999966402538e-05,2.049999966402538e-05,2.049999966402538e-05,0,0.0,0.0
2026-08-02 18:00:00+00:00,2.049999966402538e-05,2.0600000425474718e-05,2.049999966402538e-05,2.0600000425474718e-05,0,0.0,0.0
2026-08-02 19:00:00+00:00,2.0600000425474718e-05,2.0600000425474718e-05,2.049999966402538e-05,2.049999966402538e-05,0,0.0,0.0
2026-08-02 20:00:00+00:00,2.049999966402538e-05,2.049999966402538e-05,2.0400000721565448e-05,2.049999966402538e-05,0,0.0,0.0
2026-08-02 21:00:00+00:00,2.049999966402538e-05,2.049999966402538e-05,2.049999966402538e-05,2.049999966402538e-05,196968,0.0,0.0
2026-08-02 22:00:00+00:00,2.049999966402538e-05,2.069999936793465e-05,2.049999966402538e-05,2.049999966402538e-05,185698,0.0,0.0
2026-08-02 23:00:00+00:00,2.049999966402538e-05,2.0600000425474718e-05,2.049999966402538e-05,2.0600000425474718e-05,178745,0.0,0.0
2026-08-03 00:00:00+00:00,2.0600000425474718e-05,2.0600000425474718e-05,2.0400000721565448e-05,2.0400000721565448e-05,76267,0.0,0.0
2026-08-03 01:00:00+00:00,2.0400000721565448e-05,2.0400000721565448e-05,2.0400000721565448e-05,2.0400000721565448e-05,0,0.0,0.0
2026-08-03 02:00:00+00:00,2.0400000721565448e-05,2.0400000721565448e-05,2.029999996011611e-05,2.0400000721565448e-05,0,0.0,0.0
2026-08-03 03:00:00+00:00,2.0400000721565448e-05,2.0400000721565448e-05,2.0199999198666774e-05,2.0199999198666774e-05,130941,0.0,0.0
2026-08-03 04:00:00+00:00,2.0199999198666774e-05,2.029999996011611e-05,2.0199999198666774e-05,2.029999996011611e-05,0,0.0,0.0
2026-08-03 05:00:00+00:00,2.029999996011611e-05,2.029999996011611e-05,2.0199999198666774e-05,2.0199999198666774e-05,0,0.0,0.0
2026-08-03 06:00:00+00:00,2.0199999198666774e-05,2.0199999198666774e-05,2.0199999198666774e-05,2.0199999198666774e-05,230137,0.0,0.0
2026-08-03 07:00:00+00:00,2.0199999198666774e-05,2.0199999198666774e-05,2.010000025620684e-05,2.0199999198666774e-05,0,0.0,0.0
2026-08-03 08:00:00+00:00,2.0199999198666774e-05,2.0199999198666774e-05,2.0199999198666774e-05,2.0199999198666774e-05,34486,0.0,0.0
2026-08-03 09:00:00+00:00,2.0199999198666774e-05,2.0400000721565448e-05,2.0199999198666774e-05,2.0400000721565448e-05,0,0.0,0.0
2026-08-03 10:00:00+00:00,2.0400000721565448e-05,2.0400000721565448e-05,2.0199999198666774e-05,2.0199999198666774e-05,0,0.0,0.0
2026-08-03 11:00:00+00:00,2.0199999198666774e-05,2.0199999198666774e-05,2.0199999198666774e-05,2.0199999198666774e-05,0,0.0,0.0
2026-08-03 12:00:00+00:00,2.029999996011611e-05,2.029999996011611e-05,2.029999996011611e-05,2.029999996011611e-05,368720,0.0,0.0
2026-08-03 13:00:00+00:00,2.029999996011611e-05,2.049999966402538e-05,2.029999996011611e-05,2.049999966402538e-05,149109,0.0,0.0
2026-08-03 14:00:00+00:00,2.049999966402538e-05,2.0600000425474718e-05,2.049999966402538e-05,2.0600000425474718e-05,1023221,0.0,0.0
2026-08-03 15:00:00+00:00,2.0600000425474718e-05,2.0600000425474718e-05,2.049999966402538e-05,2.0600000425474718e-05,782984,0.0,0.0
2026-08-03 16:00:00+00:00,2.0600000425474718e-05,2.0600000425474718e-05,2.049999966402538e-05,2.049999966402538e-05,183829,0.0,0.0
2026-08-03 17:00:00+00:00,2.049999966402538e-05,2.0600000425474718e-05,2.049999966402538e-05,2.0600000425474718e-05,277027,0.0,0.0
2026-08-03 18:00:00+00:00,2.0600000425474718e-05,2.0600000425474718e-05,2.049999966402538e-05,2.049999966402538e-05,0,0.0,0.0
2026-08-03 19:00:00+00:00,2.049999966402538e-05,2.069999936793465e-05,2.049999966402538e-05,2.049999966402538e-05,0,0.0,0.0
2026-08-03 20:00:00+00:00,2.0600000425474718e-05,2.0600000425474718e-05,2.049999966402538e-05,2.049999966402538e-05,83677,0.0,0.0
2026-08-03 21:00:00+00:00,2.049999966402538e-05,2.0600000425474718e-05,2.049999966402538e-05,2.0600000425474718e-05,0,0.0,0.0
2026-08-03 22:00:00+00:00,2.0600000425474718e-05,2.0600000425474718e-05,2.049999966402538e-05,2.049999966402538e-05,0,0.0,0.0
2026-08-03 23:00:00+00:00,2.049999966402538e-05,2.049999966402538e-05,2.0400000721565448e-05,2.0400000721565448e-05,4387,0.0,0.0
2026-08-04 00:00:00+00:00,2.0400000721565448e-05,2.0600000425474718e-05,2.0400000721565448e-05,2.049999966402538e-05,0,0.0,0.0
2026-08-04 01:00:00+00:00,2.049999966402538e-05,2.069999936793465e-05,2.049999966402538e-05,2.069999936793465e-05,77897,0.0,0.0
2026-08-04 02:00:00+00:00,2.069999936793465e-05,2.069999936793465e-05,2.069999936793465e-05,2.069999936793465e-05,0,0.0,0.0
2026-08-04 03:00:00+00:00,2.069999936793465e-05,2.069999936793465e-05,2.049999966402538e-05,2.0600000425474718e-05,0,0.0,0.0
2026-08-04 04:00:00+00:00,2.0600000425474718e-05,2.069999936793465e-05,2.0600000425474718e-05,2.069999936793465e-05,352132,0.0,0.0
2026-08-04 05:00:00+00:00,2.069999936793465e-05,2.069999936793465e-05,2.069999936793465e-05,2.069999936793465e-05,20536,0.0,0.0
2026-08-04 06:00:00+00:00,2.069999936793465e-05,2.069999936793465e-05,2.0600000425474718e-05,2.0600000425474718e-05,0,0.0,0.0
2026-08-04 07:00:00+00:00,2.0600000425474718e-05,2.0600000425474718e-05,2.049999966402538e-05,2.049999966402538e-05,0,0.0,0.0
2026-08-04 08:00:00+00:00,2.049999966402538e-05,2.049999966402538e-05,2.0400000721565448e-05,2.0400000721565448e-05,0,0.0,0.0
2026-08-04 09:00:00+00:00,2.0400000721565448e-05,2.0400000721565448e-05,2.0400000721565448e-05,2.0400000721565448e-05,22462,0.0,0.0
2026-08-04 10:00:00+00:00,2.0400000721565448e-05,2.049999966402538e-05,2.0400000721565448e-05,2.049999966402538e-05,58783,0.0,0.0
2026-08-04 11:00:00+00:00,2.049999966402538e-05,2.049999966402538e-05,2.0400000721565448e-05,2.0400000721565448e-05,0,0.0,0.0
2026-08-04 12:00:00+00:00,2.0400000721565448e-05,2.0600000425474718e-05,2.0400000721565448e-05,2.0600000425474718e-05,0,0.0,0.0
2026-08-04 13:00:00+00:00,2.0600000425474718e-05,2.0600000425474718e-05,2.029999996011611e-05,2.029999996011611e-05,70287,0.0,0.0
2026-08-04 14:00:00+00:00,2.029999996011611e-05,2.0400000721565448e-05,2.029999996011611e-05,2.0400000721565448e-05,0,0.0,0.0
2026-08-04 15:00:00+00:00,2.0400000721565448e-05,2.049999966402538e-05,2.029999996011611e-05,2.049999966402538e-05,0,0.0,0.0
2026-08-04 16:00:00+00:00,2.049999966402538e-05,2.049999966402538e-05,2.0400000721565448e-05,2.0400000721565448e-05,0,0.0,0.0
2026-08-04 17:00:00+00:00,2.0400000721565448e-05,2.049999966402538e-05,2.0400000721565448e-05,2.049999966402538e-05,0,0.0,0.0
2026-08-04 18:00:00+00:00,2.049999966402538e-05,2.0600000425474718e-05,2.049999966402538e-05,2.0600000425474718e-05,92237,0.0,0.0
2026-08-04 19:00:00+00:00,2.0600000425474718e-05,2.0600000425474718e-05,2.0600000425474718e-05,2.0600000425474718e-05,97154,0.0,0.0
2026-08-04 20:00:00+00:00,2.0600000425474718e-05,2.0600000425474718e-05,2.049999966402538e-05,2.0600000425474718e-05,424457,0.0,0.0
2026-08-04 21:00:00+00:00,2.0600000425474718e-05,2.0600000425474718e-05,2.0600000425474718e-05,2.0600000425474718e-05,22209,0.0,0.0
2026-08-04 22:00:00+00:00,2.0600000425474718e-05,2.0600000425474718e-05,2.0600000425474718e-05,2.0600000425474718e-05,192513,0.0,0.0
2026-08-04 23:00:00+00:00,2.0600000425474718e-05,2.069999936793465e-05,2.0600000425474718e-05,2.0600000425474718e-05,0,0.0,0.0
2026-08-05 00:00:00+00:00,2.0600000425474718e-05,2.0600000425474718e-05,2.0600000425474718e-05,2.0600000425474718e-05,221324,0.0,0.0
2026-08-05 01:00:00+00:00,2.0600000425474718e-05,2.069999936793465e-05,2.049999966402538e-05,2.0600000425474718e-05,0,0.0,0.0
2026-08-05 02:00:00+00:00,2.0600000425474718e-05,2.069999936793465e-05,2.0600000425474718e-05,2.069999936793465e-05,189927,0.0,0.0
2026-08-05 03:00:00+00:00,2.069999936793465e-05,2.080000012938399e-05,2.0600000425474718e-05,2.0600000425474718e-05,83952,0.0,0.0
2026-08-05 04:00:00+00:00,2.0600000425474718e-05,2.069999936793465e-05,2.049999966402538e-05,2.069999936793465e-05,0,0.0,0.0
2026-08-05 05:00:00+00:00,2.069999936793465e-05,2.069999936793465e-05,2.0600000425474718e-05,2.069999936793465e-05,161125,0.0,0.0
2026-08-05 06:00:00+00:00,2.069999936793465e-05,2.069999936793465e-05,2.0600000425474718e-05,2.0600000425474718e-05,323954,0.0,0.0
2026-08-05 07:00:00+00:00,2.0600000425474718e-05,2.0600000425474718e-05,2.0600000425474718e-05,2.0600000425474718e-05,180649,0.0,0.0
2026-08-05 08:00:00+00:00,2.0600000425474718e-05,2.069999936793465e-05,2.0600000425474718e-05,2.069999936793465e-05,0,0.0,0.0
2026-08-05 09:00:00+00:00,2.069999936793465e-05,2.069999936793465e-05,2.069999936793465e-05,2.069999936793465e-05,568266,0.0,0.0
2026-08-05 10:00:00+00:00,2.069999936793465e-05,2.069999936793465e-05,2.049999966402538e-05,2.049999966402538e-05,266375,0.0,0.0
2026-08-05 11:00:00+00:00,2.049999966402538e-05,2.049999966402538e-05,2.049999966402538e-05,2.049999966402538e-05,37327,0.0,0.0
2026-08-05 12:00:00+00:00,2.049999966402538e-05,2.049999966402538e-05,2.049999966402538e-05,2.049999966402538e-05,18122,0.0,0.0
2026-08-05 13:00:00+00:00,2.049999966402538e-05,2.049999966402538e-05,2.0400000721565448e-05,2.049999966402538e-05,87763,0.0,0.0
2026-08-05 14:00:00+00:00,2.049999966402538e-05,2.0600000425474718e-05,2.049999966402538e-05,2.0600000425474718e-05,82678,0.0,0.0
2026-08-05 15:00:00+00:00,2.0600000425474718e-05,2.0600000425474718e-05,2.0600000425474718e-05,2.0600000425474718e-05,0,0.0,0.0
2026-08-05 16:00:00+00:00,2.0600000425474718e-05,2.069999936793465e-05,2.0600000425474718e-05,2.0600000425474718e-05,71930,0.0,0.0
2026-08-05 17:00:00+00:00,2.0600000425474718e-05,2.069999936793465e-05,2.0600000425474718e-05,2.069999936793465e-05,0,0.0,0.0
2026-08-05 18:00:00+00:00,2.069999936793465e-05,2.069999936793465e-05,2.069999936793465e-05,2.069999936793465e-05,155902,0.0,0.0
2026-08-05 19:00:00+00:00,2.069999936793465e-05,2.069999936793465e-05,2.069999936793465e-05,2.069999936793465e-05,0,0.0,0.0
2026-08-05 20:00:00+00:00,2.069999936793465e-05,2.069999936793465e-05,2.069999936793465e-05,2.069999936793465e-05,0,0.0,0.0
2026-08-05 21:00:00+00:00,2.069999936793465e-05,2.069999936793465e-05,2.049999966402538e-05,2.0600000425474718e-05,37430,0.0,0.0
2026-08-05 22:00:00+00:00,2.0600000425474718e-05,2.0600000425474718e-05,2.0600000425474718e-05,2.0600000425474718e-05,0,0.0,0.0
2026-08-05 23:00:00+00:00,2.0600000425474718e-05,2.0600000425474718e-05,2.0600000425474718e-05,2.0600000425474718e-05,82906,0.0,0.0
2026-08-06 00:00:00+00:00,2.0600000425474718e-05,2.069999936793465e-05,2.0600000425474718e-05,2.069999936793465e-05,3205,0.0,0.0
2026-08-06 01:00:00+00:00,2.069999936793465e-05,2.069999936793465e-05,2.049999966402538e-05,2.0600000425474718e-05,131333,0.0,0.0
2026-08-06 02:00:00+00:00,2.049999966402538e-05,2.049999966402538e-05,2.049999966402538e-05,2.049999966402538e-05,0,0.0,0.0
2026-08-06 03:00:00+00:00,2.049999966402538e-05,2.049999966402538e-05,2.049999966402538e-05,2.049999966402538e-05,0,0.0,0.0
2026-08-06 04:00:00+00:00,2.049999966402538e-05,2.0600000425474718e-05,2.049999966402538e-05,2.0600000425474718e-05,0,0.0,0.0
2026-08-06 05:00:00+00:00,2.0600000425474718e-05,2.080000012938399e-05,2.0600000425474718e-05,2.0600000425474718e-05,336690,0.0,0.0
2026-08-06 06:00:00+00:00,2.0600000425474718e-05,2.069999936793465e-05,2.0600000425474718e-05,2.069999936793465e-05,0,0.0,0.0
2026-08-06 07:00:00+00:00,2.069999936793465e-05,2.069999936793465e-05,2.069999936793465e-05,2.069999936793465e-05,0,0.0,0.0
2026-08-06 08:00:00+00:00,2.069999936793465e-05,2.069999936793465e-05,2.0600000425474718e-05,2.069999936793465e-05,194714,0.0,0.0
2026-08-06 09:00:00+00:00,2.069999936793465e-05,2.069999936793465e-05,2.0600000425474718e-05,2.0600000425474718e-05,0,0.0,0.0
2026-08-06 10:00:00+00:00,2.0600000425474718e-05,2.0600000425474718e-05,2.0600000425474718e-05,2.0600000425474718e-05,0,0.0,0.0
2026-08-06 11:00:00+00:00,2.0600000425474718e-05,2.069999936793465e-05,2.0600000425474718e-05,2.0600000425474718e-05,208307,0.0,0.0
2026-08-06 12:00:00+00:00,2.0600000425474718e-05,2.0600000425474718e-05,2.0600000425474718e-05,2.0600000425474718e-05,0,0.0,0.0
2026-08-06 13:00:00+00:00,2.0600000425474718e-05,2.0600000425474718e-05,2.049999966402538e-05,2.0600000425474718e-05,378819,0.0,0.0
2026-08-06 14:00:00+00:00,2.0600000425474718e-05,2.069999936793465e-05,2.0600000425474718e-05,2.069999936793465e-05,0,0.0,0.0
2026-08-06 15:00:00+00:00,2.069999936793465e-05,2.069999936793465e-05,2.069999936793465e-05,2.069999936793465e-05,300253,0.0,0.0
2026-08-06 16:00:00+00:00,2.069999936793465e-05,2.119999953720253e-05,2.069999936793465e-05,2.119999953720253e-05,1914127,0.0,0.0
2026-08-06 17:00:00+00:00,2.119999953720253e-05,2.119999953720253e-05,2.0900000890833326e-05,2.0900000890833326e-05,760487,0.0,0.0
2026-08-06 18:00:00+00:00,2.0900000890833326e-05,2.099999983329326e-05,2.0900000890833326e-05,2.099999983329326e-05,44353,0.0,0.0
2026-08-06 19:00:00+00:00,2.099999983329326e-05,2.1100000594742596e-05,2.099999983329326e-05,2.1100000594742596e-05,443083,0.0,0.0
2026-08-06 20:00:00+00:00,2.1100000594742596e-05,2.13999992411118e-05,2.1100000594742596e-05,2.1300000298651867e-05,1144856,0.0,0.0
2026-08-06 21:00:00+00:00,2.1300000298651867e-05,2.1300000298651867e-05,2.119999953720253e-05,2.119999953720253e-05,99409,0.0,0.0
2026-08-06 22:00:00+00:00,2.119999953720253e-05,2.119999953720253e-05,2.099999983329326e-05,2.099999983329326e-05,322321,0.0,0.0
2026-08-06 23:00:00+00:00,2.099999983329326e-05,2.1100000594742596e-05,2.099999983329326e-05,2.1100000594742596e-05,1167,0.0,0.0
2026-08-07 00:00:00+00:00,2.1100000594742596e-05,2.1300000298651867e-05,2.1100000594742596e-05,2.119999953720253e-05,562061,0.0,0.0
2026-08-07 01:00:00+00:00,2.119999953720253e-05,2.13999992411118e-05,2.119999953720253e-05,2.1300000298651867e-05,0,0.0,0.0
2026-08-07 02:00:00+00:00,2.1300000298651867e-05,2.1300000298651867e-05,2.1300000298651867e-05,2.1300000298651867e-05,137548,0.0,0.0
2026-08-07 03:00:00+00:00,2.1300000298651867e-05,2.13999992411118e-05,2.1300000298651867e-05,2.13999992411118e-05,181556,0.0,0.0
2026-08-07 04:00:00+00:00,2.13999992411118e-05,2.13999992411118e-05,2.0900000890833326e-05,2.1100000594742596e-05,245704,0.0,0.0
2026-08-07 05:00:00+00:00,2.1100000594742596e-05,2.1100000594742596e-05,2.099999983329326e-05,2.099999983329326e-05,0,0.0,0.0
2026-08-07 06:00:00+00:00,2.099999983329326e-05,2.1100000594742596e-05,2.099999983329326e-05,2.099999983329326e-05,60854,0.0,0.0
2026-08-07 07:00:00+00:00,2.0900000890833326e-05,2.099999983329326e-05,2.080000012938399e-05,2.080000012938399e-05,681124,0.0,0.0
2026-08-07 08:00:00+00:00,2.080000012938399e-05,2.0900000890833326e-05,2.080000012938399e-05,2.0900000890833326e-05,469248,0.0,0.0
2026-08-07 09:00:00+00:00,2.0900000890833326e-05,2.099999983329326e-05,2.0900000890833326e-05,2.099999983329326e-05,903238,0.0,0.0
2026-08-07 10:00:00+00:00,2.099999983329326e-05,2.099999983329326e-05,2.0900000890833326e-05,2.0900000890833326e-05,347534,0.0,0.0
2026-08-07 11:00:00+00:00,2.0900000890833326e-05,2.099999983329326e-05,2.0900000890833326e-05,2.099999983329326e-05,221002,0.0,0.0
2026-08-07 12:00:00+00:00,2.099999983329326e-05,2.099999983329326e-05,2.099999983329326e-05,2.099999983329326e-05,506990,0.0,0.0
2026-08-07 13:00:00+00:00,2.099999983329326e-05,2.1100000594742596e-05,2.099999983329326e-05,2.1100000594742596e-05,0,0.0,0.0
2026-08-07 14:00:00+00:00,2.1100000594742596e-05,2.1100000594742596e-05,2.0900000890833326e-05,2.0900000890833326e-05,6696,0.0,0.0
2026-08-07 15:00:00+00:00,2.0900000890833326e-05,2.099999983329326e-05,2.0900000890833326e-05,2.099999983329326e-05,0,0.0,0.0
2026-08-07 16:00:00+00:00,2.099999983329326e-05,2.1100000594742596e-05,2.099999983329326e-05,2.1100000594742596e-05,0,0.0,0.0
2026-08-07 17:00:00+00:00,2.1100000594742596e-05,2.1100000594742596e-05,2.0900000890833326e-05,2.0900000890833326e-05,0,0.0,0.0
2026-08-07 18:00:00+00:00,2.0900000890833326e-05,2.099999983329326e-05,2.0900000890833326e-05,2.0900000890833326e-05,0,0.0,0.0
2026-08-07 19:00:00+00:00,2.0900000890833326e-05,2.0900000890833326e-05,2.0900000890833326e-05,2.0900000890833326e-05,0,0.0,0.0
2026-08-07 20:00:00+00:00,2.0900000890833326e-05,2.0900000890833326e-05,2.0900000890833326e-05,2.0900000890833326e-05,0,0.0,0.0
2026-08-07 21:00:00+00:00,2.0900000890833326e-05,2.099999983329326e-05,2.0900000890833326e-05,2.0900000890833326e-05,0,0.0,0.0
2026-08-07 22:00:00+00:00,2.0900000890833326e-05,2.0900000890833326e-05,2.0900000890833326e-05,2.0900000890833326e-05,0,0.0,0.0
2026-08-07 23:00:00+00:00,2.0900000890833326e-05,2.0900000890833326e-05,2.0900000890833326e-05,2.0900000890833326e-05,0,0.0,0.0
2026-08-08 00:00:00+00:00,2.0900000890833326e-05,2.0900000890833326e-05,2.0900000890833326e-05,2.0900000890833326e-05,0,0.0,0.0
2026-08-08 01:00:00+00:00,2.0900000890833326e-05,2.099999983329326e-05,2.0900000890833326e-05,2.0900000890833326e-05,0,0.0,0.0
2026-08-08 02:00:00+00:00,2.0900000890833326e-05,2.099999983329326e-05,2.0900000890833326e-05,2.099999983329326e-05,0,0.0,0.0
2026-08-08 03:00:00+00:00,2.099999983329326e-05,2.099999983329326e-05,2.0900000890833326e-05,2.099999983329326e-05,0,0.0,0.0
2026-08-08 04:00:00+00:00,2.099999983329326e-05,2.099999983329326e-05,2.099999983329326e-05,2.099999983329326e-05,0,0.0,0.0
2026-08-08 05:00:00+00:00,2.099999983329326e-05,2.099999983329326e-05,2.099999983329326e-05,2.099999983329326e-05,0,0.0,0.0
2026-08-08 06:00:00+00:00,2.099999983329326e-05,2.119999953720253e-05,2.099999983329326e-05,2.1100000594742596e-05,42938,0.0,0.0
2026-08-08 07:00:00+00:00,2.1100000594742596e-05,2.119999953720253e-05,2.1100000594742596e-05,2.1100000594742596e-05,0,0.0,0.0
2026-08-08 08:00:00+00:00,2.1100000594742596e-05,2.119999953720253e-05,2.1100000594742596e-05,2.1100000594742596e-05,0,0.0,0.0
2026-08-08 09:00:00+00:00,2.1100000594742596e-05,2.1100000594742596e-05,2.1100000594742596e-05,2.1100000594742596e-05,0,0.0,0.0
2026-08-08 10:00:00+00:00,2.1100000594742596e-05,2.1100000594742596e-05,2.099999983329326e-05,2.1100000594742596e-05,0,0.0,0.0
2026-08-08 11:00:00+00:00,2.1100000594742596e-05,2.1100000594742596e-05,2.1100000594742596e-05,2.1100000594742596e-05,0,0.0,0.0
2026-08-08 12:00:00+00:00,2.1100000594742596e-05,2.1100000594742596e-05,2.1100000594742596e-05,2.1100000594742596e-05,0,0.0,0.0
2026-08-08 13:00:00+00:00,2.1100000594742596e-05,2.1100000594742596e-05,2.1100000594742596e-05,2.1100000594742596e-05,0,0.0,0.0
2026-08-08 14:00:00+00:00,2.1100000594742596e-05,2.1500000002561137e-05,2.1100000594742596e-05,2.119999953720253e-05,382423,0.0,0.0
2026-08-08 15:00:00+00:00,2.119999953720253e-05,2.1300000298651867e-05,2.119999953720253e-05,2.1300000298651867e-05,300007,0.0,0.0
2026-08-08 16:00:00+00:00,2.1300000298651867e-05,2.1300000298651867e-05,2.119999953720253e-05,2.119999953720253e-05,268538,0.0,0.0
2026-08-08 17:00:00+00:00,2.119999953720253e-05,2.1300000298651867e-05,2.119999953720253e-05,2.1300000298651867e-05,0,0.0,0.0
2026-08-08 18:00:00+00:00,2.1300000298651867e-05,2.1300000298651867e-05,2.1300000298651867e-05,2.1300000298651867e-05,67213,0.0,0.0
2026-08-08 19:00:00+00:00,2.1300000298651867e-05,2.1300000298651867e-05,2.1100000594742596e-05,2.1100000594742596e-05,0,0.0,0.0
2026-08-08 20:00:00+00:00,2.1100000594742596e-05,2.119999953720253e-05,2.1100000594742596e-05,2.119999953720253e-05,0,0.0,0.0
2026-08-08 21:00:00+00:00,2.119999953720253e-05,2.119999953720253e-05,2.1100000594742596e-05,2.119999953720253e-05,0,0.0,0.0
2026-08-08 22:00:00+00:00,2.119999953720253e-05,2.119999953720253e-05,2.1100000594742596e-05,2.119999953720253e-05,28174,0.0,0.0
2026-08-08 23:00:00+00:00,2.119999953720253e-05,2.119999953720253e-05,2.1100000594742596e-05,2.1100000594742596e-05,83991,0.0,0.0
2026-08-09 00:00:00+00:00,2.1100000594742596e-05,2.119999953720253e-05,2.1100000594742596e-05,2.1100000594742596e-05,82863,0.0,0.0
2026-08-09 01:00:00+00:00,2.1100000594742596e-05,2.119999953720253e-05,2.1100000594742596e-05,2.1100000594742596e-05,340356,0.0,0.0
2026-08-09 02:00:00+00:00,2.1100000594742596e-05,2.1100000594742596e-05,2.1100000594742596e-05,2.1100000594742596e-05,0,0.0,0.0
2026-08-09 03:00:00+00:00,2.1100000594742596e-05,2.119999953720253e-05,2.1100000594742596e-05,2.1100000594742596e-05,150688,0.0,0.0
2026-08-09 04:00:00+00:00,2.1100000594742596e-05,2.1100000594742596e-05,2.1100000594742596e-05,2.1100000594742596e-05,348403,0.0,0.0
2026-08-09 05:00:00+00:00,2.1100000594742596e-05,2.1100000594742596e-05,2.099999983329326e-05,2.1100000594742596e-05,139880,0.0,0.0
2026-08-09 06:00:00+00:00,2.1100000594742596e-05,2.1100000594742596e-05,2.1100000594742596e-05,2.1100000594742596e-05,0,0.0,0.0
2026-08-09 07:00:00+00:00,2.1100000594742596e-05,2.1100000594742596e-05,2.1100000594742596e-05,2.1100000594742596e-05,130145,0.0,0.0
2026-08-09 08:00:00+00:00,2.1100000594742596e-05,2.1100000594742596e-05,2.099999983329326e-05,2.099999983329326e-05,0,0.0,0.0
2026-08-09 09:00:00+00:00,2.099999983329326e-05,2.1100000594742596e-05,2.099999983329326e-05,2.1100000594742596e-05,0,0.0,0.0
2026-08-09 10:00:00+00:00,2.1100000594742596e-05,2.1100000594742596e-05,2.1100000594742596e-05,2.1100000594742596e-05,212997,0.0,0.0
2026-08-09 11:00:00+00:00,2.1100000594742596e-05,2.119999953720253e-05,2.1100000594742596e-05,2.119999953720253e-05,485693,0.0,0.0
2026-08-09 12:00:00+00:00,2.119999953720253e-05,2.119999953720253e-05,2.119999953720253e-05,2.119999953720253e-05,458405,0.0,0.0
2026-08-09 13:00:00+00:00,2.119999953720253e-05,2.1300000298651867e-05,2.119999953720253e-05,2.1300000298651867e-05,0,0.0,0.0
2026-08-09 14:00:00+00:00,2.1300000298651867e-05,2.1300000298651867e-05,2.1300000298651867e-05,2.1300000298651867e-05,0,0.0,0.0
2026-08-09 15:00:00+00:00,2.1300000298651867e-05,2.1500000002561137e-05,2.119999953720253e-05,2.1500000002561137e-05,391228,0.0,0.0
2026-08-09 16:00:00+00:00,2.1500000002561137e-05,2.1699999706470408e-05,2.1500000002561137e-05,2.1600000764010474e-05,1930742,0.0,0.0
2026-08-09 17:00:00+00:00,2.1600000764010474e-05,2.1699999706470408e-05,2.1500000002561137e-05,2.1500000002561137e-05,315402,0.0,0.0
2026-08-09 18:00:00+00:00,2.1600000764010474e-05,2.1600000764010474e-05,2.1500000002561137e-05,2.1500000002561137e-05,248352,0.0,0.0
2026-08-09 19:00:00+00:00,2.1500000002561137e-05,2.1699999706470408e-05,2.1500000002561137e-05,2.1699999706470408e-05,771102,0.0,0.0
2026-08-09 20:00:00+00:00,2.1699999706470408e-05,2.1899999410379678e-05,2.1500000002561137e-05,2.1500000002561137e-05,779374,0.0,0.0
2026-08-09 21:00:00+00:00,2.1500000002561137e-05,2.1699999706470408e-05,2.1500000002561137e-05,2.1699999706470408e-05,237335,0.0,0.0
2026-08-09 22:00:00+00:00,2.1800000467919745e-05,2.1800000467919745e-05,2.1500000002561137e-05,2.1500000002561137e-05,582137,0.0,0.0
2026-08-09 23:00:00+00:00,2.1500000002561137e-05,2.1500000002561137e-05,2.1300000298651867e-05,2.1300000298651867e-05,256504,0.0,0.0
2026-08-10 00:00:00+00:00,2.1300000298651867e-05,2.1600000764010474e-05,2.119999953720253e-05,2.1600000764010474e-05,996655,0.0,0.0
2026-08-10 01:00:00+00:00,2.1600000764010474e-05,2.1600000764010474e-05,2.1500000002561137e-05,2.1500000002561137e-05,81342,0.0,0.0
2026-08-10 02:00:00+00:00,2.1500000002561137e-05,2.1500000002561137e-05,2.1500000002561137e-05,2.1500000002561137e-05,336053,0.0,0.0
2026-08-10 03:00:00+00:00,2.1500000002561137e-05,2.1500000002561137e-05,2.13999992411118e-05,2.13999992411118e-05,50436,0.0,0.0
2026-08-10 04:00:00+00:00,2.13999992411118e-05,2.13999992411118e-05,2.13999992411118e-05,2.13999992411118e-05,71858,0.0,0.0
2026-08-10 05:00:00+00:00,2.13999992411118e-05,2.13999992411118e-05,2.13999992411118e-05,2.13999992411118e-05,214976,0.0,0.0
2026-08-10 06:00:00+00:00,2.13999992411118e-05,2.13999992411118e-05,2.13999992411118e-05,2.13999992411118e-05,227862,0.0,0.0
2026-08-10 07:00:00+00:00,2.13999992411118e-05,2.13999992411118e-05,2.13999992411118e-05,2.13999992411118e-05,102016,0.0,0.0
2026-08-10 08:00:00+00:00,2.13999992411118e-05,2.13999992411118e-05,2.13999992411118e-05,2.13999992411118e-05,507958,0.0,0.0
2026-08-10 09:00:00+00:00,2.13999992411118e-05,2.1500000002561137e-05,2.13999992411118e-05,2.1500000002561137e-05,447346,0.0,0.0
2026-08-10 10:00:00+00:00,2.1500000002561137e-05,2.1500000002561137e-05,2.13999992411118e-05,2.1500000002561137e-05,0,0.0,0.0
2026-08-10 11:00:00+00:00,2.1500000002561137e-05,2.1500000002561137e-05,2.13999992411118e-05,2.13999992411118e-05,0,0.0,0.0
2026-08-10 12:00:00+00:00,2.13999992411118e-05,2.13999992411118e-05,2.1300000298651867e-05,2.1300000298651867e-05,0,0.0,0.0
2026-08-10 13:00:00+00:00,2.1300000298651867e-05,2.13999992411118e-05,2.1300000298651867e-05,2.1300000298651867e-05,339756,0.0,0.0
2026-08-10 14:00:00+00:00,2.1300000298651867e-05,2.13999992411118e-05,2.1300000298651867e-05,2.1300000298651867e-05,0,0.0,0.0
2026-08-10 15:00:00+00:00,2.1300000298651867e-05,2.1300000298651867e-05,2.1100000594742596e-05,2.119999953720253e-05,0,0.0,0.0
2026-08-10 16:00:00+00:00,2.119999953720253e-05,2.1300000298651867e-05,2.1100000594742596e-05,2.1100000594742596e-05,0,0.0,0.0
2026-08-10 17:00:00+00:00,2.1100000594742596e-05,2.1100000594742596e-05,2.0900000890833326e-05,2.0900000890833326e-05,1402184,0.0,0.0
2026-08-10 18:00:00+00:00,2.0900000890833326e-05,2.1100000594742596e-05,2.0900000890833326e-05,2.099999983329326e-05,0,0.0,0.0
2026-08-10 19:00:00+00:00,2.099999983329326e-05,2.1100000594742596e-05,2.0900000890833326e-05,2.099999983329326e-05,0,0.0,0.0
2026-08-10 20:00:00+00:00,2.099999983329326e-05,2.099999983329326e-05,2.099999983329326e-05,2.099999983329326e-05,0,0.0,0.0
2026-08-10 21:00:00+00:00,2.099999983329326e-05,2.099999983329326e-05,2.0900000890833326e-05,2.0900000890833326e-05,64519,0.0,0.0
2026-08-10 22:00:00+00:00,2.0900000890833326e-05,2.0900000890833326e-05,2.0900000890833326e-05,2.0900000890833326e-05,0,0.0,0.0
2026-08-10 23:00:00+00:00,2.0900000890833326e-05,2.0900000890833326e-05,2.0900000890833326e-05,2.0900000890833326e-05,0,0.0,0.0
2026-08-11 00:00:00+00:00,2.0900000890833326e-05,2.0900000890833326e-05,2.0900000890833326e-05,2.0900000890833326e-05,0,0.0,0.0
2026-08-11 01:00:00+00:00,2.0900000890833326e-05,2.0900000890833326e-05,2.0900000890833326e-05,2.0900000890833326e-05,0,0.0,0.0
2026-08-11 02:00:00+00:00,2.0900000890833326e-05,2.0900000890833326e-05,2.080000012938399e-05,2.080000012938399e-05,0,0.0,0.0
2026-08-11 03:00:00+00:00,2.080000012938399e-05,2.0900000890833326e-05,2.080000012938399e-05,2.080000012938399e-05,75640,0.0,0.0
2026-08-11 04:00:00+00:00,2.080000012938399e-05,2.0900000890833326e-05,2.080000012938399e-05,2.0900000890833326e-05,0,0.0,0.0
2026-08-11 05:00:00+00:00,2.0900000890833326e-05,2.0900000890833326e-05,2.080000012938399e-05,2.080000012938399e-05,0,0.0,0.0
2026-08-11 06:00:00+00:00,2.080000012938399e-05,2.0900000890833326e-05,2.080000012938399e-05,2.0900000890833326e-05,0,0.0,0.0
2026-08-11 07:00:00+00:00,2.0900000890833326e-05,2.0900000890833326e-05,2.069999936793465e-05,2.080000012938399e-05,67822,0.0,0.0
2026-08-11 08:00:00+00:00,2.080000012938399e-05,2.080000012938399e-05,2.080000012938399e-05,2.080000012938399e-05,0,0.0,0.0
2026-08-11 09:00:00+00:00,2.080000012938399e-05,2.0900000890833326e-05,2.080000012938399e-05,2.0900000890833326e-05,0,0.0,0.0
2026-08-11 10:00:00+00:00,2.0900000890833326e-05,2.0900000890833326e-05,2.080000012938399e-05,2.080000012938399e-05,0,0.0,0.0
2026-08-11 11:00:00+00:00,2.080000012938399e-05,2.080000012938399e-05,2.080000012938399e-05,2.080000012938399e-05,63489,0.0,0.0
2026-08-11 12:00:00+00:00,2.080000012938399e-05,2.099999983329326e-05,2.080000012938399e-05,2.080000012938399e-05,0,0.0,0.0
2026-08-11 13:00:00+00:00,2.080000012938399e-05,2.0900000890833326e-05,2.080000012938399e-05,2.0900000890833326e-05,0,0.0,0.0
2026-08-11 14:00:00+00:00,2.0900000890833326e-05,2.0900000890833326e-05,2.0600000425474718e-05,2.0600000425474718e-05,284437,0.0,0.0
2026-08-11 15:00:00+00:00,2.0600000425474718e-05,2.0600000425474718e-05,2.0400000721565448e-05,2.049999966402538e-05,727738,0.0,0.0
2026-08-11 16:00:00+00:00,2.049999966402538e-05,2.049999966402538e-05,2.0400000721565448e-05,2.0400000721565448e-05,0,0.0,0.0
2026-08-11 17:00:00+00:00,2.0400000721565448e-05,2.0400000721565448e-05,2.0400000721565448e-05,2.0400000721565448e-05,0,0.0,0.0
2026-08-11 18:00:00+00:00,2.0400000721565448e-05,2.0400000721565448e-05,2.029999996011611e-05,2.029999996011611e-05,300246,0.0,0.0
2026-08-11 19:00:00+00:00,2.0400000721565448e-05,2.0400000721565448e-05,2.0199999198666774e-05,2.0400000721565448e-05,7846,0.0,0.0
2026-08-11 20:00:00+00:00,2.0400000721565448e-05,2.049999966402538e-05,2.0400000721565448e-05,2.049999966402538e-05,40934,0.0,0.0
2026-08-11 21:00:00+00:00,2.049999966402538e-05,2.0600000425474718e-05,2.049999966402538e-05,2.0600000425474718e-05,0,0.0,0.0
2026-08-11 22:00:00+00:00,2.0600000425474718e-05,2.0600000425474718e-05,2.0600000425474718e-05,2.0600000425474718e-05,0,0.0,0.0
2026-08-11 23:00:00+00:00,2.0600000425474718e-05,2.069999936793465e-05,2.0600000425474718e-05,2.0600000425474718e-05,170877,0.0,0.0
2026-08-12 00:00:00+00:00,2.0600000425474718e-05,2.0600000425474718e-05,2.0600000425474718e-05,2.0600000425474718e-05,45279,0.0,0.0
2026-08-12 01:00:00+00:00,2.0600000425474718e-05,2.080000012938399e-05,2.0600000425474718e-05,2.0600000425474718e-05,1221395,0.0,0.0
2026-08-12 02:00:00+00:00,2.0600000425474718e-05,2.0600000425474718e-05,2.049999966402538e-05,2.049999966402538e-05,39089,0.0,0.0
2026-08-12 03:00:00+00:00,2.049999966402538e-05,2.049999966402538e-05,2.049999966402538e-05,2.049999966402538e-05,0,0.0,0.0
2026-08-12 04:00:00+00:00,2.049999966402538e-05,2.049999966402538e-05,2.0400000721565448e-05,2.0400000721565448e-05,0,0.0,0.0
2026-08-12 05:00:00+00:00,2.0400000721565448e-05,2.0400000721565448e-05,2.0400000721565448e-05,2.0400000721565448e-05,62733,0.0,0.0
2026-08-12 06:00:00+00:00,2.0400000721565448e-05,2.0400000721565448e-05,2.0400000721565448e-05,2.0400000721565448e-05,0,0.0,0.0
2026-08-12 07:00:00+00:00,2.0400000721565448e-05,2.0400000721565448e-05,2.0400000721565448e-05,2.0400000721565448e-05,0,0.0,0.0
2026-08-12 08:00:00+00:00,2.0400000721565448e-05,2.0400000721565448e-05,2.029999996011611e-05,2.029999996011611e-05,0,0.0,0.0
2026-08-12 09:00:00+00:00,2.029999996011611e-05,2.049999966402538e-05,2.029999996011611e-05,2.049999966402538e-05,0,0.0,0.0
2026-08-12 10:00:00+00:00,2.049999966402538e-05,2.049999966402538e-05,2.049999966402538e-05,2.049999966402538e-05,73852,0.0,0.0
2026-08-12 11:00:00+00:00,2.049999966402538e-05,2.049999966402538e-05,2.049999966402538e-05,2.049999966402538e-05,0,0.0,0.0
2026-08-12 12:00:00+00:00,2.049999966402538e-05,2.0600000425474718e-05,2.049999966402538e-05,2.049999966402538e-05,154593,0.0,0.0
2026-08-12 13:00:00+00:00,2.049999966402538e-05,2.0600000425474718e-05,2.0400000721565448e-05,2.0400000721565448e-05,0,0.0,0.0
2026-08-12 14:00:00+00:00,2.0400000721565448e-05,2.0400000721565448e-05,2.0199999198666774e-05,2.029999996011611e-05,0,0.0,0.0
2026-08-12 15:00:00+00:00,2.029999996011611e-05,2.029999996011611e-05,2.029999996011611e-05,2.029999996011611e-05,0,0.0,0.0
2026-08-12 16:00:00+00:00,2.029999996011611e-05,2.049999966402538e-05,2.029999996011611e-05,2.0400000721565448e-05,190183,0.0,0.0
2026-08-12 17:00:00+00:00,2.0400000721565448e-05,2.0400000721565448e-05,2.0400000721565448e-05,2.0400000721565448e-05,0,0.0,0.0
2026-08-12 18:00:00+00:00,2.0400000721565448e-05,2.0400000721565448e-05,2.029999996011611e-05,2.029999996011611e-05,0,0.0,0.0
2026-08-12 19:00:00+00:00,2.029999996011611e-05,2.0400000721565448e-05,2.0199999198666774e-05,2.029999996011611e-05,113209,0.0,0.0
2026-08-12 20:00:00+00:00,2.029999996011611e-05,2.0600000425474718e-05,2.029999996011611e-05,2.049999966402538e-05,0,0.0,0.0
2026-08-12 21:00:00+00:00,2.049999966402538e-05,2.049999966402538e-05,2.0199999198666774e-05,2.0199999198666774e-05,134521,0.0,0.0
2026-08-12 22:00:00+00:00,2.0199999198666774e-05,2.0199999198666774e-05,2.0199999198666774e-05,2.0199999198666774e-05,380548,0.0,0.0
2026-08-12 23:00:00+00:00,2.0199999198666774e-05,2.0199999198666774e-05,2.0199999198666774e-05,2.0199999198666774e-05,1191,0.0,0.0
2026-08-13 00:00:00+00:00,2.0199999198666774e-05,2.0400000721565448e-05,2.0199999198666774e-05,2.029999996011611e-05,0,0.0,0.0
2026-08-13 01:00:00+00:00,2.029999996011611e-05,2.029999996011611e-05,2.029999996011611e-05,2.029999996011611e-05,0,0.0,0.0
2026-08-13 02:00:00+00:00,2.029999996011611e-05,2.029999996011611e-05,2.029999996011611e-05,2.029999996011611e-05,4435,0.0,0.0
2026-08-13 03:00:00+00:00,2.029999996011611e-05,2.049999966402538e-05,2.029999996011611e-05,2.049999966402538e-05,2114,0.0,0.0
2026-08-13 04:00:00+00:00,2.049999966402538e-05,2.049999966402538e-05,2.029999996011611e-05,2.0400000721565448e-05,97058,0.0,0.0
2026-08-13 05:00:00+00:00,2.0400000721565448e-05,2.049999966402538e-05,2.0400000721565448e-05,2.049999966402538e-05,0,0.0,0.0
2026-08-13 06:00:00+00:00,2.049999966402538e-05,2.049999966402538e-05,2.0400000721565448e-05,2.049999966402538e-05,50081,0.0,0.0
2026-08-13 07:00:00+00:00,2.049999966402538e-05,2.049999966402538e-05,2.049999966402538e-05,2.049999966402538e-05,329621,0.0,0.0
2026-08-13 08:00:00+00:00,2.049999966402538e-05,2.049999966402538e-05,2.0400000721565448e-05,2.0400000721565448e-05,0,0.0,0.0
2026-08-13 09:00:00+00:00,2.0400000721565448e-05,2.0400000721565448e-05,2.029999996011611e-05,2.0400000721565448e-05,89016,0.0,0.0
2026-08-13 10:00:00+00:00,2.0400000721565448e-05,2.0400000721565448e-05,2.029999996011611e-05,2.029999996011611e-05,0,0.0,0.0
2026-08-13 11:00:00+00:00,2.0400000721565448e-05,2.0400000721565448e-05,2.029999996011611e-05,2.0400000721565448e-05,0,0.0,0.0
2026-08-13 12:00:00+00:00,2.0400000721565448e-05,2.0400000721565448e-05,2.029999996011611e-05,2.029999996011611e-05,0,0.0,0.0
2026-08-13 13:00:00+00:00,2.029999996011611e-05,2.0400000721565448e-05,2.029999996011611e-05,2.029999996011611e-05,0,0.0,0.0
2026-08-13 14:00:00+00:00,2.029999996011611e-05,2.0400000721565448e-05,2.029999996011611e-05,2.029999996011611e-05,0,0.0,0.0
2026-08-13 15:00:00+00:00,2.029999996011611e-05,2.049999966402538e-05,2.0199999198666774e-05,2.0400000721565448e-05,0,0.0,0.0
2026-08-13 16:00:00+00:00,2.0199999198666774e-05,2.0199999198666774e-05,2.010000025620684e-05,2.010000025620684e-05,61976,0.0,0.0
2026-08-13 17:00:00+00:00,2.010000025620684e-05,2.049999966402538e-05,2.010000025620684e-05,2.029999996011611e-05,741634,0.0,0.0
2026-08-13 18:00:00+00:00,2.029999996011611e-05,2.029999996011611e-05,2.0199999198666774e-05,2.029999996011611e-05,0,0.0,0.0
2026-08-13 19:00:00+00:00,2.029999996011611e-05,2.0400000721565448e-05,2.029999996011611e-05,2.029999996011611e-05,44899,0.0,0.0
2026-08-13 20:00:00+00:00,2.029999996011611e-05,2.0400000721565448e-05,2.029999996011611e-05,2.0400000721565448e-05,0,0.0,0.0
2026-08-13 21:00:00+00:00,2.0400000721565448e-05,2.049999966402538e-05,2.029999996011611e-05,2.049999966402538e-05,0,0.0,0.0
2026-08-13 22:00:00+00:00,2.049999966402538e-05,2.049999966402538e-05,2.029999996011611e-05,2.029999996011611e-05,0,0.0,0.0
2026-08-13 23:00:00+00:00,2.029999996011611e-05,2.029999996011611e-05,2.029999996011611e-05,2.029999996011611e-05,2100,0.0,0.0
2026-08-14 00:00:00+00:00,2.029999996011611e-05,2.0400000721565448e-05,2.029999996011611e-05,2.0400000721565448e-05,8414,0.0,0.0
2026-08-14 01:00:00+00:00,2.0400000721565448e-05,2.049999966402538e-05,2.0400000721565448e-05,2.049999966402538e-05,80100,0.0,0.0
2026-08-14 02:00:00+00:00,2.049999966402538e-05,2.049999966402538e-05,2.0400000721565448e-05,2.049999966402538e-05,0,0.0,0.0
2026-08-14 03:00:00+00:00,2.049999966402538e-05,2.049999966402538e-05,2.0400000721565448e-05,2.0400000721565448e-05,59613,0.0,0.0
2026-08-14 04:00:00+00:00,2.0400000721565448e-05,2.049999966402538e-05,2.0400000721565448e-05,2.049999966402538e-05,158714,0.0,0.0
2026-08-14 05:00:00+00:00,2.049999966402538e-05,2.049999966402538e-05,2.0400000721565448e-05,2.0400000721565448e-05,2915,0.0,0.0
2026-08-14 06:00:00+00:00,2.0400000721565448e-05,2.0400000721565448e-05,2.029999996011611e-05,2.0400000721565448e-05,0,0.0,0.0
2026-08-14 07:00:00+00:00,2.0400000721565448e-05,2.0400000721565448e-05,2.0199999198666774e-05,2.0199999198666774e-05,0,0.0,0.0
2026-08-14 08:00:00+00:00,2.0199999198666774e-05,2.029999996011611e-05,2.010000025620684e-05,2.029999996011611e-05,0,0.0,0.0
2026-08-14 09:00:00+00:00,2.029999996011611e-05,2.029999996011611e-05,2.0199999198666774e-05,2.0199999198666774e-05,181549,0.0,0.0
2026-08-14 10:00:00+00:00,2.0199999198666774e-05,2.0199999198666774e-05,2.0199999198666774e-05,2.0199999198666774e-05,41637,0.0,0.0
2026-08-14 11:00:00+00:00,2.0199999198666774e-05,2.0199999198666774e-05,2.0199999198666774e-05,2.0199999198666774e-05,48990,0.0,0.0
2026-08-14 12:00:00+00:00,2.0199999198666774e-05,2.0199999198666774e-05,2.0199999198666774e-05,2.0199999198666774e-05,0,0.0,0.0
2026-08-14 13:00:00+00:00,2.0199999198666774e-05,2.0199999198666774e-05,2.010000025620684e-05,2.0199999198666774e-05,512345,0.0,0.0
2026-08-14 14:00:00+00:00,2.0199999198666774e-05,2.029999996011611e-05,2.0199999198666774e-05,2.029999996011611e-05,0,0.0,0.0
2026-08-14 15:00:00+00:00,2.029999996011611e-05,2.029999996011611e-05,2.0199999198666774e-05,2.0199999198666774e-05,264357,0.0,0.0
2026-08-14 16:00:00+00:00,2.0199999198666774e-05,2.0400000721565448e-05,2.0199999198666774e-05,2.0400000721565448e-05,0,0.0,0.0
2026-08-14 17:00:00+00:00,2.0400000721565448e-05,2.0400000721565448e-05,2.0400000721565448e-05,2.0400000721565448e-05,0,0.0,0.0
2026-08-14 18:00:00+00:00,2.0400000721565448e-05,2.0400000721565448e-05,2.029999996011611e-05,2.0400000721565448e-05,0,0.0,0.0
2026-08-14 19:00:00+00:00,2.0400000721565448e-05,2.0400000721565448e-05,2.0400000721565448e-05,2.0400000721565448e-05,0,0.0,0.0
2026-08-14 20:00:00+00:00,2.0400000721565448e-05,2.0400000721565448e-05,2.0199999198666774e-05,2.0199999198666774e-05,15809,0.0,0.0
2026-08-14 21:00:00+00:00,2.0199999198666774e-05,2.029999996011611e-05,2.0199999198666774e-05,2.0199999198666774e-05,56101,0.0,0.0
2026-08-14 22:00:00+00:00,2.0199999198666774e-05,2.029999996011611e-05,2.0199999198666774e-05,2.029999996011611e-05,0,0.0,0.0
2026-08-14 23:00:00+00:00,2.029999996011611e-05,2.029999996011611e-05,2.029999996011611e-05,2.029999996011611e-05,277677,0.0,0.0
2026-08-15 00:00:00+00:00,2.029999996011611e-05,2.0400000721565448e-05,2.0199999198666774e-05,2.0400000721565448e-05,0,0.0,0.0
2026-08-15 01:00:00+00:00,2.0400000721565448e-05,2.0400000721565448e-05,2.029999996011611e-05,2.029999996011611e-05,0,0.0,0.0
2026-08-15 02:00:00+00:00,2.029999996011611e-05,2.029999996011611e-05,2.029999996011611e-05,2.029999996011611e-05,19077,0.0,0.0
2026-08-15 03:00:00+00:00,2.029999996011611e-05,2.029999996011611e-05,2.029999996011611e-05,2.029999996011611e-05,0,0.0,0.0
2026-08-15 04:00:00+00:00,2.029999996011611e-05,2.0400000721565448e-05,2.029999996011611e-05,2.0400000721565448e-05,0,0.0,0.0
2026-08-15 05:00:00+00:00,2.0400000721565448e-05,2.0400000721565448e-05,2.0400000721565448e-05,2.0400000721565448e-05,768,0.0,0.0
2026-08-15 06:00:00+00:00,2.0400000721565448e-05,2.0400000721565448e-05,2.029999996011611e-05,2.029999996011611e-05,0,0.0,0.0
2026-08-15 07:00:00+00:00,2.029999996011611e-05,2.0400000721565448e-05,2.029999996011611e-05,2.029999996011611e-05,113557,0.0,0.0
2026-08-15 08:00:00+00:00,2.029999996011611e-05,2.0400000721565448e-05,2.029999996011611e-05,2.0400000721565448e-05,0,0.0,0.0
2026-08-15 09:00:00+00:00,2.0400000721565448e-05,2.0400000721565448e-05,2.029999996011611e-05,2.029999996011611e-05,0,0.0,0.0
2026-08-15 10:00:00+00:00,2.029999996011611e-05,2.029999996011611e-05,2.029999996011611e-05,2.029999996011611e-05,0,0.0,0.0
2026-08-15 11:00:00+00:00,2.029999996011611e-05,2.0400000721565448e-05,2.029999996011611e-05,2.029999996011611e-05,0,0.0,0.0
2026-08-15 12:00:00+00:00,2.029999996011611e-05,2.029999996011611e-05,2.029999996011611e-05,2.029999996011611e-05,0,0.0,0.0
2026-08-15 13:00:00+00:00,2.029999996011611e-05,2.069999936793465e-05,2.029999996011611e-05,2.0600000425474718e-05,2557400,0.0,0.0
2026-08-15 14:00:00+00:00,2.0600000425474718e-05,2.0600000425474718e-05,2.049999966402538e-05,2.0600000425474718e-05,145949,0.0,0.0
2026-08-15 15:00:00+00:00,2.0600000425474718e-05,2.0600000425474718e-05,2.0400000721565448e-05,2.049999966402538e-05,0,0.0,0.0
2026-08-15 16:00:00+00:00,2.049999966402538e-05,2.049999966402538e-05,2.0400000721565448e-05,2.0400000721565448e-05,0,0.0,0.0
2026-08-15 17:00:00+00:00,2.0400000721565448e-05,2.049999966402538e-05,2.0400000721565448e-05,2.049999966402538e-05,185527,0.0,0.0
2026-08-15 18:00:00+00:00,2.049999966402538e-05,2.049999966402538e-05,2.0400000721565448e-05,2.0400000721565448e-05,12614,0.0,0.0
2026-08-15 19:00:00+00:00,2.0400000721565448e-05,2.049999966402538e-05,2.0400000721565448e-05,2.049999966402538e-05,0,0.0,0.0
2026-08-15 20:00:00+00:00,2.049999966402538e-05,2.049999966402538e-05,2.0400000721565448e-05,2.0400000721565448e-05,0,0.0,0.0
2026-08-15 21:00:00+00:00,2.0400000721565448e-05,2.0400000721565448e-05,2.0400000721565448e-05,2.0400000721565448e-05,192106,0.0,0.0
2026-08-15 22:00:00+00:00,2.0400000721565448e-05,2.0400000721565448e-05,2.0400000721565448e-05,2.0400000721565448e-05,0,0.0,0.0
2026-08-15 23:00:00+00:00,2.0400000721565448e-05,2.0400000721565448e-05,2.029999996011611e-05,2.0400000721565448e-05,3664,0.0,0.0
2026-08-16 00:00:00+00:00,2.0400000721565448e-05,2.0400000721565448e-05,2.0400000721565448e-05,2.0400000721565448e-05,0,0.0,0.0
2026-08-16 01:00:00+00:00,2.0400000721565448e-05,2.0400000721565448e-05,2.029999996011611e-05,2.0400000721565448e-05,0,0.0,0.0
2026-08-16 02:00:00+00:00,2.0400000721565448e-05,2.0400000721565448e-05,2.0199999198666774e-05,2.029999996011611e-05,72411,0.0,0.0
2026-08-16 03:00:00+00:00,2.029999996011611e-05,2.029999996011611e-05,2.029999996011611e-05,2.029999996011611e-05,0,0.0,0.0
2026-08-16 04:00:00+00:00,2.029999996011611e-05,2.029999996011611e-05,2.029999996011611e-05,2.029999996011611e-05,0,0.0,0.0
2026-08-16 05:00:00+00:00,2.029999996011611e-05,2.0400000721565448e-05,2.029999996011611e-05,2.0400000721565448e-05,0,0.0,0.0
2026-08-16 06:00:00+00:00,2.0400000721565448e-05,2.0400000721565448e-05,2.029999996011611e-05,2.029999996011611e-05,123914,0.0,0.0
2026-08-16 07:00:00+00:00,2.029999996011611e-05,2.029999996011611e-05,2.0199999198666774e-05,2.0199999198666774e-05,0,0.0,0.0
2026-08-16 08:00:00+00:00,2.0199999198666774e-05,2.0199999198666774e-05,2.0199999198666774e-05,2.0199999198666774e-05,0,0.0,0.0
2026-08-16 09:00:00+00:00,2.0199999198666774e-05,2.029999996011611e-05,2.0199999198666774e-05,2.029999996011611e-05,0,0.0,0.0
2026-08-16 10:00:00+00:00,2.029999996011611e-05,2.029999996011611e-05,2.029999996011611e-05,2.029999996011611e-05,5782,0.0,0.0
2026-08-16 11:00:00+00:00,2.029999996011611e-05,2.029999996011611e-05,2.029999996011611e-05,2.029999996011611e-05,0,0.0,0.0
2026-08-16 12:00:00+00:00,2.029999996011611e-05,2.029999996011611e-05,2.0199999198666774e-05,2.0199999198666774e-05,2616,0.0,0.0
2026-08-16 13:00:00+00:00,2.0199999198666774e-05,2.0400000721565448e-05,2.0199999198666774e-05,2.0199999198666774e-05,0,0.0,0.0
2026-08-16 14:00:00+00:00,2.0199999198666774e-05,2.0199999198666774e-05,2.0199999198666774e-05,2.0199999198666774e-05,0,0.0,0.0
2026-08-16 15:00:00+00:00,2.0199999198666774e-05,2.029999996011611e-05,2.0199999198666774e-05,2.029999996011611e-05,0,0.0,0.0
2026-08-16 16:00:00+00:00,2.029999996011611e-05,2.029999996011611e-05,2.029999996011611e-05,2.029999996011611e-05,66883,0.0,0.0
2026-08-16 17:00:00+00:00,2.029999996011611e-05,2.0400000721565448e-05,2.029999996011611e-05,2.0400000721565448e-05,0,0.0,0.0
2026-08-16 18:00:00+00:00,2.0400000721565448e-05,2.0400000721565448e-05,2.0400000721565448e-05,2.0400000721565448e-05,0,0.0,0.0
2026-08-16 19:00:00+00:00,2.0400000721565448e-05,2.0400000721565448e-05,2.0199999198666774e-05,2.0199999198666774e-05,0,0.0,0.0
2026-08-16 20:00:00+00:00,2.0199999198666774e-05,2.0199999198666774e-05,2.0199999198666774e-05,2.0199999198666774e-05,98439,0.0,0.0
2026-08-16 21:00:00+00:00,2.0199999198666774e-05,2.0199999198666774e-05,1.9999999494757503e-05,1.9999999494757503e-05,596263,0.0,0.0
2026-08-16 22:00:00+00:00,1.9999999494757503e-05,2.010000025620684e-05,1.9999999494757503e-05,2.010000025620684e-05,265840,0.0,0.0
2026-08-16 23:00:00+00:00,2.010000025620684e-05,2.010000025620684e-05,1.9999999494757503e-05,1.9999999494757503e-05,0,0.0,0.0
2026-08-17 00:00:00+00:00,1.9999999494757503e-05,1.9999999494757503e-05,1.9999999494757503e-05,1.9999999494757503e-05,77005,0.0,0.0
2026-08-17 01:00:00+00:00,1.9999999494757503e-05,2.029999996011611e-05,1.9999999494757503e-05,2.0199999198666774e-05,56494,0.0,0.0
2026-08-17 02:00:00+00:00,2.0199999198666774e-05,2.0199999198666774e-05,2.0199999198666774e-05,2.0199999198666774e-05,164060,0.0,0.0
2026-08-17 03:00:00+00:00,2.0199999198666774e-05,2.029999996011611e-05,2.0199999198666774e-05,2.029999996011611e-05,109155,0.0,0.0
2026-08-17 04:00:00+00:00,2.029999996011611e-05,2.029999996011611e-05,2.029999996011611e-05,2.029999996011611e-05,151969,0.0,0.0
2026-08-17 05:00:00+00:00,2.029999996011611e-05,2.0400000721565448e-05,2.029999996011611e-05,2.0400000721565448e-05,31952,0.0,0.0
2026-08-17 06:00:00+00:00,2.0400000721565448e-05,2.0400000721565448e-05,2.0199999198666774e-05,2.0400000721565448e-05,0,0.0,0.0
2026-08-17 07:00:00+00:00,2.0400000721565448e-05,2.0400000721565448e-05,2.0199999198666774e-05,2.0400000721565448e-05,173459,0.0,0.0
2026-08-17 08:00:00+00:00,2.0400000721565448e-05,2.0400000721565448e-05,2.0199999198666774e-05,2.0199999198666774e-05,375571,0.0,0.0
2026-08-17 09:00:00+00:00,2.0199999198666774e-05,2.0199999198666774e-05,2.0199999198666774e-05,2.0199999198666774e-05,197361,0.0,0.0
2026-08-17 10:00:00+00:00,2.0199999198666774e-05,2.0199999198666774e-05,2.010000025620684e-05,2.010000025620684e-05,216609,0.0,0.0
2026-08-17 11:00:00+00:00,2.010000025620684e-05,2.0199999198666774e-05,2.010000025620684e-05,2.0199999198666774e-05,174783,0.0,0.0
2026-08-17 12:00:00+00:00,2.0199999198666774e-05,2.0199999198666774e-05,2.0199999198666774e-05,2.0199999198666774e-05,114090,0.0,0.0
2026-08-17 13:00:00+00:00,2.0199999198666774e-05,2.0199999198666774e-05,2.010000025620684e-05,2.010000025620684e-05,156710,0.0,0.0
2026-08-17 14:00:00+00:00,2.010000025620684e-05,2.0199999198666774e-05,2.010000025620684e-05,2.010000025620684e-05,0,0.0,0.0
2026-08-17 15:00:00+00:00,2.010000025620684e-05,2.0400000721565448e-05,2.010000025620684e-05,2.0400000721565448e-05,430597,0.0,0.0
2026-08-17 16:00:00+00:00,2.0400000721565448e-05,2.0400000721565448e-05,2.029999996011611e-05,2.029999996011611e-05,0,0.0,0.0
2026-08-17 17:00:00+00:00,2.029999996011611e-05,2.0400000721565448e-05,2.0199999198666774e-05,2.029999996011611e-05,0,0.0,0.0
2026-08-17 18:00:00+00:00,2.029999996011611e-05,2.029999996011611e-05,2.029999996011611e-05,2.029999996011611e-05,0,0.0,0.0
2026-08-17 19:00:00+00:00,2.029999996011611e-05,2.029999996011611e-05,2.0199999198666774e-05,2.0199999198666774e-05,105668,0.0,0.0
2026-08-17 20:00:00+00:00,2.0199999198666774e-05,2.029999996011611e-05,2.0199999198666774e-05,2.029999996011611e-05,47098,0.0,0.0
2026-08-17 21:00:00+00:00,2.029999996011611e-05,2.029999996011611e-05,2.0199999198666774e-05,2.0199999198666774e-05,0,0.0,0.0
2026-08-17 22:00:00+00:00,2.0199999198666774e-05,2.029999996011611e-05,2.010000025620684e-05,2.0199999198666774e-05,0,0.0,0.0
2026-08-17 23:00:00+00:00,2.0199999198666774e-05,2.0199999198666774e-05,2.0199999198666774e-05,2.0199999198666774e-05,32804,0.0,0.0
2026-08-18 00:00:00+00:00,2.0199999198666774e-05,2.029999996011611e-05,2.0199999198666774e-05,2.0199999198666774e-05,0,0.0,0.0
2026-08-18 01:00:00+00:00,2.0199999198666774e-05,2.0199999198666774e-05,2.0199999198666774e-05,2.0199999198666774e-05,0,0.0,0.0
2026-08-18 02:00:00+00:00,2.0199999198666774e-05,2.0199999198666774e-05,1.990000055229757e-05,1.990000055229757e-05,611807,0.0,0.0
2026-08-18 03:00:00+00:00,1.9799999790848233e-05,1.9799999790848233e-05,1.97000008483883e-05,1.9799999790848233e-05,985850,0.0,0.0
2026-08-18 04:00:00+00:00,1.9799999790848233e-05,1.9799999790848233e-05,1.9799999790848233e-05,1.9799999790848233e-05,47024,0.0,0.0
2026-08-18 05:00:00+00:00,1.9799999790848233e-05,1.9999999494757503e-05,1.9799999790848233e-05,1.9999999494757503e-05,346383,0.0,0.0
2026-08-18 06:00:00+00:00,1.9999999494757503e-05,1.9999999494757503e-05,1.990000055229757e-05,1.9999999494757503e-05,37022,0.0,0.0
2026-08-18 07:00:00+00:00,1.9999999494757503e-05,1.9999999494757503e-05,1.990000055229757e-05,1.990000055229757e-05,0,0.0,0.0
2026-08-18 08:00:00+00:00,1.990000055229757e-05,1.9999999494757503e-05,1.990000055229757e-05,1.9999999494757503e-05,0,0.0,0.0
2026-08-18 09:00:00+00:00,1.9999999494757503e-05,1.9999999494757503e-05,1.990000055229757e-05,1.9999999494757503e-05,0,0.0,0.0
2026-08-18 10:00:00+00:00,1.9999999494757503e-05,1.9999999494757503e-05,1.9999999494757503e-05,1.9999999494757503e-05,0,0.0,0.0
2026-08-18 11:00:00+00:00,1.9999999494757503e-05,1.9999999494757503e-05,1.990000055229757e-05,1.990000055229757e-05,116410,0.0,0.0
2026-08-18 12:00:00+00:00,1.990000055229757e-05,1.990000055229757e-05,1.990000055229757e-05,1.990000055229757e-05,120269,0.0,0.0
2026-08-18 13:00:00+00:00,1.990000055229757e-05,1.9999999494757503e-05,1.990000055229757e-05,1.990000055229757e-05,0,0.0,0.0
2026-08-18 14:00:00+00:00,1.990000055229757e-05,2.010000025620684e-05,1.990000055229757e-05,2.010000025620684e-05,218260,0.0,0.0
2026-08-18 15:00:00+00:00,2.010000025620684e-05,2.010000025620684e-05,1.9999999494757503e-05,2.010000025620684e-05,0,0.0,0.0
2026-08-18 16:00:00+00:00,2.010000025620684e-05,2.010000025620684e-05,1.9999999494757503e-05,1.9999999494757503e-05,0,0.0,0.0
2026-08-18 17:00:00+00:00,1.9999999494757503e-05,1.9999999494757503e-05,1.990000055229757e-05,1.990000055229757e-05,25764,0.0,0.0
2026-08-18 18:00:00+00:00,1.990000055229757e-05,2.010000025620684e-05,1.990000055229757e-05,2.010000025620684e-05,412,0.0,0.0
2026-08-18 19:00:00+00:00,2.010000025620684e-05,2.010000025620684e-05,1.9999999494757503e-05,1.9999999494757503e-05,0,0.0,0.0
2026-08-18 20:00:00+00:00,1.9999999494757503e-05,1.9999999494757503e-05,1.9999999494757503e-05,1.9999999494757503e-05,0,0.0,0.0
2026-08-18 21:00:00+00:00,1.9999999494757503e-05,1.9999999494757503e-05,1.990000055229757e-05,1.990000055229757e-05,0,0.0,0.0
2026-08-18 22:00:00+00:00,1.990000055229757e-05,1.990000055229757e-05,1.990000055229757e-05,1.990000055229757e-05,0,0.0,0.0
2026-08-18 23:00:00+00:00,1.990000055229757e-05,1.9999999494757503e-05,1.990000055229757e-05,1.9999999494757503e-05,0,0.0,0.0
2026-08-19 00:00:00+00:00,1.9999999494757503e-05,2.010000025620684e-05,1.990000055229757e-05,1.9999999494757503e-05,0,0.0,0.0
2026-08-19 01:00:00+00:00,1.9999999494757503e-05,1.9999999494757503e-05,1.9999999494757503e-05,1.9999999494757503e-05,111925,0.0,0.0
2026-08-19 02:00:00+00:00,1.9999999494757503e-05,1.9999999494757503e-05,1.990000055229757e-05,1.990000055229757e-05,0,0.0,0.0
2026-08-19 03:00:00+00:00,1.990000055229757e-05,1.9999999494757503e-05,1.990000055229757e-05,1.9999999494757503e-05,0,0.0,0.0
2026-08-19 04:00:00+00:00,1.9999999494757503e-05,1.9999999494757503e-05,1.9999999494757503e-05,1.9999999494757503e-05,0,0.0,0.0
2026-08-19 05:00:00+00:00,1.9999999494757503e-05,1.9999999494757503e-05,1.990000055229757e-05,1.9999999494757503e-05,0,0.0,0.0
2026-08-19 06:00:00+00:00,1.9999999494757503e-05,1.9999999494757503e-05,1.990000055229757e-05,1.990000055229757e-05,0,0.0,0.0
2026-08-19 07:00:00+00:00,1.990000055229757e-05,1.990000055229757e-05,1.990000055229757e-05,1.990000055229757e-05,0,0.0,0.0
2026-08-19 08:00:00+00:00,1.990000055229757e-05,1.9999999494757503e-05,1.990000055229757e-05,1.9999999494757503e-05,0,0.0,0.0
2026-08-19 09:00:00+00:00,1.9999999494757503e-05,1.9999999494757503e-05,1.990000055229757e-05,1.9999999494757503e-05,296175,0.0,0.0
2026-08-19 10:00:00+00:00,1.9999999494757503e-05,1.9999999494757503e-05,1.990000055229757e-05,1.990000055229757e-05,0,0.0,0.0
2026-08-19 11:00:00+00:00,1.990000055229757e-05,1.9999999494757503e-05,1.990000055229757e-05,1.9999999494757503e-05,0,0.0,0.0
2026-08-19 12:00:00+00:00,1.9999999494757503e-05,2.010000025620684e-05,1.9999999494757503e-05,2.010000025620684e-05,0,0.0,0.0
2026-08-19 13:00:00+00:00,2.010000025620684e-05,2.029999996011611e-05,2.010000025620684e-05,2.010000025620684e-05,151875,0.0,0.0
2026-08-19 14:00:00+00:00,2.010000025620684e-05,2.080000012938399e-05,2.010000025620684e-05,2.080000012938399e-05,1420680,0.0,0.0
2026-08-19 15:00:00+00:00,2.080000012938399e-05,2.1300000298651867e-05,2.080000012938399e-05,2.0900000890833326e-05,4004718,0.0,0.0
2026-08-19 16:00:00+00:00,2.0900000890833326e-05,2.099999983329326e-05,2.0900000890833326e-05,2.0900000890833326e-05,692743,0.0,0.0
2026-08-19 17:00:00+00:00,2.0900000890833326e-05,2.099999983329326e-05,2.080000012938399e-05,2.0900000890833326e-05,890909,0.0,0.0
2026-08-19 18:00:00+00:00,2.0900000890833326e-05,2.0900000890833326e-05,2.080000012938399e-05,2.0900000890833326e-05,399021,0.0,0.0
2026-08-19 19:00:00+00:00,2.0900000890833326e-05,2.119999953720253e-05,2.0900000890833326e-05,2.119999953720253e-05,1323934,0.0,0.0
2026-08-19 20:00:00+00:00,2.1300000298651867e-05,2.2000000171829015e-05,2.1300000298651867e-05,2.2000000171829015e-05,1597297,0.0,0.0
2026-08-19 21:00:00+00:00,2.2000000171829015e-05,2.2199999875738285e-05,2.1800000467919745e-05,2.2199999875738285e-05,3217598,0.0,0.0
2026-08-19 22:00:00+00:00,2.2300000637187622e-05,2.2300000637187622e-05,2.1800000467919745e-05,2.1800000467919745e-05,1038984,0.0,0.0
2026-08-19 23:00:00+00:00,2.1800000467919745e-05,2.1800000467919745e-05,2.1699999706470408e-05,2.1800000467919745e-05,315180,0.0,0.0
2026-08-20 00:00:00+00:00,2.1800000467919745e-05,2.1899999410379678e-05,2.1699999706470408e-05,2.1699999706470408e-05,468370,0.0,0.0
2026-08-20 01:00:00+00:00,2.1699999706470408e-05,2.1899999410379678e-05,2.1699999706470408e-05,2.1800000467919745e-05,135754,0.0,0.0
2026-08-20 02:00:00+00:00,2.1800000467919745e-05,2.1899999410379678e-05,2.1699999706470408e-05,2.1800000467919745e-05,0,0.0,0.0
2026-08-20 03:00:00+00:00,2.1800000467919745e-05,2.1800000467919745e-05,2.13999992411118e-05,2.1600000764010474e-05,513884,0.0,0.0
2026-08-20 04:00:00+00:00,2.1600000764010474e-05,2.1899999410379678e-05,2.1600000764010474e-05,2.1899999410379678e-05,288584,0.0,0.0
2026-08-20 05:00:00+00:00,2.1899999410379678e-05,2.2000000171829015e-05,2.1699999706470408e-05,2.1800000467919745e-05,393864,0.0,0.0
2026-08-20 06:00:00+00:00,2.1800000467919745e-05,2.209999911428895e-05,2.1699999706470408e-05,2.2000000171829015e-05,469920,0.0,0.0
2026-08-20 07:00:00+00:00,2.2000000171829015e-05,2.2399999579647556e-05,2.1899999410379678e-05,2.2199999875738285e-05,1364268,0.0,0.0
2026-08-20 08:00:00+00:00,2.2199999875738285e-05,2.300000051036477e-05,2.209999911428895e-05,2.2899999748915434e-05,2761024,0.0,0.0
2026-08-20 09:00:00+00:00,2.2899999748915434e-05,2.3099999452824704e-05,2.2700000045006163e-05,2.2700000045006163e-05,2502668,0.0,0.0
2026-08-20 10:00:00+00:00,2.2700000045006163e-05,2.2899999748915434e-05,2.2599999283556826e-05,2.2599999283556826e-05,1364228,0.0,0.0
2026-08-20 11:00:00+00:00,2.2599999283556826e-05,2.300000051036477e-05,2.2599999283556826e-05,2.28000008064555e-05,1220358,0.0,0.0
2026-08-20 12:00:00+00:00,2.28000008064555e-05,2.28000008064555e-05,2.2500000341096893e-05,2.2599999283556826e-05,882356,0.0,0.0
2026-08-20 13:00:00+00:00,2.2599999283556826e-05,2.2599999283556826e-05,2.2300000637187622e-05,2.2399999579647556e-05,747608,0.0,0.0
2026-08-20 14:00:00+00:00,2.2399999579647556e-05,2.2700000045006163e-05,2.2399999579647556e-05,2.2599999283556826e-05,0,0.0,0.0
2026-08-20 15:00:00+00:00,2.2599999283556826e-05,2.3099999452824704e-05,2.2599999283556826e-05,2.3099999452824704e-05,0,0.0,0.0
2026-08-20 16:00:00+00:00,2.3099999452824704e-05,2.350000067963265e-05,2.300000051036477e-05,2.350000067963265e-05,1785806,0.0,0.0
2026-08-20 17:00:00+00:00,2.350000067963265e-05,2.3599999622092582e-05,2.3299999156733975e-05,2.3599999622092582e-05,974204,0.0,0.0
2026-08-20 18:00:00+00:00,2.3599999622092582e-05,2.3599999622092582e-05,2.2899999748915434e-05,2.2899999748915434e-05,94796,0.0,0.0
2026-08-20 19:00:00+00:00,2.2899999748915434e-05,2.3299999156733975e-05,2.2899999748915434e-05,2.320000021427404e-05,0,0.0,0.0
2026-08-20 20:00:00+00:00,2.320000021427404e-05,2.3399999918183312e-05,2.320000021427404e-05,2.320000021427404e-05,0,0.0,0.0
2026-08-20 21:00:00+00:00,2.320000021427404e-05,2.3399999918183312e-05,2.320000021427404e-05,2.3299999156733975e-05,0,0.0,0.0
2026-08-20 22:00:00+00:00,2.3299999156733975e-05,2.3299999156733975e-05,2.3099999452824704e-05,2.320000021427404e-05,0,0.0,0.0
2026-08-20 23:00:00+00:00,2.320000021427404e-05,2.3599999622092582e-05,2.320000021427404e-05,2.350000067963265e-05,111852,0.0,0.0
2026-08-21 00:00:00+00:00,2.350000067963265e-05,2.370000038354192e-05,2.3299999156733975e-05,2.350000067963265e-05,188952,0.0,0.0
2026-08-21 01:00:00+00:00,2.350000067963265e-05,2.3799999326001853e-05,2.3399999918183312e-05,2.3799999326001853e-05,799264,0.0,0.0
2026-08-21 02:00:00+00:00,2.3799999326001853e-05,2.4000000848900527e-05,2.370000038354192e-05,2.370000038354192e-05,1054624,0.0,0.0
2026-08-21 03:00:00+00:00,2.370000038354192e-05,2.3799999326001853e-05,2.3599999622092582e-05,2.3799999326001853e-05,131076,0.0,0.0
2026-08-21 04:00:00+00:00,2.3799999326001853e-05,2.409999979136046e-05,2.3799999326001853e-05,2.409999979136046e-05,422892,0.0,0.0
2026-08-21 05:00:00+00:00,2.409999979136046e-05,2.4499999199179e-05,2.390000008745119e-05,2.4499999199179e-05,0,0.0,0.0
2026-08-21 06:00:00+00:00,2.4499999199179e-05,2.479999966453761e-05,2.4499999199179e-05,2.479999966453761e-05,1877660,0.0,0.0
2026-08-21 07:00:00+00:00,2.479999966453761e-05,2.5299999833805487e-05,2.479999966453761e-05,2.499999936844688e-05,1528184,0.0,0.0
2026-08-21 08:00:00+00:00,2.499999936844688e-05,2.6100000468431972e-05,2.499999936844688e-05,2.5999999706982635e-05,310004,0.0,0.0
2026-08-21 09:00:00+00:00,2.5999999706982635e-05,2.5999999706982635e-05,2.499999936844688e-05,2.59000007645227e-05,1223260,0.0,0.0
2026-08-21 10:00:00+00:00,2.59000007645227e-05,2.6199999410891905e-05,2.59000007645227e-05,2.5999999706982635e-05,2314084,0.0,0.0
2026-08-21 11:00:00+00:00,2.5999999706982635e-05,2.6100000468431972e-05,2.5499999537714757e-05,2.5800000003073364e-05,1665776,0.0,0.0
2026-08-21 12:00:00+00:00,2.5800000003073364e-05,2.6199999410891905e-05,2.5699999241624027e-05,2.5999999706982635e-05,1246044,0.0,0.0
2026-08-21 13:00:00+00:00,2.5999999706982635e-05,2.6300000172341242e-05,2.5600000299164094e-05,2.6300000172341242e-05,2021728,0.0,0.0
2026-08-21 14:00:00+00:00,2.6300000172341242e-05,2.6399999114801176e-05,2.59000007645227e-05,2.6300000172341242e-05,684648,0.0,0.0
2026-08-21 15:00:00+00:00,2.6300000172341242e-05,2.6499999876250513e-05,2.59000007645227e-05,2.5999999706982635e-05,661952,0.0,0.0
2026-08-21 16:00:00+00:00,2.6100000468431972e-05,2.6199999410891905e-05,2.5699999241624027e-05,2.5999999706982635e-05,0,0.0,0.0
2026-08-21 17:00:00+00:00,2.5999999706982635e-05,2.6899999284069054e-05,2.59000007645227e-05,2.660000063769985e-05,3045928,0.0,0.0
2026-08-21 18:00:00+00:00,2.660000063769985e-05,2.7599999157246202e-05,2.6399999114801176e-05,2.6399999114801176e-05,4597560,0.0,0.0
2026-08-21 19:00:00+00:00,2.6399999114801176e-05,2.6499999876250513e-05,2.6199999410891905e-05,2.6399999114801176e-05,1855100,0.0,0.0
2026-08-21 20:00:00+00:00,2.6399999114801176e-05,2.6699999580159783e-05,2.6399999114801176e-05,2.6699999580159783e-05,691540,0.0,0.0
2026-08-21 21:00:00+00:00,2.6699999580159783e-05,2.8300000849412754e-05,2.6499999876250513e-05,2.8200000087963417e-05,6384588,0.0,0.0
2026-08-21 22:00:00+00:00,2.8200000087963417e-05,3.0499999411404133e-05,2.8200000087963417e-05,2.950000089185778e-05,10612692,0.0,0.0
2026-08-22 00:00:00+00:00,2.9200000426499173e-05,3.020000076503493e-05,2.8899999961140566e-05,2.9999999242136255e-05,4969488,0.0,0.0
2026-08-22 01:00:00+00:00,2.9999999242136255e-05,3.0100000003585592e-05,2.9299999368959107e-05,2.950000089185778e-05,2239824,0.0,0.0
2026-08-22 02:00:00+00:00,2.950000089185778e-05,3.020000076503493e-05,2.950000089185778e-05,2.9999999242136255e-05,1401408,0.0,0.0
