Datetime,Open,High,Low,Close,Volume,Dividends,Stock Splits
2026-06-26 00:00:00+00:00,0.12110000103712082,0.12160000205039978,0.12110000103712082,0.12110000103712082,0,0.0,0.0
2026-06-26 01:00:00+00:00,0.12110000103712082,0.121799997985363,0.12080000340938568,0.12150000035762787,0,0.0,0.0
2026-06-26 02:00:00+00:00,0.12150000035762787,0.12160000205039978,0.11829999834299088,0.11879999935626984,0,0.0,0.0
2026-06-26 03:00:00+00:00,0.11879999935626984,0.12110000103712082,0.11729999631643295,0.12110000103712082,554966,0.0,0.0
2026-06-26 04:00:00+00:00,0.12110000103712082,0.12110000103712082,0.11949999630451202,0.11949999630451202,384736,0.0,0.0
2026-06-26 05:00:00+00:00,0.11949999630451202,0.12060000002384186,0.1193000003695488,0.12039999663829803,0,0.0,0.0
2026-06-26 06:00:00+00:00,0.12039999663829803,0.12060000002384186,0.11969999969005585,0.11999999731779099,137946,0.0,0.0
2026-06-26 07:00:00+00:00,0.1200999990105629,0.12049999833106995,0.11980000138282776,0.11999999731779099,0,0.0,0.0
2026-06-26 08:00:00+00:00,0.11999999731779099,0.12039999663829803,0.11919999867677689,0.1200999990105629,27512,0.0,0.0
2026-06-26 09:00:00+00:00,0.1200999990105629,0.12039999663829803,0.11749999970197678,0.11760000139474869,91158,0.0,0.0
2026-06-26 10:00:00+00:00,0.11760000139474869,0.11789999902248383,0.11590000241994858,0.1160999983549118,130290,0.0,0.0
2026-06-26 11:00:00+00:00,0.1160999983549118,0.11670000106096268,0.11550000309944153,0.11580000072717667,56430,0.0,0.0
2026-06-26 12:00:00+00:00,0.11580000072717667,0.11710000038146973,0.11479999870061874,0.11479999870061874,0,0.0,0.0
2026-06-26 13:00:00+00:00,0.11490000039339066,0.11829999834299088,0.11339999735355377,0.11829999834299088,729238,0.0,0.0
2026-06-26 14:00:00+00:00,0.11840000003576279,0.1193000003695488,0.11729999631643295,0.11789999902248383,0,0.0,0.0
2026-06-26 15:00:00+00:00,0.11789999902248383,0.120899997651577,0.11779999732971191,0.12039999663829803,0,0.0,0.0
2026-06-26 16:00:00+00:00,0.12099999934434891,0.1225999966263771,0.12099999934434891,0.121799997985363,635464,0.0,0.0
2026-06-26 17:00:00+00:00,0.121799997985363,0.12790000438690186,0.121799997985363,0.12610000371932983,39338,0.0,0.0
2026-06-26 18:00:00+00:00,0.12610000371932983,0.13269999623298645,0.12479999661445618,0.13099999725818634,2282228,0.0,0.0
2026-06-26 19:00:00+00:00,0.13089999556541443,0.13590000569820404,0.13019999861717224,0.13330000638961792,2250990,0.0,0.0
2026-06-26 20:00:00+00:00,0.13249999284744263,0.13740000128746033,0.13249999284744263,0.1348000019788742,1648796,0.0,0.0
2026-06-26 21:00:00+00:00,0.13490000367164612,0.13750000298023224,0.1340000033378601,0.1356000006198883,733702,0.0,0.0
2026-06-26 22:00:00+00:00,0.1356000006198883,0.13670000433921814,0.13359999656677246,0.13500000536441803,488144,0.0,0.0
2026-06-26 23:00:00+00:00,0.13500000536441803,0.1356000006198883,0.1331000030040741,0.13330000638961792,359474,0.0,0.0
2026-06-27 00:00:00+00:00,0.13330000638961792,0.1347000002861023,0.13300000131130219,0.13349999487400055,236660,0.0,0.0
2026-06-27 01:00:00+00:00,0.13379999995231628,0.13580000400543213,0.133200004696846,0.13539999723434448,329460,0.0,0.0
2026-06-27 02:00:00+00:00,0.13539999723434448,0.13760000467300415,0.13379999995231628,0.13750000298023224,446224,0.0,0.0
2026-06-27 03:00:00+00:00,0.13740000128746033,0.13920000195503235,0.13349999487400055,0.13510000705718994,218696,0.0,0.0
2026-06-27 04:00:00+00:00,0.13490000367164612,0.14100000262260437,0.13490000367164612,0.14030000567436218,1417764,0.0,0.0
2026-06-27 05:00:00+00:00,0.1404999941587448,0.14149999618530273,0.13930000364780426,0.14059999585151672,1979910,0.0,0.0
2026-06-27 06:00:00+00:00,0.14059999585151672,0.1453000009059906,0.13930000364780426,0.1453000009059906,2123228,0.0,0.0
2026-06-27 07:00:00+00:00,0.14550000429153442,0.14550000429153442,0.1404999941587448,0.14239999651908875,2262968,0.0,0.0
2026-06-27 08:00:00+00:00,0.14249999821186066,0.14380000531673431,0.14059999585151672,0.14380000531673431,907544,0.0,0.0
2026-06-27 09:00:00+00:00,0.1436000019311905,0.14579999446868896,0.1420000046491623,0.1445000022649765,1737328,0.0,0.0
2026-06-27 10:00:00+00:00,0.1446000039577484,0.14790000021457672,0.14350000023841858,0.147599995136261,3813792,0.0,0.0
2026-06-27 11:00:00+00:00,0.147599995136261,0.15139999985694885,0.1453000009059906,0.14949999749660492,4483268,0.0,0.0
2026-06-27 12:00:00+00:00,0.14970000088214874,0.15369999408721924,0.14730000495910645,0.15369999408721924,4406852,0.0,0.0
2026-06-27 13:00:00+00:00,0.15379999577999115,0.15600000321865082,0.15029999613761902,0.1543000042438507,3821772,0.0,0.0
2026-06-27 14:00:00+00:00,0.15440000593662262,0.15809999406337738,0.15150000154972076,0.15240000188350677,5097840,0.0,0.0
2026-06-27 15:00:00+00:00,0.15240000188350677,0.15860000252723694,0.15049999952316284,0.15839999914169312,3367056,0.0,0.0
2026-06-27 16:00:00+00:00,0.15839999914169312,0.1597999930381775,0.15309999883174896,0.15379999577999115,2583632,0.0,0.0
2026-06-27 17:00:00+00:00,0.15360000729560852,0.15379999577999115,0.14749999344348907,0.14839999377727509,2543356,0.0,0.0
2026-06-27 18:00:00+00:00,0.148499995470047,0.14920000731945038,0.1453000009059906,0.14579999446868896,0,0.0,0.0
2026-06-27 19:00:00+00:00,0.14560000598430634,0.14560000598430634,0.14259999990463257,0.14309999346733093,0,0.0,0.0
2026-06-27 20:00:00+00:00,0.1429000049829483,0.14630000293254852,0.14259999990463257,0.14630000293254852,0,0.0,0.0
2026-06-27 21:00:00+00:00,0.14650000631809235,0.14800000190734863,0.14489999413490295,0.14509999752044678,0,0.0,0.0
2026-06-27 22:00:00+00:00,0.1451999992132187,0.14579999446868896,0.1420000046491623,0.14270000159740448,0,0.0,0.0
2026-06-27 23:00:00+00:00,0.14270000159740448,0.1436000019311905,0.1421000063419342,0.14249999821186066,0,0.0,0.0
2026-06-28 00:00:00+00:00,0.14249999821186066,0.14720000326633453,0.14239999651908875,0.14399999380111694,938108,0.0,0.0
2026-06-28 01:00:00+00:00,0.14390000700950623,0.1451999992132187,0.14270000159740448,0.1428000032901764,0,0.0,0.0
2026-06-28 02:00:00+00:00,0.1429000049829483,0.14569999277591705,0.14249999821186066,0.1453000009059906,0,0.0,0.0
2026-06-28 03:00:00+00:00,0.1453000009059906,0.14550000429153442,0.14259999990463257,0.14329999685287476,0,0.0,0.0
2026-06-28 04:00:00+00:00,0.14339999854564667,0.14429999887943268,0.14300000667572021,0.14399999380111694,0,0.0,0.0
2026-06-28 05:00:00+00:00,0.14390000700950623,0.14429999887943268,0.1428000032901764,0.1437000036239624,0,0.0,0.0
2026-06-28 06:00:00+00:00,0.1437000036239624,0.14409999549388885,0.14180000126361847,0.14180000126361847,0,0.0,0.0
2026-06-28 07:00:00+00:00,0.14169999957084656,0.14579999446868896,0.14169999957084656,0.14499999582767487,0,0.0,0.0
2026-06-28 08:00:00+00:00,0.14499999582767487,0.14640000462532043,0.14390000700950623,0.1454000025987625,0,0.0,0.0
2026-06-28 09:00:00+00:00,0.1454000025987625,0.14839999377727509,0.1453000009059906,0.14830000698566437,0,0.0,0.0
2026-06-28 10:00:00+00:00,0.14839999377727509,0.1492999941110611,0.1467999964952469,0.1468999981880188,0,0.0,0.0
2026-06-28 11:00:00+00:00,0.1467999964952469,0.15119999647140503,0.14669999480247498,0.1492999941110611,0,0.0,0.0
2026-06-28 12:00:00+00:00,0.1492999941110611,0.15240000188350677,0.14810000360012054,0.1500999927520752,0,0.0,0.0
2026-06-28 13:00:00+00:00,0.15000000596046448,0.1500999927520752,0.14419999718666077,0.14429999887943268,0,0.0,0.0
2026-06-28 14:00:00+00:00,0.14489999413490295,0.1454000025987625,0.13989999890327454,0.14110000431537628,0,0.0,0.0
2026-06-28 15:00:00+00:00,0.14110000431537628,0.1412999927997589,0.13910000026226044,0.13930000364780426,0,0.0,0.0
2026-06-28 16:00:00+00:00,0.13930000364780426,0.13979999721050262,0.1356000006198883,0.13689999282360077,0,0.0,0.0
2026-06-28 17:00:00+00:00,0.13670000433921814,0.13729999959468842,0.1356000006198883,0.1371999979019165,0,0.0,0.0
2026-06-28 18:00:00+00:00,0.1371999979019165,0.1386999934911728,0.13660000264644623,0.1386999934911728,0,0.0,0.0
2026-06-28 19:00:00+00:00,0.1386999934911728,0.1386999934911728,0.13590000569820404,0.13660000264644623,0,0.0,0.0
2026-06-28 20:00:00+00:00,0.13660000264644623,0.13660000264644623,0.13600000739097595,0.13650000095367432,0,0.0,0.0
2026-06-28 21:00:00+00:00,0.13650000095367432,0.13750000298023224,0.13590000569820404,0.13600000739097595,0,0.0,0.0
2026-06-28 22:00:00+00:00,0.13600000739097595,0.13920000195503235,0.1347000002861023,0.13570000231266022,0,0.0,0.0
2026-06-28 23:00:00+00:00,0.13580000400543213,0.13850000500679016,0.13539999723434448,0.13850000500679016,112958,0.0,0.0
2026-06-29 00:00:00+00:00,0.13850000500679016,0.14059999585151672,0.1354999989271164,0.1371999979019165,0,0.0,0.0
2026-06-29 01:00:00+00:00,0.13729999959468842,0.13750000298023224,0.13580000400543213,0.13660000264644623,40896,0.0,0.0
2026-06-29 02:00:00+00:00,0.13660000264644623,0.13670000433921814,0.13459999859333038,0.13600000739097595,0,0.0,0.0
2026-06-29 03:00:00+00:00,0.13600000739097595,0.1404000073671341,0.13590000569820404,0.13760000467300415,719650,0.0,0.0
2026-06-29 04:00:00+00:00,0.13760000467300415,0.13819999992847443,0.13660000264644623,0.1370999962091446,65944,0.0,0.0
2026-06-29 05:00:00+00:00,0.1370999962091446,0.14010000228881836,0.1363999992609024,0.13930000364780426,0,0.0,0.0
2026-06-29 06:00:00+00:00,0.13930000364780426,0.14110000431537628,0.13809999823570251,0.13809999823570251,0,0.0,0.0
2026-06-29 07:00:00+00:00,0.1379999965429306,0.1386999934911728,0.1371999979019165,0.13729999959468842,99284,0.0,0.0
2026-06-29 08:00:00+00:00,0.13729999959468842,0.13729999959468842,0.13590000569820404,0.13609999418258667,0,0.0,0.0
2026-06-29 09:00:00+00:00,0.13609999418258667,0.13760000467300415,0.13519999384880066,0.1362999975681305,0,0.0,0.0
2026-06-29 10:00:00+00:00,0.1362999975681305,0.13770000636577606,0.13570000231266022,0.13590000569820404,0,0.0,0.0
2026-06-29 11:00:00+00:00,0.13570000231266022,0.14100000262260437,0.1354999989271164,0.14030000567436218,1245534,0.0,0.0
2026-06-29 12:00:00+00:00,0.14030000567436218,0.14399999380111694,0.13899999856948853,0.13950000703334808,219652,0.0,0.0
2026-06-29 13:00:00+00:00,0.13950000703334808,0.14139999449253082,0.1379999965429306,0.13850000500679016,579668,0.0,0.0
2026-06-29 14:00:00+00:00,0.13850000500679016,0.1387999951839447,0.13770000636577606,0.1378999948501587,0,0.0,0.0
2026-06-29 15:00:00+00:00,0.1378999948501587,0.13819999992847443,0.13660000264644623,0.13779999315738678,121596,0.0,0.0
2026-06-29 16:00:00+00:00,0.13779999315738678,0.14069999754428864,0.13760000467300415,0.13979999721050262,0,0.0,0.0
2026-06-29 17:00:00+00:00,0.13979999721050262,0.1467999964952469,0.1396999955177307,0.14509999752044678,1432902,0.0,0.0
2026-06-29 18:00:00+00:00,0.14509999752044678,0.14900000393390656,0.14499999582767487,0.14550000429153442,859152,0.0,0.0
2026-06-29 19:00:00+00:00,0.14560000598430634,0.1469999998807907,0.1451999992132187,0.1459999978542328,18546,0.0,0.0
2026-06-29 20:00:00+00:00,0.1462000012397766,0.14740000665187836,0.14429999887943268,0.1444000005722046,838404,0.0,0.0
2026-06-29 21:00:00+00:00,0.1444000005722046,0.14589999616146088,0.14399999380111694,0.14399999380111694,217408,0.0,0.0
2026-06-29 22:00:00+00:00,0.14399999380111694,0.14579999446868896,0.14350000023841858,0.1451999992132187,0,0.0,0.0
2026-06-29 23:00:00+00:00,0.1451999992132187,0.1451999992132187,0.14339999854564667,0.14390000700950623,0,0.0,0.0
2026-06-30 00:00:00+00:00,0.14390000700950623,0.1454000025987625,0.14180000126361847,0.14390000700950623,409348,0.0,0.0
2026-06-30 01:00:00+00:00,0.14390000700950623,0.14720000326633453,0.14350000023841858,0.14569999277591705,349486,0.0,0.0
2026-06-30 02:00:00+00:00,0.1453000009059906,0.14589999616146088,0.14249999821186066,0.1428000032901764,104200,0.0,0.0
2026-06-30 03:00:00+00:00,0.1428000032901764,0.1437000036239624,0.14259999990463257,0.14329999685287476,0,0.0,0.0
2026-06-30 04:00:00+00:00,0.14329999685287476,0.14350000023841858,0.14139999449253082,0.14229999482631683,654064,0.0,0.0
2026-06-30 05:00:00+00:00,0.14229999482631683,0.14309999346733093,0.1420000046491623,0.14239999651908875,0,0.0,0.0
2026-06-30 06:00:00+00:00,0.14239999651908875,0.14309999346733093,0.1421000063419342,0.14259999990463257,0,0.0,0.0
2026-06-30 07:00:00+00:00,0.14270000159740448,0.14409999549388885,0.14149999618530273,0.14159999787807465,200800,0.0,0.0
2026-06-30 08:00:00+00:00,0.14139999449253082,0.14239999651908875,0.14030000567436218,0.14139999449253082,0,0.0,0.0
2026-06-30 09:00:00+00:00,0.14139999449253082,0.1436000019311905,0.14030000567436218,0.1404999941587448,393378,0.0,0.0
2026-06-30 10:00:00+00:00,0.1404999941587448,0.1404999941587448,0.1395999938249588,0.1404999941587448,0,0.0,0.0
2026-06-30 11:00:00+00:00,0.1404000073671341,0.14059999585151672,0.13600000739097595,0.13670000433921814,0,0.0,0.0
2026-06-30 12:00:00+00:00,0.13670000433921814,0.13840000331401825,0.13429999351501465,0.13429999351501465,0,0.0,0.0
2026-06-30 13:00:00+00:00,0.13429999351501465,0.13529999554157257,0.13359999656677246,0.1348000019788742,0,0.0,0.0
2026-06-30 14:00:00+00:00,0.1348000019788742,0.13830000162124634,0.1348000019788742,0.13779999315738678,0,0.0,0.0
2026-06-30 15:00:00+00:00,0.13770000636577606,0.14219999313354492,0.13760000467300415,0.13950000703334808,275120,0.0,0.0
2026-06-30 16:00:00+00:00,0.13950000703334808,0.1404999941587448,0.13850000500679016,0.13940000534057617,0,0.0,0.0
2026-06-30 17:00:00+00:00,0.13940000534057617,0.13979999721050262,0.13860000669956207,0.13950000703334808,0,0.0,0.0
2026-06-30 18:00:00+00:00,0.13950000703334808,0.13989999890327454,0.1386999934911728,0.13920000195503235,0,0.0,0.0
2026-06-30 19:00:00+00:00,0.13920000195503235,0.13989999890327454,0.13860000669956207,0.1388999968767166,169342,0.0,0.0
2026-06-30 20:00:00+00:00,0.1386999934911728,0.13930000364780426,0.13819999992847443,0.13850000500679016,0,0.0,0.0
2026-06-30 21:00:00+00:00,0.13850000500679016,0.13850000500679016,0.13760000467300415,0.13779999315738678,0,0.0,0.0
2026-06-30 22:00:00+00:00,0.1378999948501587,0.13819999992847443,0.13619999587535858,0.1362999975681305,72856,0.0,0.0
2026-06-30 23:00:00+00:00,0.1362999975681305,0.13850000500679016,0.13580000400543213,0.13760000467300415,217058,0.0,0.0
2026-07-01 00:00:00+00:00,0.13770000636577606,0.13899999856948853,0.13580000400543213,0.13860000669956207,269338,0.0,0.0
2026-07-01 01:00:00+00:00,0.13830000162124634,0.13930000364780426,0.1347000002861023,0.13910000026226044,97308,0.0,0.0
2026-07-01 02:00:00+00:00,0.13920000195503235,0.14110000431537628,0.13899999856948853,0.14020000398159027,20946,0.0,0.0
2026-07-01 03:00:00+00:00,0.14020000398159027,0.1444000005722046,0.13950000703334808,0.14350000023841858,248092,0.0,0.0
2026-07-01 04:00:00+00:00,0.14339999854564667,0.14419999718666077,0.1428000032901764,0.1428000032901764,59222,0.0,0.0
2026-07-01 05:00:00+00:00,0.1428000032901764,0.14419999718666077,0.14149999618530273,0.14270000159740448,268992,0.0,0.0
2026-07-01 06:00:00+00:00,0.14259999990463257,0.14329999685287476,0.14110000431537628,0.14309999346733093,412796,0.0,0.0
2026-07-01 07:00:00+00:00,0.14319999516010284,0.14579999446868896,0.14319999516010284,0.14579999446868896,239302,0.0,0.0
2026-07-01 08:00:00+00:00,0.14569999277591705,0.14970000088214874,0.1453000009059906,0.14920000731945038,580164,0.0,0.0
2026-07-01 09:00:00+00:00,0.149399995803833,0.15150000154972076,0.14749999344348907,0.14830000698566437,430314,0.0,0.0
2026-07-01 10:00:00+00:00,0.14820000529289246,0.14959999918937683,0.1460999995470047,0.14720000326633453,483262,0.0,0.0
2026-07-01 11:00:00+00:00,0.14710000157356262,0.14730000495910645,0.14499999582767487,0.1451999992132187,0,0.0,0.0
2026-07-01 12:00:00+00:00,0.1451999992132187,0.14959999918937683,0.14470000565052032,0.14589999616146088,208572,0.0,0.0
2026-07-01 13:00:00+00:00,0.14589999616146088,0.14790000021457672,0.1437000036239624,0.1477999985218048,21164,0.0,0.0
2026-07-01 14:00:00+00:00,0.1477999985218048,0.14990000426769257,0.14589999616146088,0.14659999310970306,365898,0.0,0.0
2026-07-01 15:00:00+00:00,0.14650000631809235,0.14990000426769257,0.1462000012397766,0.14959999918937683,0,0.0,0.0
2026-07-01 16:00:00+00:00,0.14970000088214874,0.15029999613761902,0.14920000731945038,0.1501999944448471,0,0.0,0.0
2026-07-01 17:00:00+00:00,0.1501999944448471,0.15230000019073486,0.14970000088214874,0.14970000088214874,548828,0.0,0.0
2026-07-01 18:00:00+00:00,0.14959999918937683,0.1509000062942505,0.149399995803833,0.15080000460147858,234800,0.0,0.0
2026-07-01 19:00:00+00:00,0.15080000460147858,0.15160000324249268,0.1459999978542328,0.1467999964952469,222456,0.0,0.0
2026-07-01 20:00:00+00:00,0.1467999964952469,0.14740000665187836,0.14409999549388885,0.14720000326633453,395062,0.0,0.0
2026-07-01 21:00:00+00:00,0.14710000157356262,0.15000000596046448,0.14710000157356262,0.14980000257492065,343464,0.0,0.0
2026-07-01 22:00:00+00:00,0.14980000257492065,0.1500999927520752,0.1477999985218048,0.14949999749660492,186844,0.0,0.0
2026-07-01 23:00:00+00:00,0.14949999749660492,0.14980000257492065,0.14720000326633453,0.14949999749660492,164466,0.0,0.0
2026-07-02 00:00:00+00:00,0.14949999749660492,0.15139999985694885,0.14920000731945038,0.15129999816417694,0,0.0,0.0
2026-07-02 01:00:00+00:00,0.15129999816417694,0.15620000660419464,0.15119999647140503,0.15569999814033508,81026,0.0,0.0
2026-07-02 02:00:00+00:00,0.1559000015258789,0.15729999542236328,0.15189999341964722,0.15309999883174896,426624,0.0,0.0
2026-07-02 03:00:00+00:00,0.15309999883174896,0.15309999883174896,0.15039999783039093,0.15299999713897705,317956,0.0,0.0
2026-07-02 04:00:00+00:00,0.15309999883174896,0.15559999644756317,0.15289999544620514,0.15530000627040863,303338,0.0,0.0
2026-07-02 05:00:00+00:00,0.15530000627040863,0.15600000321865082,0.15410000085830688,0.15539999306201935,0,0.0,0.0
2026-07-02 06:00:00+00:00,0.15539999306201935,0.15809999406337738,0.1551000028848648,0.15800000727176666,229694,0.0,0.0
2026-07-02 07:00:00+00:00,0.15800000727176666,0.1597999930381775,0.15600000321865082,0.1597999930381775,572566,0.0,0.0
2026-07-02 08:00:00+00:00,0.15960000455379486,0.1599999964237213,0.15700000524520874,0.15850000083446503,0,0.0,0.0
2026-07-02 09:00:00+00:00,0.15860000252723694,0.16259999573230743,0.15860000252723694,0.16050000488758087,0,0.0,0.0
2026-07-02 10:00:00+00:00,0.16060000658035278,0.16110000014305115,0.15710000693798065,0.15719999372959137,249964,0.0,0.0
2026-07-02 11:00:00+00:00,0.15719999372959137,0.1573999971151352,0.15559999644756317,0.15600000321865082,380762,0.0,0.0
2026-07-02 12:00:00+00:00,0.15600000321865082,0.15610000491142273,0.15410000085830688,0.15489999949932098,0,0.0,0.0
2026-07-02 13:00:00+00:00,0.15489999949932098,0.1582999974489212,0.15479999780654907,0.1582999974489212,388658,0.0,0.0
2026-07-02 14:00:00+00:00,0.15860000252723694,0.15970000624656677,0.15520000457763672,0.155799999833107,0,0.0,0.0
2026-07-02 15:00:00+00:00,0.155799999833107,0.15620000660419464,0.15440000593662262,0.15459999442100525,0,0.0,0.0
2026-07-02 16:00:00+00:00,0.15459999442100525,0.15649999678134918,0.15360000729560852,0.15629999339580536,148572,0.0,0.0
2026-07-02 17:00:00+00:00,0.15629999339580536,0.15809999406337738,0.15620000660419464,0.15760000050067902,0,0.0,0.0
2026-07-02 18:00:00+00:00,0.15760000050067902,0.15839999914169312,0.15729999542236328,0.15809999406337738,0,0.0,0.0
2026-07-02 19:00:00+00:00,0.1581999957561493,0.15860000252723694,0.155799999833107,0.155799999833107,0,0.0,0.0
2026-07-02 20:00:00+00:00,0.155799999833107,0.15629999339580536,0.15520000457763672,0.155799999833107,0,0.0,0.0
2026-07-02 21:00:00+00:00,0.155799999833107,0.15719999372959137,0.15549999475479126,0.15620000660419464,123878,0.0,0.0
2026-07-02 22:00:00+00:00,0.15620000660419464,0.15850000083446503,0.15600000321865082,0.15800000727176666,0,0.0,0.0
2026-07-02 23:00:00+00:00,0.15790000557899475,0.15870000422000885,0.15700000524520874,0.15770000219345093,0,0.0,0.0
2026-07-03 00:00:00+00:00,0.15770000219345093,0.15870000422000885,0.15639999508857727,0.15639999508857727,0,0.0,0.0
2026-07-03 01:00:00+00:00,0.15639999508857727,0.15700000524520874,0.1559000015258789,0.1559000015258789,40570,0.0,0.0
2026-07-03 02:00:00+00:00,0.1559000015258789,0.1574999988079071,0.15520000457763672,0.1573999971151352,0,0.0,0.0
2026-07-03 03:00:00+00:00,0.15710000693798065,0.1574999988079071,0.1565999984741211,0.15690000355243683,0,0.0,0.0
2026-07-03 04:00:00+00:00,0.15690000355243683,0.15690000355243683,0.15539999306201935,0.15539999306201935,0,0.0,0.0
2026-07-03 05:00:00+00:00,0.15539999306201935,0.15549999475479126,0.15459999442100525,0.15489999949932098,149054,0.0,0.0
2026-07-03 06:00:00+00:00,0.15489999949932098,0.1551000028848648,0.1542000025510788,0.1543000042438507,0,0.0,0.0
2026-07-03 07:00:00+00:00,0.1542000025510788,0.15549999475479126,0.15379999577999115,0.15489999949932098,0,0.0,0.0
2026-07-03 08:00:00+00:00,0.15489999949932098,0.15559999644756317,0.15440000593662262,0.15559999644756317,0,0.0,0.0
2026-07-03 09:00:00+00:00,0.15569999814033508,0.15710000693798065,0.15469999611377716,0.15559999644756317,0,0.0,0.0
2026-07-03 10:00:00+00:00,0.15539999306201935,0.15729999542236328,0.1551000028848648,0.15729999542236328,0,0.0,0.0
2026-07-03 11:00:00+00:00,0.1573999971151352,0.16130000352859497,0.1573999971151352,0.1598999947309494,0,0.0,0.0
2026-07-03 12:00:00+00:00,0.1597999930381775,0.1624000072479248,0.15770000219345093,0.1582999974489212,25530,0.0,0.0
2026-07-03 13:00:00+00:00,0.15850000083446503,0.15860000252723694,0.15530000627040863,0.155799999833107,0,0.0,0.0
2026-07-03 14:00:00+00:00,0.155799999833107,0.15770000219345093,0.15549999475479126,0.15770000219345093,0,0.0,0.0
2026-07-03 15:00:00+00:00,0.15780000388622284,0.15860000252723694,0.1565999984741211,0.15760000050067902,257955,0.0,0.0
2026-07-03 16:00:00+00:00,0.1574999988079071,0.15860000252723694,0.15729999542236328,0.15770000219345093,0,0.0,0.0
2026-07-03 17:00:00+00:00,0.15850000083446503,0.15940000116825104,0.15850000083446503,0.1589999943971634,127855,0.0,0.0
2026-07-03 18:00:00+00:00,0.1589999943971634,0.1607999950647354,0.15839999914169312,0.15889999270439148,668930,0.0,0.0
2026-07-03 19:00:00+00:00,0.15880000591278076,0.1607999950647354,0.15850000083446503,0.1598999947309494,0,0.0,0.0
2026-07-03 20:00:00+00:00,0.1597999930381775,0.16089999675750732,0.15970000624656677,0.1598999947309494,324711,0.0,0.0
2026-07-03 21:00:00+00:00,0.1598999947309494,0.1599999964237213,0.15800000727176666,0.15919999778270721,91757,0.0,0.0
2026-07-03 22:00:00+00:00,0.15919999778270721,0.15919999778270721,0.15850000083446503,0.15880000591278076,0,0.0,0.0
2026-07-03 23:00:00+00:00,0.15880000591278076,0.15880000591278076,0.15729999542236328,0.15780000388622284,349618,0.0,0.0
2026-07-04 00:00:00+00:00,0.15780000388622284,0.15839999914169312,0.15649999678134918,0.15719999372959137,0,0.0,0.0
2026-07-04 01:00:00+00:00,0.15680000185966492,0.15770000219345093,0.15569999814033508,0.15729999542236328,35061,0.0,0.0
2026-07-04 02:00:00+00:00,0.15729999542236328,0.15880000591278076,0.15719999372959137,0.15880000591278076,0,0.0,0.0
2026-07-04 03:00:00+00:00,0.15880000591278076,0.16050000488758087,0.15880000591278076,0.16019999980926514,389967,0.0,0.0
2026-07-04 04:00:00+00:00,0.16019999980926514,0.16269999742507935,0.15940000116825104,0.16259999573230743,200639,0.0,0.0
2026-07-04 05:00:00+00:00,0.16259999573230743,0.1657000035047531,0.1623000055551529,0.1639000028371811,272930,0.0,0.0
2026-07-04 06:00:00+00:00,0.1639000028371811,0.1657000035047531,0.16130000352859497,0.16130000352859497,329802,0.0,0.0
2026-07-04 07:00:00+00:00,0.1615000069141388,0.16349999606609344,0.1606999933719635,0.16200000047683716,162049,0.0,0.0
2026-07-04 08:00:00+00:00,0.16200000047683716,0.16220000386238098,0.16019999980926514,0.16050000488758087,161348,0.0,0.0
2026-07-04 09:00:00+00:00,0.16050000488758087,0.16110000014305115,0.15919999778270721,0.1606999933719635,6052158,0.0,0.0
2026-07-04 10:00:00+00:00,0.1606999933719635,0.1606999933719635,0.15950000286102295,0.1597999930381775,0,0.0,0.0
2026-07-04 11:00:00+00:00,0.1597999930381775,0.1607999950647354,0.15929999947547913,0.1597999930381775,0,0.0,0.0
2026-07-04 12:00:00+00:00,0.1597999930381775,0.16099999845027924,0.15950000286102295,0.1606999933719635,0,0.0,0.0
2026-07-04 13:00:00+00:00,0.1606999933719635,0.1624000072479248,0.16009999811649323,0.16110000014305115,0,0.0,0.0
2026-07-04 14:00:00+00:00,0.16110000014305115,0.16179999709129333,0.16040000319480896,0.16050000488758087,0,0.0,0.0
2026-07-04 15:00:00+00:00,0.16050000488758087,0.16459999978542328,0.16050000488758087,0.16189999878406525,98781,0.0,0.0
2026-07-04 16:00:00+00:00,0.16200000047683716,0.16500000655651093,0.16099999845027924,0.16210000216960907,737687,0.0,0.0
2026-07-04 17:00:00+00:00,0.16210000216960907,0.16359999775886536,0.16050000488758087,0.16200000047683716,163321,0.0,0.0
2026-07-04 18:00:00+00:00,0.16189999878406525,0.1624000072479248,0.16140000522136688,0.16179999709129333,0,0.0,0.0
2026-07-04 19:00:00+00:00,0.16179999709129333,0.16200000047683716,0.1607999950647354,0.16110000014305115,0,0.0,0.0
2026-07-04 20:00:00+00:00,0.16110000014305115,0.16339999437332153,0.1599999964237213,0.16290000081062317,0,0.0,0.0
2026-07-04 21:00:00+00:00,0.16290000081062317,0.16339999437332153,0.16130000352859497,0.16140000522136688,0,0.0,0.0
2026-07-04 22:00:00+00:00,0.16140000522136688,0.16259999573230743,0.16140000522136688,0.16140000522136688,61724,0.0,0.0
2026-07-04 23:00:00+00:00,0.16140000522136688,0.16140000522136688,0.1599999964237213,0.16030000150203705,0,0.0,0.0
2026-07-05 00:00:00+00:00,0.16030000150203705,0.16249999403953552,0.15940000116825104,0.15970000624656677,431969,0.0,0.0
2026-07-05 01:00:00+00:00,0.15970000624656677,0.16009999811649323,0.15919999778270721,0.15940000116825104,0,0.0,0.0
2026-07-05 02:00:00+00:00,0.15940000116825104,0.1615000069141388,0.15889999270439148,0.15950000286102295,338500,0.0,0.0
2026-07-05 03:00:00+00:00,0.15940000116825104,0.15960000455379486,0.1582999974489212,0.15839999914169312,0,0.0,0.0
2026-07-05 04:00:00+00:00,0.1582999974489212,0.1590999960899353,0.15800000727176666,0.15850000083446503,0,0.0,0.0
2026-07-05 05:00:00+00:00,0.15850000083446503,0.15850000083446503,0.15729999542236328,0.15760000050067902,0,0.0,0.0
2026-07-05 06:00:00+00:00,0.15760000050067902,0.1581999957561493,0.15629999339580536,0.15770000219345093,0,0.0,0.0
2026-07-05 07:00:00+00:00,0.15770000219345093,0.15800000727176666,0.1573999971151352,0.15790000557899475,0,0.0,0.0
2026-07-05 08:00:00+00:00,0.15790000557899475,0.15929999947547913,0.1574999988079071,0.15839999914169312,0,0.0,0.0
2026-07-05 09:00:00+00:00,0.15870000422000885,0.16220000386238098,0.15870000422000885,0.16089999675750732,796071,0.0,0.0
2026-07-05 10:00:00+00:00,0.16089999675750732,0.163100004196167,0.1599999964237213,0.16050000488758087,342120,0.0,0.0
2026-07-05 11:00:00+00:00,0.16050000488758087,0.16279999911785126,0.16050000488758087,0.16200000047683716,0,0.0,0.0
2026-07-05 12:00:00+00:00,0.16120000183582306,0.16249999403953552,0.16040000319480896,0.16220000386238098,163716,0.0,0.0
2026-07-05 13:00:00+00:00,0.1623000055551529,0.16259999573230743,0.16099999845027924,0.16200000047683716,0,0.0,0.0
2026-07-05 14:00:00+00:00,0.16200000047683716,0.16369999945163727,0.16200000047683716,0.16349999606609344,0,0.0,0.0
2026-07-05 15:00:00+00:00,0.16300000250339508,0.16349999606609344,0.16210000216960907,0.16339999437332153,0,0.0,0.0
2026-07-05 16:00:00+00:00,0.16339999437332153,0.16509999334812164,0.16290000081062317,0.1639000028371811,0,0.0,0.0
2026-07-05 17:00:00+00:00,0.1639000028371811,0.16689999401569366,0.16349999606609344,0.16349999606609344,0,0.0,0.0
2026-07-05 18:00:00+00:00,0.16349999606609344,0.1664000004529953,0.163100004196167,0.16599999368190765,84707,0.0,0.0
2026-07-05 19:00:00+00:00,0.16599999368190765,0.16760000586509705,0.16599999368190765,0.16760000586509705,146886,0.0,0.0
2026-07-05 20:00:00+00:00,0.16760000586509705,0.1680999994277954,0.16680000722408295,0.16750000417232513,37553,0.0,0.0
2026-07-05 21:00:00+00:00,0.16750000417232513,0.16920000314712524,0.16689999401569366,0.16920000314712524,290406,0.0,0.0
2026-07-05 22:00:00+00:00,0.16920000314712524,0.1695999950170517,0.16699999570846558,0.16760000586509705,403913,0.0,0.0
2026-07-05 23:00:00+00:00,0.16760000586509705,0.16830000281333923,0.1671999990940094,0.1671999990940094,232680,0.0,0.0
2026-07-06 00:00:00+00:00,0.16740000247955322,0.16760000586509705,0.16529999673366547,0.16660000383853912,0,0.0,0.0
2026-07-06 01:00:00+00:00,0.16660000383853912,0.1671999990940094,0.16519999504089355,0.16539999842643738,217399,0.0,0.0
2026-07-06 02:00:00+00:00,0.16539999842643738,0.16619999706745148,0.1647000014781952,0.1657000035047531,44610,0.0,0.0
2026-07-06 03:00:00+00:00,0.1657000035047531,0.16609999537467957,0.164000004529953,0.1648000031709671,64882,0.0,0.0
2026-07-06 04:00:00+00:00,0.1648000031709671,0.16539999842643738,0.16449999809265137,0.16459999978542328,0,0.0,0.0
2026-07-06 05:00:00+00:00,0.16459999978542328,0.16580000519752502,0.16339999437332153,0.16439999639987946,182610,0.0,0.0
2026-07-06 06:00:00+00:00,0.16439999639987946,0.16529999673366547,0.16339999437332153,0.16349999606609344,82854,0.0,0.0
2026-07-06 07:00:00+00:00,0.16349999606609344,0.1647000014781952,0.16349999606609344,0.16429999470710754,0,0.0,0.0
2026-07-06 08:00:00+00:00,0.16429999470710754,0.16500000655651093,0.16329999268054962,0.16359999775886536,0,0.0,0.0
2026-07-06 09:00:00+00:00,0.16359999775886536,0.16410000622272491,0.16329999268054962,0.16380000114440918,0,0.0,0.0
2026-07-06 10:00:00+00:00,0.16380000114440918,0.16459999978542328,0.16380000114440918,0.16429999470710754,0,0.0,0.0
2026-07-06 11:00:00+00:00,0.16429999470710754,0.16509999334812164,0.16380000114440918,0.16380000114440918,0,0.0,0.0
2026-07-06 12:00:00+00:00,0.16380000114440918,0.16380000114440918,0.15960000455379486,0.1597999930381775,929226,0.0,0.0
2026-07-06 13:00:00+00:00,0.15960000455379486,0.16099999845027924,0.15919999778270721,0.16030000150203705,550806,0.0,0.0
2026-07-06 14:00:00+00:00,0.16030000150203705,0.16130000352859497,0.15940000116825104,0.16030000150203705,731184,0.0,0.0
2026-07-06 15:00:00+00:00,0.16019999980926514,0.1623000055551529,0.1590999960899353,0.16210000216960907,1028306,0.0,0.0
2026-07-06 16:00:00+00:00,0.16210000216960907,0.16500000655651093,0.16179999709129333,0.16359999775886536,659504,0.0,0.0
2026-07-06 17:00:00+00:00,0.16359999775886536,0.16609999537467957,0.16359999775886536,0.16500000655651093,466314,0.0,0.0
2026-07-06 18:00:00+00:00,0.16500000655651093,0.1670999974012375,0.164900004863739,0.16660000383853912,0,0.0,0.0
2026-07-06 19:00:00+00:00,0.16660000383853912,0.16740000247955322,0.1665000021457672,0.16660000383853912,100520,0.0,0.0
2026-07-06 20:00:00+00:00,0.16660000383853912,0.16750000417232513,0.16500000655651093,0.16699999570846558,889624,0.0,0.0
2026-07-06 21:00:00+00:00,0.16699999570846558,0.17149999737739563,0.16699999570846558,0.17149999737739563,798746,0.0,0.0
2026-07-06 22:00:00+00:00,0.17149999737739563,0.17399999499320984,0.1704999953508377,0.1738000065088272,301244,0.0,0.0
2026-07-06 23:00:00+00:00,0.1736000031232834,0.1762000024318695,0.1729000061750412,0.1761000007390976,618082,0.0,0.0
2026-07-07 00:00:00+00:00,0.17599999904632568,0.17679999768733978,0.17479999363422394,0.1753000020980835,204512,0.0,0.0
2026-07-07 01:00:00+00:00,0.1753000020980835,0.17659999430179596,0.17470000684261322,0.17649999260902405,328036,0.0,0.0
2026-07-07 02:00:00+00:00,0.17599999904632568,0.17659999430179596,0.17470000684261322,0.17630000412464142,152660,0.0,0.0
2026-07-07 03:00:00+00:00,0.17599999904632568,0.17759999632835388,0.1746000051498413,0.1770000010728836,648920,0.0,0.0
2026-07-07 04:00:00+00:00,0.1770000010728836,0.17759999632835388,0.1746000051498413,0.17499999701976776,937786,0.0,0.0
2026-07-07 05:00:00+00:00,0.17499999701976776,0.17640000581741333,0.17260000109672546,0.17560000717639923,968660,0.0,0.0
2026-07-07 06:00:00+00:00,0.17560000717639923,0.17640000581741333,0.17489999532699585,0.17560000717639923,9866,0.0,0.0
2026-07-07 07:00:00+00:00,0.17560000717639923,0.17649999260902405,0.17470000684261322,0.17489999532699585,632346,0.0,0.0
2026-07-07 08:00:00+00:00,0.17489999532699585,0.17550000548362732,0.17470000684261322,0.17499999701976776,179762,0.0,0.0
2026-07-07 09:00:00+00:00,0.17470000684261322,0.17649999260902405,0.17470000684261322,0.17489999532699585,512204,0.0,0.0
2026-07-07 10:00:00+00:00,0.17489999532699585,0.17599999904632568,0.17430000007152557,0.17599999904632568,371802,0.0,0.0
2026-07-07 11:00:00+00:00,0.17599999904632568,0.17679999768733978,0.17509999871253967,0.17569999396800995,226304,0.0,0.0
2026-07-07 12:00:00+00:00,0.17569999396800995,0.17669999599456787,0.17319999635219574,0.1736000031232834,0,0.0,0.0
2026-07-07 13:00:00+00:00,0.17339999973773956,0.17339999973773956,0.17139999568462372,0.17339999973773956,1730,0.0,0.0
2026-07-07 14:00:00+00:00,0.17319999635219574,0.17350000143051147,0.1712000072002411,0.1728000044822693,660252,0.0,0.0
2026-07-07 15:00:00+00:00,0.1728000044822693,0.17759999632835388,0.17229999601840973,0.17479999363422394,446700,0.0,0.0
2026-07-07 16:00:00+00:00,0.17479999363422394,0.17599999904632568,0.17470000684261322,0.17470000684261322,0,0.0,0.0
2026-07-07 17:00:00+00:00,0.17489999532699585,0.17599999904632568,0.17440000176429749,0.1754000037908554,47388,0.0,0.0
2026-07-07 18:00:00+00:00,0.1754000037908554,0.1754000037908554,0.17239999771118164,0.17260000109672546,0,0.0,0.0
2026-07-07 19:00:00+00:00,0.17239999771118164,0.17520000040531158,0.1712999939918518,0.17499999701976776,198090,0.0,0.0
2026-07-07 20:00:00+00:00,0.17499999701976776,0.17579999566078186,0.17219999432563782,0.17229999601840973,0,0.0,0.0
2026-07-07 21:00:00+00:00,0.17249999940395355,0.17319999635219574,0.1720000058412552,0.17260000109672546,0,0.0,0.0
2026-07-07 22:00:00+00:00,0.17239999771118164,0.17520000040531158,0.17180000245571136,0.17489999532699585,0,0.0,0.0
2026-07-07 23:00:00+00:00,0.17489999532699585,0.17579999566078186,0.17470000684261322,0.17499999701976776,0,0.0,0.0
2026-07-08 00:00:00+00:00,0.17499999701976776,0.17579999566078186,0.17479999363422394,0.17489999532699585,0,0.0,0.0
2026-07-08 01:00:00+00:00,0.17479999363422394,0.1761000007390976,0.17190000414848328,0.17319999635219574,0,0.0,0.0
2026-07-08 02:00:00+00:00,0.17319999635219574,0.17679999768733978,0.1728000044822693,0.1762000024318695,653036,0.0,0.0
2026-07-08 03:00:00+00:00,0.1762000024318695,0.1800999939441681,0.1762000024318695,0.17870000004768372,180840,0.0,0.0
2026-07-08 04:00:00+00:00,0.1785999983549118,0.17919999361038208,0.17800000309944153,0.17910000681877136,0,0.0,0.0
2026-07-08 05:00:00+00:00,0.17980000376701355,0.18250000476837158,0.17900000512599945,0.18150000274181366,0,0.0,0.0
2026-07-08 06:00:00+00:00,0.18160000443458557,0.1826999932527542,0.18070000410079956,0.1818999946117401,98684,0.0,0.0
2026-07-08 07:00:00+00:00,0.18199999630451202,0.18310000002384186,0.17949999868869781,0.17960000038146973,747382,0.0,0.0
2026-07-08 08:00:00+00:00,0.17960000038146973,0.18320000171661377,0.17659999430179596,0.1776999980211258,857110,0.0,0.0
2026-07-08 09:00:00+00:00,0.17749999463558197,0.17890000343322754,0.1761000007390976,0.17659999430179596,542076,0.0,0.0
2026-07-08 10:00:00+00:00,0.17659999430179596,0.17910000681877136,0.17560000717639923,0.17800000309944153,279776,0.0,0.0
2026-07-08 11:00:00+00:00,0.17810000479221344,0.17970000207424164,0.17749999463558197,0.17919999361038208,284936,0.0,0.0
2026-07-08 12:00:00+00:00,0.17919999361038208,0.1809999942779541,0.17739999294281006,0.17829999327659607,0,0.0,0.0
2026-07-08 13:00:00+00:00,0.17790000140666962,0.17990000545978546,0.1745000034570694,0.17520000040531158,1123962,0.0,0.0
2026-07-08 14:00:00+00:00,0.17509999871253967,0.17560000717639923,0.16599999368190765,0.16670000553131104,1316654,0.0,0.0
2026-07-08 15:00:00+00:00,0.16660000383853912,0.16680000722408295,0.15850000083446503,0.1606999933719635,975470,0.0,0.0
2026-07-08 16:00:00+00:00,0.16060000658035278,0.16359999775886536,0.15880000591278076,0.16329999268054962,43964,0.0,0.0
2026-07-08 17:00:00+00:00,0.16329999268054962,0.16590000689029694,0.16329999268054962,0.16519999504089355,152892,0.0,0.0
2026-07-08 18:00:00+00:00,0.16519999504089355,0.16940000653266907,0.16519999504089355,0.16779999434947968,143312,0.0,0.0
2026-07-08 19:00:00+00:00,0.1678999960422516,0.16830000281333923,0.16670000553131104,0.16820000112056732,0,0.0,0.0
2026-07-08 20:00:00+00:00,0.1680999994277954,0.16830000281333923,0.1655000001192093,0.1655000001192093,0,0.0,0.0
2026-07-08 21:00:00+00:00,0.1655000001192093,0.1662999987602234,0.16519999504089355,0.1662999987602234,0,0.0,0.0
2026-07-08 22:00:00+00:00,0.1662999987602234,0.16680000722408295,0.16509999334812164,0.16680000722408295,0,0.0,0.0
2026-07-08 23:00:00+00:00,0.16689999401569366,0.16689999401569366,0.1662999987602234,0.16670000553131104,6948,0.0,0.0
2026-07-09 00:00:00+00:00,0.16670000553131104,0.16820000112056732,0.1657000035047531,0.16580000519752502,110466,0.0,0.0
2026-07-09 01:00:00+00:00,0.16590000689029694,0.1671999990940094,0.16279999911785126,0.16300000250339508,68424,0.0,0.0
2026-07-09 02:00:00+00:00,0.1632000058889389,0.16410000622272491,0.16189999878406525,0.16189999878406525,0,0.0,0.0
2026-07-09 03:00:00+00:00,0.16189999878406525,0.1623000055551529,0.16009999811649323,0.16009999811649323,0,0.0,0.0
2026-07-09 04:00:00+00:00,0.16009999811649323,0.16009999811649323,0.15850000083446503,0.1589999943971634,200260,0.0,0.0
2026-07-09 05:00:00+00:00,0.1589999943971634,0.15929999947547913,0.15729999542236328,0.15870000422000885,0,0.0,0.0
2026-07-09 06:00:00+00:00,0.15870000422000885,0.1590999960899353,0.15719999372959137,0.15800000727176666,0,0.0,0.0
2026-07-09 07:00:00+00:00,0.15809999406337738,0.15880000591278076,0.15729999542236328,0.15809999406337738,0,0.0,0.0
2026-07-09 08:00:00+00:00,0.15839999914169312,0.15929999947547913,0.15700000524520874,0.15719999372959137,0,0.0,0.0
2026-07-09 09:00:00+00:00,0.15719999372959137,0.1581999957561493,0.156700000166893,0.1573999971151352,0,0.0,0.0
2026-07-09 10:00:00+00:00,0.1573999971151352,0.15889999270439148,0.15690000355243683,0.15889999270439148,0,0.0,0.0
2026-07-09 11:00:00+00:00,0.15889999270439148,0.1590999960899353,0.15790000557899475,0.15880000591278076,0,0.0,0.0
2026-07-09 12:00:00+00:00,0.15880000591278076,0.16279999911785126,0.15690000355243683,0.1624000072479248,629156,0.0,0.0
2026-07-09 13:00:00+00:00,0.16259999573230743,0.16529999673366547,0.16110000014305115,0.16459999978542328,0,0.0,0.0
2026-07-09 14:00:00+00:00,0.16449999809265137,0.1664000004529953,0.16380000114440918,0.16539999842643738,0,0.0,0.0
2026-07-09 15:00:00+00:00,0.16539999842643738,0.16539999842643738,0.16130000352859497,0.16210000216960907,0,0.0,0.0
2026-07-09 16:00:00+00:00,0.16210000216960907,0.16449999809265137,0.16200000047683716,0.16349999606609344,0,0.0,0.0
2026-07-09 17:00:00+00:00,0.16329999268054962,0.16410000622272491,0.16249999403953552,0.16329999268054962,0,0.0,0.0
2026-07-09 18:00:00+00:00,0.1632000058889389,0.1662999987602234,0.1624000072479248,0.16380000114440918,1009118,0.0,0.0
2026-07-09 19:00:00+00:00,0.16369999945163727,0.16459999978542328,0.16279999911785126,0.16300000250339508,0,0.0,0.0
2026-07-09 20:00:00+00:00,0.16300000250339508,0.164000004529953,0.16189999878406525,0.16189999878406525,341596,0.0,0.0
2026-07-09 21:00:00+00:00,0.16210000216960907,0.163100004196167,0.16169999539852142,0.16249999403953552,78900,0.0,0.0
2026-07-09 22:00:00+00:00,0.16249999403953552,0.16380000114440918,0.1623000055551529,0.16349999606609344,0,0.0,0.0
2026-07-09 23:00:00+00:00,0.16349999606609344,0.16380000114440918,0.16200000047683716,0.16200000047683716,65516,0.0,0.0
2026-07-10 00:00:00+00:00,0.16210000216960907,0.163100004196167,0.16040000319480896,0.16140000522136688,189162,0.0,0.0
2026-07-10 01:00:00+00:00,0.16140000522136688,0.16580000519752502,0.1607999950647354,0.1648000031709671,0,0.0,0.0
2026-07-10 02:00:00+00:00,0.164900004863739,0.164900004863739,0.16279999911785126,0.1648000031709671,402602,0.0,0.0
2026-07-10 03:00:00+00:00,0.1648000031709671,0.16670000553131104,0.16459999978542328,0.16529999673366547,110622,0.0,0.0
2026-07-10 04:00:00+00:00,0.16529999673366547,0.1712999939918518,0.16519999504089355,0.16910000145435333,994822,0.0,0.0
2026-07-10 05:00:00+00:00,0.16910000145435333,0.17090000212192535,0.1687999963760376,0.16990000009536743,0,0.0,0.0
2026-07-10 06:00:00+00:00,0.16990000009536743,0.17630000412464142,0.1695999950170517,0.1753000020980835,1577272,0.0,0.0
2026-07-10 07:00:00+00:00,0.1753000020980835,0.1785999983549118,0.17409999668598175,0.1785999983549118,774314,0.0,0.0
2026-07-10 08:00:00+00:00,0.1784999966621399,0.18080000579357147,0.1776999980211258,0.18060000240802765,1546656,0.0,0.0
2026-07-10 09:00:00+00:00,0.18050000071525574,0.18240000307559967,0.17829999327659607,0.18029999732971191,1045068,0.0,0.0
2026-07-10 10:00:00+00:00,0.18080000579357147,0.18940000236034393,0.18080000579357147,0.18850000202655792,3418792,0.0,0.0
2026-07-10 11:00:00+00:00,0.188400000333786,0.19200000166893005,0.18559999763965607,0.18960000574588776,5718828,0.0,0.0
2026-07-10 12:00:00+00:00,0.18940000236034393,0.19020000100135803,0.1859000027179718,0.1891999989748001,1453812,0.0,0.0
2026-07-10 13:00:00+00:00,0.1891999989748001,0.19020000100135803,0.18400000035762787,0.18790000677108765,0,0.0,0.0
2026-07-10 14:00:00+00:00,0.18790000677108765,0.18799999356269836,0.17919999361038208,0.1826000064611435,1248980,0.0,0.0
2026-07-10 15:00:00+00:00,0.18299999833106995,0.18490000069141388,0.17960000038146973,0.17980000376701355,1262620,0.0,0.0
2026-07-10 16:00:00+00:00,0.18000000715255737,0.18490000069141388,0.17880000174045563,0.18440000712871552,771404,0.0,0.0
2026-07-10 17:00:00+00:00,0.18410000205039978,0.18809999525547028,0.18289999663829803,0.18770000338554382,1639160,0.0,0.0
2026-07-10 18:00:00+00:00,0.18790000677108765,0.18930000066757202,0.1851000040769577,0.18770000338554382,606052,0.0,0.0
2026-07-10 19:00:00+00:00,0.1873999983072281,0.18889999389648438,0.18320000171661377,0.18770000338554382,1969856,0.0,0.0
2026-07-10 20:00:00+00:00,0.1876000016927719,0.18780000507831573,0.18230000138282776,0.18279999494552612,969848,0.0,0.0
2026-07-10 21:00:00+00:00,0.1826999932527542,0.18559999763965607,0.1826999932527542,0.18449999392032623,289136,0.0,0.0
2026-07-10 22:00:00+00:00,0.1843000054359436,0.18690000474452972,0.1843000054359436,0.18479999899864197,125968,0.0,0.0
2026-07-10 23:00:00+00:00,0.18459999561309814,0.186599999666214,0.1835000067949295,0.186599999666214,0,0.0,0.0
2026-07-11 00:00:00+00:00,0.18619999289512634,0.18629999458789825,0.18150000274181366,0.18289999663829803,388868,0.0,0.0
2026-07-11 01:00:00+00:00,0.18289999663829803,0.18559999763965607,0.18289999663829803,0.1851000040769577,0,0.0,0.0
2026-07-11 02:00:00+00:00,0.1851000040769577,0.1868000030517578,0.1842000037431717,0.1859000027179718,0,0.0,0.0
2026-07-11 03:00:00+00:00,0.18569999933242798,0.1898999959230423,0.18559999763965607,0.1889999955892563,630412,0.0,0.0
2026-07-11 04:00:00+00:00,0.18889999389648438,0.19050000607967377,0.1873999983072281,0.18790000677108765,0,0.0,0.0
2026-07-11 05:00:00+00:00,0.18790000677108765,0.1898999959230423,0.1873999983072281,0.188400000333786,0,0.0,0.0
2026-07-11 06:00:00+00:00,0.1882999986410141,0.1915999948978424,0.18649999797344208,0.18709999322891235,428140,0.0,0.0
2026-07-11 07:00:00+00:00,0.18729999661445618,0.18960000574588776,0.1868000030517578,0.18790000677108765,0,0.0,0.0
2026-07-11 08:00:00+00:00,0.18780000507831573,0.18860000371932983,0.1860000044107437,0.18860000371932983,0,0.0,0.0
2026-07-11 09:00:00+00:00,0.18880000710487366,0.19329999387264252,0.1875,0.1891999989748001,0,0.0,0.0
2026-07-11 10:00:00+00:00,0.1889999955892563,0.19280000030994415,0.18889999389648438,0.1923999935388565,0,0.0,0.0
2026-07-11 11:00:00+00:00,0.1923999935388565,0.19470000267028809,0.19200000166893005,0.19280000030994415,0,0.0,0.0
2026-07-11 12:00:00+00:00,0.19280000030994415,0.19629999995231628,0.19269999861717224,0.19480000436306,0,0.0,0.0
2026-07-11 13:00:00+00:00,0.19470000267028809,0.1964000016450882,0.19280000030994415,0.19509999454021454,0,0.0,0.0
2026-07-11 14:00:00+00:00,0.19480000436306,0.1949000060558319,0.1899999976158142,0.19280000030994415,0,0.0,0.0
2026-07-11 15:00:00+00:00,0.19280000030994415,0.19580000638961792,0.19220000505447388,0.19499999284744263,0,0.0,0.0
2026-07-11 16:00:00+00:00,0.19499999284744263,0.19660000503063202,0.19259999692440033,0.195700004696846,0,0.0,0.0
2026-07-11 17:00:00+00:00,0.195700004696846,0.19670000672340393,0.19349999725818634,0.19629999995231628,0,0.0,0.0
2026-07-11 18:00:00+00:00,0.19609999656677246,0.19779999554157257,0.19480000436306,0.19670000672340393,0,0.0,0.0
2026-07-11 19:00:00+00:00,0.19660000503063202,0.19660000503063202,0.1931000053882599,0.19539999961853027,0,0.0,0.0
2026-07-11 20:00:00+00:00,0.19529999792575836,0.19529999792575836,0.19089999794960022,0.19110000133514404,0,0.0,0.0
2026-07-11 21:00:00+00:00,0.19120000302791595,0.19249999523162842,0.18979999423027039,0.1914999932050705,0,0.0,0.0
2026-07-11 22:00:00+00:00,0.1914999932050705,0.1914999932050705,0.18979999423027039,0.18979999423027039,0,0.0,0.0
2026-07-11 23:00:00+00:00,0.18979999423027039,0.19200000166893005,0.18960000574588776,0.1914999932050705,598358,0.0,0.0
2026-07-12 00:00:00+00:00,0.1914999932050705,0.19179999828338623,0.18960000574588776,0.19059999287128448,0,0.0,0.0
2026-07-12 01:00:00+00:00,0.19059999287128448,0.19259999692440033,0.18970000743865967,0.19200000166893005,0,0.0,0.0
2026-07-12 02:00:00+00:00,0.19210000336170197,0.1923000067472458,0.18979999423027039,0.19009999930858612,39404,0.0,0.0
2026-07-12 03:00:00+00:00,0.1899999976158142,0.1899999976158142,0.1875,0.18799999356269836,0,0.0,0.0
2026-07-12 04:00:00+00:00,0.18799999356269836,0.18889999389648438,0.1876000016927719,0.18889999389648438,0,0.0,0.0
2026-07-12 05:00:00+00:00,0.1889999955892563,0.19200000166893005,0.1889999955892563,0.1915999948978424,0,0.0,0.0
2026-07-12 06:00:00+00:00,0.1914999932050705,0.1914999932050705,0.19030000269412994,0.19099999964237213,0,0.0,0.0
2026-07-12 07:00:00+00:00,0.1907999962568283,0.19140000641345978,0.18970000743865967,0.1898999959230423,0,0.0,0.0
2026-07-12 08:00:00+00:00,0.1898999959230423,0.19030000269412994,0.188400000333786,0.1891999989748001,190875,0.0,0.0
2026-07-12 09:00:00+00:00,0.1891999989748001,0.19210000336170197,0.18850000202655792,0.19099999964237213,0,0.0,0.0
2026-07-12 10:00:00+00:00,0.19089999794960022,0.19210000336170197,0.19040000438690186,0.1907999962568283,0,0.0,0.0
2026-07-12 11:00:00+00:00,0.19110000133514404,0.19210000336170197,0.19050000607967377,0.19169999659061432,0,0.0,0.0
2026-07-12 12:00:00+00:00,0.19179999828338623,0.19189999997615814,0.18610000610351562,0.186599999666214,225014,0.0,0.0
2026-07-12 13:00:00+00:00,0.1868000030517578,0.18940000236034393,0.186599999666214,0.18870000541210175,0,0.0,0.0
2026-07-12 14:00:00+00:00,0.18870000541210175,0.19179999828338623,0.1882999986410141,0.19120000302791595,0,0.0,0.0
2026-07-12 15:00:00+00:00,0.19120000302791595,0.19200000166893005,0.1898999959230423,0.19099999964237213,0,0.0,0.0
2026-07-12 16:00:00+00:00,0.19120000302791595,0.19200000166893005,0.1899999976158142,0.19009999930858612,0,0.0,0.0
2026-07-12 17:00:00+00:00,0.19009999930858612,0.19020000100135803,0.18850000202655792,0.1890999972820282,0,0.0,0.0
2026-07-12 18:00:00+00:00,0.1889999955892563,0.18979999423027039,0.18880000710487366,0.1889999955892563,0,0.0,0.0
2026-07-12 19:00:00+00:00,0.18880000710487366,0.18889999389648438,0.18809999525547028,0.1882999986410141,0,0.0,0.0
2026-07-12 20:00:00+00:00,0.1882999986410141,0.18979999423027039,0.18809999525547028,0.18979999423027039,0,0.0,0.0
2026-07-12 21:00:00+00:00,0.19020000100135803,0.19099999964237213,0.1882999986410141,0.18850000202655792,0,0.0,0.0
2026-07-12 22:00:00+00:00,0.1882999986410141,0.18880000710487366,0.186599999666214,0.18809999525547028,276367,0.0,0.0
2026-07-12 23:00:00+00:00,0.18809999525547028,0.1891999989748001,0.1868000030517578,0.18889999389648438,0,0.0,0.0
2026-07-13 00:00:00+00:00,0.18889999389648438,0.19210000336170197,0.18870000541210175,0.19089999794960022,157480,0.0,0.0
2026-07-13 01:00:00+00:00,0.1906999945640564,0.1906999945640564,0.18619999289512634,0.18629999458789825,78233,0.0,0.0
2026-07-13 02:00:00+00:00,0.18639999628067017,0.18799999356269836,0.18529999256134033,0.18799999356269836,271072,0.0,0.0
2026-07-13 03:00:00+00:00,0.18799999356269836,0.18799999356269836,0.18379999697208405,0.1851000040769577,0,0.0,0.0
2026-07-13 04:00:00+00:00,0.1850000023841858,0.18549999594688416,0.18369999527931213,0.18400000035762787,66940,0.0,0.0
2026-07-13 05:00:00+00:00,0.18410000205039978,0.18569999933242798,0.18199999630451202,0.18209999799728394,945624,0.0,0.0
2026-07-13 06:00:00+00:00,0.18209999799728394,0.18379999697208405,0.18160000443458557,0.18310000002384186,0,0.0,0.0
2026-07-13 07:00:00+00:00,0.18310000002384186,0.18440000712871552,0.18279999494552612,0.18289999663829803,137996,0.0,0.0
2026-07-13 08:00:00+00:00,0.18289999663829803,0.1850000023841858,0.18289999663829803,0.18410000205039978,266967,0.0,0.0
2026-07-13 09:00:00+00:00,0.18379999697208405,0.18610000610351562,0.18359999358654022,0.1842000037431717,0,0.0,0.0
2026-07-13 10:00:00+00:00,0.1842000037431717,0.18649999797344208,0.1842000037431717,0.18539999425411224,143902,0.0,0.0
2026-07-13 11:00:00+00:00,0.18539999425411224,0.18809999525547028,0.1851000040769577,0.18809999525547028,338361,0.0,0.0
2026-07-13 12:00:00+00:00,0.18809999525547028,0.18930000066757202,0.1860000044107437,0.18690000474452972,0,0.0,0.0
2026-07-13 13:00:00+00:00,0.18690000474452972,0.18799999356269836,0.18410000205039978,0.18729999661445618,0,0.0,0.0
2026-07-13 14:00:00+00:00,0.1875,0.19059999287128448,0.18619999289512634,0.1876000016927719,1035745,0.0,0.0
2026-07-13 15:00:00+00:00,0.1875,0.1890999972820282,0.18700000643730164,0.188400000333786,138417,0.0,0.0
2026-07-13 16:00:00+00:00,0.188400000333786,0.188400000333786,0.18539999425411224,0.18539999425411224,151025,0.0,0.0
2026-07-13 17:00:00+00:00,0.18520000576972961,0.18719999492168427,0.18490000069141388,0.1851000040769577,366430,0.0,0.0
2026-07-13 18:00:00+00:00,0.18520000576972961,0.18930000066757202,0.1850000023841858,0.18880000710487366,911456,0.0,0.0
2026-07-13 19:00:00+00:00,0.18860000371932983,0.19179999828338623,0.18799999356269836,0.19179999828338623,337466,0.0,0.0
2026-07-13 20:00:00+00:00,0.19179999828338623,0.19200000166893005,0.1890999972820282,0.1898999959230423,364930,0.0,0.0
2026-07-13 21:00:00+00:00,0.1898999959230423,0.19059999287128448,0.1873999983072281,0.1890999972820282,72256,0.0,0.0
2026-07-13 22:00:00+00:00,0.1889999955892563,0.1906999945640564,0.18880000710487366,0.18889999389648438,0,0.0,0.0
2026-07-13 23:00:00+00:00,0.18889999389648438,0.1898999959230423,0.18850000202655792,0.1891999989748001,137687,0.0,0.0
2026-07-14 00:00:00+00:00,0.1891999989748001,0.1907999962568283,0.188400000333786,0.18930000066757202,0,0.0,0.0
2026-07-14 01:00:00+00:00,0.18930000066757202,0.19130000472068787,0.1881999969482422,0.1881999969482422,0,0.0,0.0
2026-07-14 02:00:00+00:00,0.1881999969482422,0.18940000236034393,0.1875,0.1875,0,0.0,0.0
2026-07-14 03:00:00+00:00,0.1875,0.18870000541210175,0.18629999458789825,0.18809999525547028,0,0.0,0.0
2026-07-14 04:00:00+00:00,0.18809999525547028,0.18940000236034393,0.18539999425411224,0.18569999933242798,0,0.0,0.0
2026-07-14 05:00:00+00:00,0.1858000010251999,0.1858000010251999,0.18369999527931213,0.1843000054359436,0,0.0,0.0
2026-07-14 06:00:00+00:00,0.1843000054359436,0.18440000712871552,0.18219999969005585,0.18240000307559967,0,0.0,0.0
2026-07-14 07:00:00+00:00,0.18219999969005585,0.1834000051021576,0.18199999630451202,0.18299999833106995,244928,0.0,0.0
2026-07-14 08:00:00+00:00,0.18299999833106995,0.18440000712871552,0.18230000138282776,0.1826999932527542,0,0.0,0.0
2026-07-14 09:00:00+00:00,0.1826000064611435,0.1826000064611435,0.1800999939441681,0.18019999563694,453740,0.0,0.0
2026-07-14 10:00:00+00:00,0.18029999732971191,0.18320000171661377,0.18029999732971191,0.18320000171661377,0,0.0,0.0
2026-07-14 11:00:00+00:00,0.18320000171661377,0.1834000051021576,0.18160000443458557,0.18250000476837158,2263,0.0,0.0
2026-07-14 12:00:00+00:00,0.18250000476837158,0.18559999763965607,0.18070000410079956,0.18520000576972961,885682,0.0,0.0
2026-07-14 13:00:00+00:00,0.18520000576972961,0.1890999972820282,0.1842000037431717,0.18539999425411224,1463891,0.0,0.0
2026-07-14 14:00:00+00:00,0.18559999763965607,0.1899999976158142,0.1843000054359436,0.18979999423027039,466870,0.0,0.0
2026-07-14 15:00:00+00:00,0.18979999423027039,0.18979999423027039,0.1867000013589859,0.18790000677108765,444088,0.0,0.0
2026-07-14 16:00:00+00:00,0.18790000677108765,0.19110000133514404,0.18770000338554382,0.18979999423027039,627210,0.0,0.0
2026-07-14 17:00:00+00:00,0.18960000574588776,0.19290000200271606,0.18940000236034393,0.19269999861717224,207332,0.0,0.0
2026-07-14 18:00:00+00:00,0.19290000200271606,0.1973000019788742,0.19249999523162842,0.19589999318122864,0,0.0,0.0
2026-07-14 19:00:00+00:00,0.19609999656677246,0.19660000503063202,0.19110000133514404,0.19280000030994415,85980,0.0,0.0
2026-07-14 20:00:00+00:00,0.19280000030994415,0.19470000267028809,0.1923999935388565,0.19269999861717224,0,0.0,0.0
2026-07-14 21:00:00+00:00,0.19269999861717224,0.193900004029274,0.19140000641345978,0.19140000641345978,0,0.0,0.0
2026-07-14 22:00:00+00:00,0.19140000641345978,0.19280000030994415,0.19099999964237213,0.19120000302791595,545666,0.0,0.0
2026-07-14 23:00:00+00:00,0.19140000641345978,0.1923999935388565,0.19110000133514404,0.19110000133514404,8152,0.0,0.0
2026-07-15 00:00:00+00:00,0.19110000133514404,0.19169999659061432,0.18880000710487366,0.1907999962568283,0,0.0,0.0
2026-07-15 01:00:00+00:00,0.19120000302791595,0.1915999948978424,0.18880000710487366,0.19050000607967377,0,0.0,0.0
2026-07-15 02:00:00+00:00,0.19050000607967377,0.1923999935388565,0.1898999959230423,0.1907999962568283,451044,0.0,0.0
2026-07-15 03:00:00+00:00,0.19099999964237213,0.1923000067472458,0.19030000269412994,0.19059999287128448,0,0.0,0.0
2026-07-15 04:00:00+00:00,0.1906999945640564,0.19189999997615814,0.18970000743865967,0.19030000269412994,168680,0.0,0.0
2026-07-15 05:00:00+00:00,0.19030000269412994,0.19130000472068787,0.18970000743865967,0.18970000743865967,104670,0.0,0.0
2026-07-15 06:00:00+00:00,0.19020000100135803,0.19099999964237213,0.1899999976158142,0.19089999794960022,353180,0.0,0.0
2026-07-15 07:00:00+00:00,0.19089999794960022,0.19130000472068787,0.18880000710487366,0.1889999955892563,0,0.0,0.0
2026-07-15 08:00:00+00:00,0.1889999955892563,0.19020000100135803,0.1882999986410141,0.1890999972820282,72502,0.0,0.0
2026-07-15 09:00:00+00:00,0.1890999972820282,0.19130000472068787,0.1881999969482422,0.188400000333786,0,0.0,0.0
2026-07-15 10:00:00+00:00,0.188400000333786,0.1891999989748001,0.18549999594688416,0.18549999594688416,87616,0.0,0.0
2026-07-15 11:00:00+00:00,0.18539999425411224,0.18629999458789825,0.18289999663829803,0.18310000002384186,488420,0.0,0.0
2026-07-15 12:00:00+00:00,0.18310000002384186,0.18729999661445618,0.18310000002384186,0.18729999661445618,0,0.0,0.0
2026-07-15 13:00:00+00:00,0.18729999661445618,0.1881999969482422,0.186599999666214,0.18709999322891235,0,0.0,0.0
2026-07-15 14:00:00+00:00,0.18709999322891235,0.19030000269412994,0.18690000474452972,0.18979999423027039,0,0.0,0.0
2026-07-15 15:00:00+00:00,0.1890999972820282,0.19099999964237213,0.18880000710487366,0.19050000607967377,0,0.0,0.0
2026-07-15 16:00:00+00:00,0.19050000607967377,0.19059999287128448,0.1875,0.1881999969482422,174856,0.0,0.0
2026-07-15 17:00:00+00:00,0.18870000541210175,0.1914999932050705,0.18850000202655792,0.1899999976158142,0,0.0,0.0
2026-07-15 18:00:00+00:00,0.18979999423027039,0.19220000505447388,0.18970000743865967,0.19059999287128448,0,0.0,0.0
2026-07-15 19:00:00+00:00,0.19030000269412994,0.1907999962568283,0.1882999986410141,0.18860000371932983,0,0.0,0.0
2026-07-15 20:00:00+00:00,0.18860000371932983,0.1915999948978424,0.188400000333786,0.1907999962568283,0,0.0,0.0
2026-07-15 21:00:00+00:00,0.1906999945640564,0.19169999659061432,0.19050000607967377,0.1907999962568283,86206,0.0,0.0
2026-07-15 22:00:00+00:00,0.1907999962568283,0.1915999948978424,0.19030000269412994,0.1907999962568283,0,0.0,0.0
2026-07-15 23:00:00+00:00,0.1906999945640564,0.19089999794960022,0.18970000743865967,0.1898999959230423,0,0.0,0.0
2026-07-16 00:00:00+00:00,0.1898999959230423,0.19140000641345978,0.18880000710487366,0.19040000438690186,220346,0.0,0.0
2026-07-16 01:00:00+00:00,0.19040000438690186,0.19089999794960022,0.1891999989748001,0.19059999287128448,0,0.0,0.0
2026-07-16 02:00:00+00:00,0.19059999287128448,0.1964000016450882,0.19040000438690186,0.19629999995231628,129762,0.0,0.0
2026-07-16 03:00:00+00:00,0.19599999487400055,0.19930000603199005,0.19580000638961792,0.19830000400543213,1917810,0.0,0.0
2026-07-16 04:00:00+00:00,0.19830000400543213,0.20160000026226044,0.1979999989271164,0.19979999959468842,1236262,0.0,0.0
2026-07-16 05:00:00+00:00,0.19979999959468842,0.2037000060081482,0.19939999282360077,0.2004999965429306,986400,0.0,0.0
2026-07-16 06:00:00+00:00,0.20029999315738678,0.20180000364780426,0.19900000095367432,0.19949999451637268,491774,0.0,0.0
2026-07-16 07:00:00+00:00,0.1996999979019165,0.2003999948501587,0.1956000030040741,0.19580000638961792,40184,0.0,0.0
2026-07-16 08:00:00+00:00,0.195700004696846,0.19619999825954437,0.18960000574588776,0.18979999423027039,831716,0.0,0.0
2026-07-16 09:00:00+00:00,0.1898999959230423,0.19140000641345978,0.18790000677108765,0.188400000333786,360650,0.0,0.0
2026-07-16 10:00:00+00:00,0.188400000333786,0.18880000710487366,0.18639999628067017,0.18809999525547028,425196,0.0,0.0
2026-07-16 11:00:00+00:00,0.18809999525547028,0.18889999389648438,0.1858000010251999,0.18799999356269836,0,0.0,0.0
2026-07-16 12:00:00+00:00,0.18799999356269836,0.18979999423027039,0.18649999797344208,0.18809999525547028,18286,0.0,0.0
2026-07-16 13:00:00+00:00,0.1881999969482422,0.1898999959230423,0.18780000507831573,0.18870000541210175,0,0.0,0.0
2026-07-16 14:00:00+00:00,0.18870000541210175,0.18960000574588776,0.1860000044107437,0.1860000044107437,0,0.0,0.0
2026-07-16 15:00:00+00:00,0.18619999289512634,0.18709999322891235,0.18539999425411224,0.18629999458789825,0,0.0,0.0
2026-07-16 16:00:00+00:00,0.18639999628067017,0.18780000507831573,0.18569999933242798,0.1875,0,0.0,0.0
2026-07-16 17:00:00+00:00,0.1875,0.18790000677108765,0.1859000027179718,0.1859000027179718,0,0.0,0.0
2026-07-16 18:00:00+00:00,0.18629999458789825,0.1875,0.18479999899864197,0.18479999899864197,0,0.0,0.0
2026-07-16 19:00:00+00:00,0.18490000069141388,0.1858000010251999,0.18400000035762787,0.18469999730587006,377226,0.0,0.0
2026-07-16 20:00:00+00:00,0.18469999730587006,0.18539999425411224,0.18410000205039978,0.18459999561309814,0,0.0,0.0
2026-07-16 21:00:00+00:00,0.18459999561309814,0.1858000010251999,0.18410000205039978,0.1858000010251999,0,0.0,0.0
2026-07-16 22:00:00+00:00,0.1858000010251999,0.18770000338554382,0.1850000023841858,0.1851000040769577,0,0.0,0.0
2026-07-16 23:00:00+00:00,0.1851000040769577,0.18539999425411224,0.18389999866485596,0.18400000035762787,500210,0.0,0.0
2026-07-17 00:00:00+00:00,0.18389999866485596,0.18410000205039978,0.1817999929189682,0.18279999494552612,0,0.0,0.0
2026-07-17 01:00:00+00:00,0.1826000064611435,0.18289999663829803,0.17980000376701355,0.18019999563694,136678,0.0,0.0
2026-07-17 02:00:00+00:00,0.18000000715255737,0.18019999563694,0.17919999361038208,0.17949999868869781,0,0.0,0.0
2026-07-17 03:00:00+00:00,0.1793999969959259,0.18050000071525574,0.17910000681877136,0.17919999361038208,0,0.0,0.0
2026-07-17 04:00:00+00:00,0.17919999361038208,0.17919999361038208,0.17659999430179596,0.1776999980211258,0,0.0,0.0
2026-07-17 05:00:00+00:00,0.1776999980211258,0.179299995303154,0.17640000581741333,0.1768999993801117,0,0.0,0.0
2026-07-17 06:00:00+00:00,0.1768999993801117,0.1817999929189682,0.17679999768733978,0.1777999997138977,451654,0.0,0.0
2026-07-17 07:00:00+00:00,0.1777999997138977,0.17980000376701355,0.1777999997138977,0.17790000140666962,0,0.0,0.0
2026-07-17 08:00:00+00:00,0.17790000140666962,0.17980000376701355,0.17739999294281006,0.17890000343322754,0,0.0,0.0
2026-07-17 09:00:00+00:00,0.17890000343322754,0.17919999361038208,0.17800000309944153,0.1785999983549118,0,0.0,0.0
2026-07-17 10:00:00+00:00,0.17870000004768372,0.17890000343322754,0.17630000412464142,0.17649999260902405,0,0.0,0.0
2026-07-17 11:00:00+00:00,0.17649999260902405,0.17829999327659607,0.17640000581741333,0.1777999997138977,0,0.0,0.0
2026-07-17 12:00:00+00:00,0.1777999997138977,0.17990000545978546,0.1776999980211258,0.17900000512599945,0,0.0,0.0
2026-07-17 13:00:00+00:00,0.17890000343322754,0.18129999935626984,0.17739999294281006,0.1808999925851822,53854,0.0,0.0
2026-07-17 14:00:00+00:00,0.1808999925851822,0.1818999946117401,0.18060000240802765,0.18080000579357147,0,0.0,0.0
2026-07-17 15:00:00+00:00,0.18080000579357147,0.18199999630451202,0.17949999868869781,0.18129999935626984,240091,0.0,0.0
2026-07-17 16:00:00+00:00,0.18129999935626984,0.18809999525547028,0.18129999935626984,0.18389999866485596,1406420,0.0,0.0
2026-07-17 17:00:00+00:00,0.18400000035762787,0.1842000037431717,0.18240000307559967,0.18240000307559967,14521,0.0,0.0
2026-07-17 18:00:00+00:00,0.18240000307559967,0.18529999256134033,0.18209999799728394,0.18299999833106995,0,0.0,0.0
2026-07-17 19:00:00+00:00,0.18299999833106995,0.18449999392032623,0.1808999925851822,0.1842000037431717,0,0.0,0.0
2026-07-17 20:00:00+00:00,0.1842000037431717,0.18459999561309814,0.18219999969005585,0.18230000138282776,0,0.0,0.0
2026-07-17 21:00:00+00:00,0.18240000307559967,0.1867000013589859,0.18240000307559967,0.1859000027179718,89865,0.0,0.0
2026-07-17 22:00:00+00:00,0.1859000027179718,0.18709999322891235,0.18559999763965607,0.1860000044107437,15973,0.0,0.0
2026-07-17 23:00:00+00:00,0.18610000610351562,0.18690000474452972,0.1851000040769577,0.18649999797344208,0,0.0,0.0
2026-07-18 00:00:00+00:00,0.18649999797344208,0.186599999666214,0.18070000410079956,0.1808999925851822,521685,0.0,0.0
2026-07-18 01:00:00+00:00,0.1808999925851822,0.18219999969005585,0.17949999868869781,0.18019999563694,220570,0.0,0.0
2026-07-18 02:00:00+00:00,0.18029999732971191,0.18449999392032623,0.18000000715255737,0.1818999946117401,167017,0.0,0.0
2026-07-18 03:00:00+00:00,0.1818999946117401,0.18310000002384186,0.18150000274181366,0.18310000002384186,0,0.0,0.0
2026-07-18 04:00:00+00:00,0.18310000002384186,0.18400000035762787,0.1818999946117401,0.18299999833106995,0,0.0,0.0
2026-07-18 05:00:00+00:00,0.18299999833106995,0.18299999833106995,0.18000000715255737,0.18000000715255737,0,0.0,0.0
2026-07-18 06:00:00+00:00,0.18000000715255737,0.18050000071525574,0.17980000376701355,0.1800999939441681,0,0.0,0.0
2026-07-18 07:00:00+00:00,0.1800999939441681,0.18039999902248383,0.17900000512599945,0.17900000512599945,0,0.0,0.0
2026-07-18 08:00:00+00:00,0.17900000512599945,0.17960000038146973,0.17900000512599945,0.1793999969959259,0,0.0,0.0
2026-07-18 09:00:00+00:00,0.1793999969959259,0.18060000240802765,0.17910000681877136,0.17919999361038208,196770,0.0,0.0
2026-07-18 10:00:00+00:00,0.17919999361038208,0.17960000038146973,0.1777999997138977,0.1793999969959259,0,0.0,0.0
2026-07-18 11:00:00+00:00,0.1793999969959259,0.17970000207424164,0.17829999327659607,0.17839999496936798,0,0.0,0.0
2026-07-18 12:00:00+00:00,0.17839999496936798,0.17949999868869781,0.1770000010728836,0.17749999463558197,19738,0.0,0.0
2026-07-18 13:00:00+00:00,0.17739999294281006,0.17739999294281006,0.17659999430179596,0.17679999768733978,0,0.0,0.0
2026-07-18 14:00:00+00:00,0.17679999768733978,0.17810000479221344,0.17640000581741333,0.17659999430179596,31461,0.0,0.0
2026-07-18 15:00:00+00:00,0.17659999430179596,0.1768999993801117,0.17589999735355377,0.17659999430179596,0,0.0,0.0
2026-07-18 16:00:00+00:00,0.17659999430179596,0.17870000004768372,0.1762000024318695,0.17839999496936798,0,0.0,0.0
2026-07-18 17:00:00+00:00,0.17839999496936798,0.1784999966621399,0.17759999632835388,0.17759999632835388,0,0.0,0.0
2026-07-18 18:00:00+00:00,0.17759999632835388,0.17900000512599945,0.17730000615119934,0.17820000648498535,0,0.0,0.0
2026-07-18 19:00:00+00:00,0.17820000648498535,0.17870000004768372,0.17730000615119934,0.17759999632835388,0,0.0,0.0
2026-07-18 20:00:00+00:00,0.17759999632835388,0.17880000174045563,0.17749999463558197,0.1777999997138977,0,0.0,0.0
2026-07-18 21:00:00+00:00,0.1776999980211258,0.17810000479221344,0.17710000276565552,0.17800000309944153,0,0.0,0.0
2026-07-18 22:00:00+00:00,0.17800000309944153,0.1784999966621399,0.17710000276565552,0.17730000615119934,34792,0.0,0.0
2026-07-18 23:00:00+00:00,0.17730000615119934,0.1785999983549118,0.17730000615119934,0.17810000479221344,0,0.0,0.0
2026-07-19 00:00:00+00:00,0.17810000479221344,0.17910000681877136,0.17730000615119934,0.17749999463558197,0,0.0,0.0
2026-07-19 01:00:00+00:00,0.17749999463558197,0.17910000681877136,0.17730000615119934,0.1785999983549118,0,0.0,0.0
2026-07-19 02:00:00+00:00,0.1785999983549118,0.17919999361038208,0.17759999632835388,0.17839999496936798,0,0.0,0.0
2026-07-19 03:00:00+00:00,0.1777999997138977,0.179299995303154,0.17669999599456787,0.17890000343322754,42031,0.0,0.0
2026-07-19 04:00:00+00:00,0.17890000343322754,0.18359999358654022,0.17810000479221344,0.1834000051021576,634576,0.0,0.0
2026-07-19 05:00:00+00:00,0.1834000051021576,0.18490000069141388,0.18240000307559967,0.1835000067949295,373379,0.0,0.0
2026-07-19 06:00:00+00:00,0.18379999697208405,0.18449999392032623,0.18279999494552612,0.18310000002384186,96956,0.0,0.0
2026-07-19 07:00:00+00:00,0.18310000002384186,0.1842000037431717,0.18209999799728394,0.18330000340938568,159646,0.0,0.0
2026-07-19 08:00:00+00:00,0.18330000340938568,0.18400000035762787,0.1818999946117401,0.1826999932527542,108917,0.0,0.0
2026-07-19 09:00:00+00:00,0.1826999932527542,0.18369999527931213,0.18199999630451202,0.18209999799728394,0,0.0,0.0
2026-07-19 10:00:00+00:00,0.18209999799728394,0.1826000064611435,0.1817999929189682,0.1817999929189682,0,0.0,0.0
2026-07-19 11:00:00+00:00,0.1818999946117401,0.18330000340938568,0.1809999942779541,0.1809999942779541,366796,0.0,0.0
2026-07-19 12:00:00+00:00,0.1809999942779541,0.18230000138282776,0.18039999902248383,0.1817999929189682,0,0.0,0.0
2026-07-19 13:00:00+00:00,0.1817999929189682,0.1835000067949295,0.1809999942779541,0.18140000104904175,108729,0.0,0.0
2026-07-19 14:00:00+00:00,0.18140000104904175,0.18469999730587006,0.18140000104904175,0.18410000205039978,0,0.0,0.0
2026-07-19 15:00:00+00:00,0.18410000205039978,0.18529999256134033,0.18389999866485596,0.18400000035762787,23434,0.0,0.0
2026-07-19 16:00:00+00:00,0.18400000035762787,0.18410000205039978,0.18170000612735748,0.18199999630451202,0,0.0,0.0
2026-07-19 17:00:00+00:00,0.18199999630451202,0.18219999969005585,0.17970000207424164,0.17970000207424164,286292,0.0,0.0
2026-07-19 18:00:00+00:00,0.17960000038146973,0.17980000376701355,0.1785999983549118,0.17919999361038208,33106,0.0,0.0
2026-07-19 19:00:00+00:00,0.17919999361038208,0.1808999925851822,0.17910000681877136,0.1800999939441681,2294,0.0,0.0
2026-07-19 20:00:00+00:00,0.1800999939441681,0.18029999732971191,0.17890000343322754,0.17910000681877136,0,0.0,0.0
2026-07-19 21:00:00+00:00,0.17910000681877136,0.17949999868869781,0.17839999496936798,0.1784999966621399,0,0.0,0.0
2026-07-19 22:00:00+00:00,0.1784999966621399,0.18129999935626984,0.1784999966621399,0.17919999361038208,200469,0.0,0.0
2026-07-19 23:00:00+00:00,0.17919999361038208,0.18060000240802765,0.1785999983549118,0.18060000240802765,625,0.0,0.0
2026-07-20 00:00:00+00:00,0.18029999732971191,0.1817999929189682,0.179299995303154,0.179299995303154,0,0.0,0.0
2026-07-20 01:00:00+00:00,0.17960000038146973,0.18119999766349792,0.17880000174045563,0.17900000512599945,169146,0.0,0.0
2026-07-20 02:00:00+00:00,0.17900000512599945,0.18070000410079956,0.17890000343322754,0.18029999732971191,0,0.0,0.0
2026-07-20 03:00:00+00:00,0.18039999902248383,0.1809999942779541,0.17960000038146973,0.18039999902248383,0,0.0,0.0
2026-07-20 04:00:00+00:00,0.18039999902248383,0.18209999799728394,0.1800999939441681,0.18150000274181366,0,0.0,0.0
2026-07-20 05:00:00+00:00,0.18150000274181366,0.18160000443458557,0.17960000038146973,0.18039999902248383,0,0.0,0.0
2026-07-20 06:00:00+00:00,0.18039999902248383,0.18060000240802765,0.17880000174045563,0.18019999563694,0,0.0,0.0
2026-07-20 07:00:00+00:00,0.1800999939441681,0.18029999732971191,0.17919999361038208,0.17960000038146973,0,0.0,0.0
2026-07-20 08:00:00+00:00,0.17960000038146973,0.18230000138282776,0.179299995303154,0.1809999942779541,117826,0.0,0.0
2026-07-20 09:00:00+00:00,0.1809999942779541,0.1826999932527542,0.18039999902248383,0.18140000104904175,403671,0.0,0.0
2026-07-20 10:00:00+00:00,0.18140000104904175,0.18140000104904175,0.17980000376701355,0.18050000071525574,48958,0.0,0.0
2026-07-20 11:00:00+00:00,0.18039999902248383,0.18039999902248383,0.1793999969959259,0.18000000715255737,0,0.0,0.0
2026-07-20 12:00:00+00:00,0.18000000715255737,0.18140000104904175,0.17900000512599945,0.18080000579357147,209888,0.0,0.0
2026-07-20 13:00:00+00:00,0.18080000579357147,0.18170000612735748,0.17800000309944153,0.17800000309944153,206432,0.0,0.0
2026-07-20 14:00:00+00:00,0.17800000309944153,0.17980000376701355,0.17749999463558197,0.17880000174045563,107674,0.0,0.0
2026-07-20 15:00:00+00:00,0.17890000343322754,0.1809999942779541,0.1785999983549118,0.18050000071525574,382421,0.0,0.0
2026-07-20 16:00:00+00:00,0.18050000071525574,0.1817999929189682,0.17970000207424164,0.18150000274181366,374863,0.0,0.0
2026-07-20 17:00:00+00:00,0.18150000274181366,0.1842000037431717,0.181099995970726,0.18400000035762787,0,0.0,0.0
2026-07-20 18:00:00+00:00,0.18410000205039978,0.18619999289512634,0.18389999866485596,0.18520000576972961,119852,0.0,0.0
2026-07-20 19:00:00+00:00,0.18529999256134033,0.18889999389648438,0.18440000712871552,0.18790000677108765,701368,0.0,0.0
2026-07-20 20:00:00+00:00,0.1882999986410141,0.19110000133514404,0.18799999356269836,0.19030000269412994,485367,0.0,0.0
2026-07-20 21:00:00+00:00,0.1899999976158142,0.19099999964237213,0.18729999661445618,0.1873999983072281,0,0.0,0.0
2026-07-20 22:00:00+00:00,0.1873999983072281,0.18780000507831573,0.18559999763965607,0.1860000044107437,56245,0.0,0.0
2026-07-20 23:00:00+00:00,0.1860000044107437,0.19009999930858612,0.1860000044107437,0.18850000202655792,97851,0.0,0.0
2026-07-21 00:00:00+00:00,0.18850000202655792,0.1898999959230423,0.1882999986410141,0.18970000743865967,0,0.0,0.0
2026-07-21 01:00:00+00:00,0.18970000743865967,0.19140000641345978,0.1891999989748001,0.18930000066757202,298167,0.0,0.0
2026-07-21 02:00:00+00:00,0.18930000066757202,0.18930000066757202,0.18649999797344208,0.18790000677108765,190298,0.0,0.0
2026-07-21 03:00:00+00:00,0.1881999969482422,0.188400000333786,0.1868000030517578,0.1876000016927719,96416,0.0,0.0
2026-07-21 04:00:00+00:00,0.1876000016927719,0.1876000016927719,0.18639999628067017,0.18639999628067017,131933,0.0,0.0
2026-07-21 05:00:00+00:00,0.18639999628067017,0.18690000474452972,0.18639999628067017,0.1867000013589859,0,0.0,0.0
2026-07-21 06:00:00+00:00,0.1867000013589859,0.18700000643730164,0.18549999594688416,0.18629999458789825,424973,0.0,0.0
2026-07-21 07:00:00+00:00,0.18629999458789825,0.18700000643730164,0.18539999425411224,0.186599999666214,506633,0.0,0.0
2026-07-21 08:00:00+00:00,0.186599999666214,0.18930000066757202,0.18629999458789825,0.1890999972820282,318139,0.0,0.0
2026-07-21 09:00:00+00:00,0.1890999972820282,0.1906999945640564,0.18780000507831573,0.188400000333786,560902,0.0,0.0
2026-07-21 10:00:00+00:00,0.188400000333786,0.18940000236034393,0.18770000338554382,0.18860000371932983,41358,0.0,0.0
2026-07-21 11:00:00+00:00,0.18860000371932983,0.18860000371932983,0.1867000013589859,0.1868000030517578,47360,0.0,0.0
2026-07-21 12:00:00+00:00,0.18690000474452972,0.18950000405311584,0.18649999797344208,0.18700000643730164,176031,0.0,0.0
2026-07-21 13:00:00+00:00,0.18700000643730164,0.19059999287128448,0.1867000013589859,0.19050000607967377,658335,0.0,0.0
2026-07-21 14:00:00+00:00,0.19050000607967377,0.19349999725818634,0.18970000743865967,0.19200000166893005,957932,0.0,0.0
2026-07-21 15:00:00+00:00,0.19220000505447388,0.19349999725818634,0.19040000438690186,0.1906999945640564,102314,0.0,0.0
2026-07-21 16:00:00+00:00,0.1906999945640564,0.1907999962568283,0.18870000541210175,0.18940000236034393,0,0.0,0.0
2026-07-21 17:00:00+00:00,0.18940000236034393,0.1898999959230423,0.186599999666214,0.1868000030517578,310685,0.0,0.0
2026-07-21 18:00:00+00:00,0.18709999322891235,0.1873999983072281,0.18629999458789825,0.186599999666214,0,0.0,0.0
2026-07-21 19:00:00+00:00,0.186599999666214,0.1867000013589859,0.18559999763965607,0.18559999763965607,0,0.0,0.0
2026-07-21 20:00:00+00:00,0.18559999763965607,0.18569999933242798,0.18369999527931213,0.18400000035762787,0,0.0,0.0
2026-07-21 21:00:00+00:00,0.18400000035762787,0.1850000023841858,0.18359999358654022,0.1842000037431717,0,0.0,0.0
2026-07-21 22:00:00+00:00,0.1842000037431717,0.18449999392032623,0.1826000064611435,0.18279999494552612,302079,0.0,0.0
2026-07-21 23:00:00+00:00,0.18279999494552612,0.18320000171661377,0.18219999969005585,0.18320000171661377,0,0.0,0.0
2026-07-22 00:00:00+00:00,0.18299999833106995,0.1843000054359436,0.1826999932527542,0.18410000205039978,137695,0.0,0.0
2026-07-22 01:00:00+00:00,0.18410000205039978,0.18410000205039978,0.1817999929189682,0.18230000138282776,0,0.0,0.0
2026-07-22 02:00:00+00:00,0.18230000138282776,0.18250000476837158,0.17990000545978546,0.18050000071525574,660483,0.0,0.0
2026-07-22 03:00:00+00:00,0.18050000071525574,0.1808999925851822,0.1800999939441681,0.18019999563694,0,0.0,0.0
2026-07-22 04:00:00+00:00,0.18039999902248383,0.18119999766349792,0.1800999939441681,0.18070000410079956,0,0.0,0.0
2026-07-22 05:00:00+00:00,0.18070000410079956,0.18150000274181366,0.18060000240802765,0.18080000579357147,0,0.0,0.0
2026-07-22 06:00:00+00:00,0.18080000579357147,0.18160000443458557,0.18039999902248383,0.18080000579357147,0,0.0,0.0
2026-07-22 07:00:00+00:00,0.18080000579357147,0.181099995970726,0.179299995303154,0.18000000715255737,0,0.0,0.0
2026-07-22 08:00:00+00:00,0.18000000715255737,0.18060000240802765,0.18000000715255737,0.18060000240802765,0,0.0,0.0
2026-07-22 09:00:00+00:00,0.18060000240802765,0.18160000443458557,0.18050000071525574,0.181099995970726,0,0.0,0.0
2026-07-22 10:00:00+00:00,0.181099995970726,0.1826999932527542,0.1809999942779541,0.1817999929189682,0,0.0,0.0
2026-07-22 11:00:00+00:00,0.1817999929189682,0.18289999663829803,0.18060000240802765,0.18070000410079956,150410,0.0,0.0
2026-07-22 12:00:00+00:00,0.18070000410079956,0.1826000064611435,0.17990000545978546,0.18230000138282776,0,0.0,0.0
2026-07-22 13:00:00+00:00,0.18209999799728394,0.18310000002384186,0.18080000579357147,0.1817999929189682,0,0.0,0.0
2026-07-22 14:00:00+00:00,0.18160000443458557,0.1817999929189682,0.17980000376701355,0.1800999939441681,0,0.0,0.0
2026-07-22 15:00:00+00:00,0.18019999563694,0.18150000274181366,0.17980000376701355,0.17990000545978546,0,0.0,0.0
2026-07-22 16:00:00+00:00,0.17990000545978546,0.18119999766349792,0.17980000376701355,0.1809999942779541,0,0.0,0.0
2026-07-22 17:00:00+00:00,0.18070000410079956,0.18160000443458557,0.17919999361038208,0.18039999902248383,0,0.0,0.0
2026-07-22 18:00:00+00:00,0.18050000071525574,0.1808999925851822,0.179299995303154,0.18060000240802765,0,0.0,0.0
2026-07-22 19:00:00+00:00,0.18060000240802765,0.18060000240802765,0.179299995303154,0.17949999868869781,0,0.0,0.0
2026-07-22 20:00:00+00:00,0.17970000207424164,0.18050000071525574,0.17839999496936798,0.18029999732971191,0,0.0,0.0
2026-07-22 21:00:00+00:00,0.18029999732971191,0.1818999946117401,0.17910000681877136,0.18000000715255737,107225,0.0,0.0
2026-07-22 22:00:00+00:00,0.18019999563694,0.18140000104904175,0.17960000038146973,0.18129999935626984,0,0.0,0.0
2026-07-22 23:00:00+00:00,0.18140000104904175,0.18140000104904175,0.17949999868869781,0.18039999902248383,176283,0.0,0.0
2026-07-23 00:00:00+00:00,0.18039999902248383,0.18250000476837158,0.1800999939441681,0.18080000579357147,0,0.0,0.0
2026-07-23 01:00:00+00:00,0.18080000579357147,0.1809999942779541,0.17960000038146973,0.18000000715255737,53424,0.0,0.0
2026-07-23 02:00:00+00:00,0.18000000715255737,0.1800999939441681,0.1785999983549118,0.1793999969959259,0,0.0,0.0
2026-07-23 03:00:00+00:00,0.17919999361038208,0.18019999563694,0.1785999983549118,0.1793999969959259,9101,0.0,0.0
2026-07-23 04:00:00+00:00,0.1793999969959259,0.17990000545978546,0.17890000343322754,0.17900000512599945,29000,0.0,0.0
2026-07-23 05:00:00+00:00,0.17900000512599945,0.17970000207424164,0.1785999983549118,0.1785999983549118,0,0.0,0.0
2026-07-23 06:00:00+00:00,0.1785999983549118,0.17960000038146973,0.1776999980211258,0.17960000038146973,81145,0.0,0.0
2026-07-23 07:00:00+00:00,0.17960000038146973,0.17970000207424164,0.17880000174045563,0.17900000512599945,0,0.0,0.0
2026-07-23 08:00:00+00:00,0.17900000512599945,0.18060000240802765,0.1785999983549118,0.18019999563694,0,0.0,0.0
2026-07-23 09:00:00+00:00,0.18019999563694,0.18060000240802765,0.17980000376701355,0.18029999732971191,0,0.0,0.0
2026-07-23 10:00:00+00:00,0.18029999732971191,0.1809999942779541,0.17990000545978546,0.17990000545978546,0,0.0,0.0
2026-07-23 11:00:00+00:00,0.17990000545978546,0.18019999563694,0.17910000681877136,0.17919999361038208,0,0.0,0.0
2026-07-23 12:00:00+00:00,0.17910000681877136,0.181099995970726,0.1784999966621399,0.17910000681877136,0,0.0,0.0
2026-07-23 13:00:00+00:00,0.17910000681877136,0.1800999939441681,0.17839999496936798,0.17949999868869781,0,0.0,0.0
2026-07-23 14:00:00+00:00,0.17949999868869781,0.18070000410079956,0.17900000512599945,0.17900000512599945,0,0.0,0.0
2026-07-23 15:00:00+00:00,0.17880000174045563,0.18029999732971191,0.1785999983549118,0.18029999732971191,70127,0.0,0.0
2026-07-23 16:00:00+00:00,0.18029999732971191,0.181099995970726,0.17980000376701355,0.1800999939441681,0,0.0,0.0
2026-07-23 17:00:00+00:00,0.1800999939441681,0.18219999969005585,0.17990000545978546,0.18170000612735748,133255,0.0,0.0
2026-07-23 18:00:00+00:00,0.1817999929189682,0.18330000340938568,0.17800000309944153,0.17820000648498535,794542,0.0,0.0
2026-07-23 19:00:00+00:00,0.17810000479221344,0.18019999563694,0.1776999980211258,0.18019999563694,263100,0.0,0.0
2026-07-23 20:00:00+00:00,0.18019999563694,0.18150000274181366,0.17970000207424164,0.17980000376701355,0,0.0,0.0
2026-07-23 21:00:00+00:00,0.17980000376701355,0.17990000545978546,0.1777999997138977,0.1784999966621399,0,0.0,0.0
2026-07-23 22:00:00+00:00,0.1784999966621399,0.1784999966621399,0.17669999599456787,0.17759999632835388,110256,0.0,0.0
2026-07-23 23:00:00+00:00,0.17759999632835388,0.17829999327659607,0.17720000445842743,0.17749999463558197,254120,0.0,0.0
2026-07-24 00:00:00+00:00,0.17749999463558197,0.17870000004768372,0.17669999599456787,0.17870000004768372,0,0.0,0.0
2026-07-24 01:00:00+00:00,0.17870000004768372,0.18080000579357147,0.17790000140666962,0.17970000207424164,234371,0.0,0.0
2026-07-24 02:00:00+00:00,0.17970000207424164,0.18060000240802765,0.17900000512599945,0.17900000512599945,47670,0.0,0.0
2026-07-24 03:00:00+00:00,0.17910000681877136,0.1800999939441681,0.17910000681877136,0.17990000545978546,0,0.0,0.0
2026-07-24 04:00:00+00:00,0.18000000715255737,0.18000000715255737,0.17829999327659607,0.1785999983549118,60701,0.0,0.0
2026-07-24 05:00:00+00:00,0.1785999983549118,0.1785999983549118,0.17759999632835388,0.17759999632835388,10935,0.0,0.0
2026-07-24 06:00:00+00:00,0.17759999632835388,0.1784999966621399,0.17749999463558197,0.17829999327659607,0,0.0,0.0
2026-07-24 07:00:00+00:00,0.17839999496936798,0.17919999361038208,0.1776999980211258,0.1776999980211258,147637,0.0,0.0
2026-07-24 08:00:00+00:00,0.1776999980211258,0.17810000479221344,0.17759999632835388,0.17759999632835388,0,0.0,0.0
2026-07-24 09:00:00+00:00,0.17759999632835388,0.17910000681877136,0.17640000581741333,0.17890000343322754,239357,0.0,0.0
2026-07-24 10:00:00+00:00,0.17890000343322754,0.17890000343322754,0.1762000024318695,0.1770000010728836,230565,0.0,0.0
2026-07-24 11:00:00+00:00,0.1770000010728836,0.17710000276565552,0.1753000020980835,0.17589999735355377,0,0.0,0.0
2026-07-24 12:00:00+00:00,0.17589999735355377,0.17630000412464142,0.1728000044822693,0.1729000061750412,143229,0.0,0.0
2026-07-24 13:00:00+00:00,0.1728000044822693,0.17560000717639923,0.1728000044822693,0.17499999701976776,340367,0.0,0.0
2026-07-24 14:00:00+00:00,0.17509999871253967,0.1754000037908554,0.17219999432563782,0.1736000031232834,552884,0.0,0.0
2026-07-24 15:00:00+00:00,0.17350000143051147,0.1738000065088272,0.17170000076293945,0.17180000245571136,1630,0.0,0.0
2026-07-24 16:00:00+00:00,0.17180000245571136,0.17260000109672546,0.17069999873638153,0.17100000381469727,0,0.0,0.0
2026-07-24 17:00:00+00:00,0.17100000381469727,0.17270000278949738,0.17080000042915344,0.17180000245571136,130353,0.0,0.0
2026-07-24 18:00:00+00:00,0.17180000245571136,0.17180000245571136,0.1704999953508377,0.17110000550746918,0,0.0,0.0
2026-07-24 19:00:00+00:00,0.17110000550746918,0.17110000550746918,0.17069999873638153,0.17100000381469727,0,0.0,0.0
2026-07-24 20:00:00+00:00,0.17100000381469727,0.17139999568462372,0.17080000042915344,0.17090000212192535,0,0.0,0.0
2026-07-24 21:00:00+00:00,0.17090000212192535,0.17100000381469727,0.17059999704360962,0.17090000212192535,0,0.0,0.0
2026-07-24 22:00:00+00:00,0.17090000212192535,0.1729000061750412,0.17090000212192535,0.17229999601840973,65033,0.0,0.0
2026-07-24 23:00:00+00:00,0.17229999601840973,0.17239999771118164,0.17190000414848328,0.17239999771118164,0,0.0,0.0
2026-07-25 00:00:00+00:00,0.17239999771118164,0.17339999973773956,0.17110000550746918,0.17229999601840973,0,0.0,0.0
2026-07-25 01:00:00+00:00,0.17229999601840973,0.1728000044822693,0.1712999939918518,0.17229999601840973,0,0.0,0.0
2026-07-25 02:00:00+00:00,0.17229999601840973,0.1737000048160553,0.17180000245571136,0.17270000278949738,294846,0.0,0.0
2026-07-25 03:00:00+00:00,0.1728000044822693,0.17339999973773956,0.17170000076293945,0.17329999804496765,0,0.0,0.0
2026-07-25 04:00:00+00:00,0.17329999804496765,0.1745000034570694,0.1728000044822693,0.17419999837875366,208218,0.0,0.0
2026-07-25 05:00:00+00:00,0.17419999837875366,0.17479999363422394,0.17419999837875366,0.17440000176429749,1602,0.0,0.0
2026-07-25 06:00:00+00:00,0.17440000176429749,0.17489999532699585,0.17399999499320984,0.17409999668598175,1081,0.0,0.0
2026-07-25 07:00:00+00:00,0.17409999668598175,0.17550000548362732,0.1737000048160553,0.1737000048160553,35483,0.0,0.0
2026-07-25 08:00:00+00:00,0.1737000048160553,0.17509999871253967,0.17339999973773956,0.17339999973773956,0,0.0,0.0
2026-07-25 09:00:00+00:00,0.17339999973773956,0.17339999973773956,0.17229999601840973,0.17229999601840973,0,0.0,0.0
2026-07-25 10:00:00+00:00,0.17229999601840973,0.1728000044822693,0.1720999926328659,0.17270000278949738,0,0.0,0.0
2026-07-25 11:00:00+00:00,0.17270000278949738,0.17319999635219574,0.1720999926328659,0.17260000109672546,254,0.0,0.0
2026-07-25 12:00:00+00:00,0.17249999940395355,0.17399999499320984,0.1720999926328659,0.17249999940395355,0,0.0,0.0
2026-07-25 13:00:00+00:00,0.17239999771118164,0.17470000684261322,0.17180000245571136,0.1737000048160553,0,0.0,0.0
2026-07-25 14:00:00+00:00,0.1737000048160553,0.1738000065088272,0.1729000061750412,0.17319999635219574,0,0.0,0.0
2026-07-25 15:00:00+00:00,0.17319999635219574,0.1738000065088272,0.17219999432563782,0.17249999940395355,0,0.0,0.0
2026-07-25 16:00:00+00:00,0.17249999940395355,0.1728000044822693,0.17100000381469727,0.1712999939918518,0,0.0,0.0
2026-07-25 17:00:00+00:00,0.17149999737739563,0.17219999432563782,0.17139999568462372,0.17180000245571136,0,0.0,0.0
2026-07-25 18:00:00+00:00,0.17180000245571136,0.17319999635219574,0.17180000245571136,0.17219999432563782,0,0.0,0.0
2026-07-25 19:00:00+00:00,0.17219999432563782,0.17270000278949738,0.17149999737739563,0.17149999737739563,90182,0.0,0.0
2026-07-25 20:00:00+00:00,0.17149999737739563,0.17159999907016754,0.17100000381469727,0.1712999939918518,32093,0.0,0.0
2026-07-25 21:00:00+00:00,0.1712999939918518,0.17159999907016754,0.17100000381469727,0.17100000381469727,12814,0.0,0.0
2026-07-25 22:00:00+00:00,0.17100000381469727,0.1712999939918518,0.17080000042915344,0.1712000072002411,0,0.0,0.0
2026-07-25 23:00:00+00:00,0.1712000072002411,0.17149999737739563,0.17090000212192535,0.17100000381469727,40615,0.0,0.0
2026-07-26 00:00:00+00:00,0.17100000381469727,0.17149999737739563,0.1703999936580658,0.17059999704360962,0,0.0,0.0
2026-07-26 01:00:00+00:00,0.17059999704360962,0.17159999907016754,0.17059999704360962,0.17110000550746918,0,0.0,0.0
2026-07-26 02:00:00+00:00,0.17110000550746918,0.17139999568462372,0.17069999873638153,0.1712999939918518,0,0.0,0.0
2026-07-26 03:00:00+00:00,0.1712999939918518,0.17180000245571136,0.17110000550746918,0.17170000076293945,0,0.0,0.0
2026-07-26 04:00:00+00:00,0.17170000076293945,0.1720999926328659,0.1712000072002411,0.1720999926328659,0,0.0,0.0
2026-07-26 05:00:00+00:00,0.1720999926328659,0.17239999771118164,0.17159999907016754,0.17229999601840973,161260,0.0,0.0
2026-07-26 06:00:00+00:00,0.17229999601840973,0.1728000044822693,0.17139999568462372,0.17239999771118164,0,0.0,0.0
2026-07-26 07:00:00+00:00,0.17239999771118164,0.17440000176429749,0.1720000058412552,0.17339999973773956,2309,0.0,0.0
2026-07-26 08:00:00+00:00,0.17299999296665192,0.17299999296665192,0.17139999568462372,0.17180000245571136,339968,0.0,0.0
2026-07-26 09:00:00+00:00,0.17180000245571136,0.17229999601840973,0.1712999939918518,0.17170000076293945,0,0.0,0.0
2026-07-26 10:00:00+00:00,0.17170000076293945,0.1720999926328659,0.17110000550746918,0.17149999737739563,155714,0.0,0.0
2026-07-26 11:00:00+00:00,0.17149999737739563,0.17190000414848328,0.17080000042915344,0.17080000042915344,0,0.0,0.0
2026-07-26 12:00:00+00:00,0.17080000042915344,0.17229999601840973,0.17080000042915344,0.17180000245571136,0,0.0,0.0
2026-07-26 13:00:00+00:00,0.17180000245571136,0.1720999926328659,0.1712999939918518,0.17139999568462372,0,0.0,0.0
2026-07-26 14:00:00+00:00,0.17139999568462372,0.17170000076293945,0.17090000212192535,0.17090000212192535,98001,0.0,0.0
2026-07-26 15:00:00+00:00,0.17090000212192535,0.17249999940395355,0.17090000212192535,0.17190000414848328,54777,0.0,0.0
2026-07-26 16:00:00+00:00,0.17190000414848328,0.17260000109672546,0.17159999907016754,0.1720999926328659,62622,0.0,0.0
2026-07-26 17:00:00+00:00,0.1720999926328659,0.17239999771118164,0.17190000414848328,0.17219999432563782,0,0.0,0.0
2026-07-26 18:00:00+00:00,0.17219999432563782,0.17219999432563782,0.17159999907016754,0.17159999907016754,0,0.0,0.0
2026-07-26 19:00:00+00:00,0.17159999907016754,0.17190000414848328,0.17139999568462372,0.17159999907016754,0,0.0,0.0
2026-07-26 20:00:00+00:00,0.17159999907016754,0.17190000414848328,0.17090000212192535,0.1712999939918518,78567,0.0,0.0
2026-07-26 21:00:00+00:00,0.1712999939918518,0.17239999771118164,0.1712999939918518,0.1720999926328659,25395,0.0,0.0
2026-07-26 22:00:00+00:00,0.17249999940395355,0.17399999499320984,0.17249999940395355,0.1738000065088272,155636,0.0,0.0
2026-07-26 23:00:00+00:00,0.1738000065088272,0.17479999363422394,0.1736000031232834,0.17419999837875366,48942,0.0,0.0
2026-07-27 00:00:00+00:00,0.17419999837875366,0.1745000034570694,0.17329999804496765,0.17329999804496765,25269,0.0,0.0
2026-07-27 01:00:00+00:00,0.17329999804496765,0.1738000065088272,0.1729000061750412,0.17350000143051147,24170,0.0,0.0
2026-07-27 02:00:00+00:00,0.1738000065088272,0.17430000007152557,0.17329999804496765,0.17419999837875366,0,0.0,0.0
2026-07-27 03:00:00+00:00,0.17419999837875366,0.17419999837875366,0.17090000212192535,0.1720999926328659,605510,0.0,0.0
2026-07-27 04:00:00+00:00,0.1720999926328659,0.17229999601840973,0.17139999568462372,0.17190000414848328,177474,0.0,0.0
2026-07-27 05:00:00+00:00,0.17190000414848328,0.17239999771118164,0.17149999737739563,0.17239999771118164,28993,0.0,0.0
2026-07-27 06:00:00+00:00,0.17239999771118164,0.17309999465942383,0.17170000076293945,0.1720000058412552,309547,0.0,0.0
2026-07-27 07:00:00+00:00,0.1720999926328659,0.17229999601840973,0.1712000072002411,0.1712000072002411,0,0.0,0.0
2026-07-27 08:00:00+00:00,0.1712000072002411,0.17430000007152557,0.17110000550746918,0.17229999601840973,30421,0.0,0.0
2026-07-27 09:00:00+00:00,0.1720000058412552,0.1746000051498413,0.1720000058412552,0.17399999499320984,0,0.0,0.0
2026-07-27 10:00:00+00:00,0.17399999499320984,0.17419999837875366,0.17299999296665192,0.17339999973773956,0,0.0,0.0
2026-07-27 11:00:00+00:00,0.17339999973773956,0.17339999973773956,0.17190000414848328,0.17219999432563782,0,0.0,0.0
2026-07-27 12:00:00+00:00,0.17219999432563782,0.17329999804496765,0.17149999737739563,0.1720000058412552,313473,0.0,0.0
2026-07-27 13:00:00+00:00,0.1720000058412552,0.17409999668598175,0.17190000414848328,0.1738000065088272,0,0.0,0.0
2026-07-27 14:00:00+00:00,0.1737000048160553,0.17430000007152557,0.17030000686645508,0.17149999737739563,608706,0.0,0.0
2026-07-27 15:00:00+00:00,0.17139999568462372,0.17159999907016754,0.16949999332427979,0.16979999840259552,28484,0.0,0.0
2026-07-27 16:00:00+00:00,0.16979999840259552,0.17059999704360962,0.16940000653266907,0.17020000517368317,126584,0.0,0.0
2026-07-27 17:00:00+00:00,0.17020000517368317,0.17249999940395355,0.16990000009536743,0.17069999873638153,194356,0.0,0.0
2026-07-27 18:00:00+00:00,0.17069999873638153,0.17080000042915344,0.16930000483989716,0.16979999840259552,183379,0.0,0.0
2026-07-27 19:00:00+00:00,0.16979999840259552,0.17030000686645508,0.1695999950170517,0.17020000517368317,148345,0.0,0.0
2026-07-27 20:00:00+00:00,0.17020000517368317,0.17020000517368317,0.16920000314712524,0.1696999967098236,0,0.0,0.0
2026-07-27 21:00:00+00:00,0.1696999967098236,0.16990000009536743,0.16940000653266907,0.16940000653266907,109823,0.0,0.0
2026-07-27 22:00:00+00:00,0.16940000653266907,0.17069999873638153,0.1648000031709671,0.16519999504089355,139411,0.0,0.0
2026-07-27 23:00:00+00:00,0.164900004863739,0.1671999990940094,0.16439999639987946,0.1671999990940094,151237,0.0,0.0
2026-07-28 00:00:00+00:00,0.1671999990940094,0.16859999299049377,0.16699999570846558,0.1680999994277954,144496,0.0,0.0
2026-07-28 01:00:00+00:00,0.16830000281333923,0.16850000619888306,0.16580000519752502,0.16689999401569366,176297,0.0,0.0
2026-07-28 02:00:00+00:00,0.16689999401569366,0.16910000145435333,0.16689999401569366,0.1688999980688095,89394,0.0,0.0
2026-07-28 03:00:00+00:00,0.1688999980688095,0.16910000145435333,0.16850000619888306,0.1688999980688095,0,0.0,0.0
2026-07-28 04:00:00+00:00,0.1687999963760376,0.16949999332427979,0.16699999570846558,0.16779999434947968,0,0.0,0.0
2026-07-28 05:00:00+00:00,0.16769999265670776,0.16820000112056732,0.1662999987602234,0.16660000383853912,2767,0.0,0.0
2026-07-28 06:00:00+00:00,0.16660000383853912,0.16699999570846558,0.16599999368190765,0.16699999570846558,0,0.0,0.0
2026-07-28 07:00:00+00:00,0.16699999570846558,0.1673000007867813,0.16580000519752502,0.16609999537467957,0,0.0,0.0
2026-07-28 08:00:00+00:00,0.1664000004529953,0.16990000009536743,0.16619999706745148,0.16990000009536743,0,0.0,0.0
2026-07-28 09:00:00+00:00,0.17030000686645508,0.1712000072002411,0.16850000619888306,0.16850000619888306,378622,0.0,0.0
2026-07-28 10:00:00+00:00,0.16850000619888306,0.16920000314712524,0.1678999960422516,0.1678999960422516,0,0.0,0.0
2026-07-28 11:00:00+00:00,0.1678999960422516,0.16820000112056732,0.16670000553131104,0.16670000553131104,103609,0.0,0.0
2026-07-28 12:00:00+00:00,0.16689999401569366,0.1670999974012375,0.1665000021457672,0.16660000383853912,0,0.0,0.0
2026-07-28 13:00:00+00:00,0.16660000383853912,0.16670000553131104,0.16419999301433563,0.16519999504089355,234530,0.0,0.0
2026-07-28 14:00:00+00:00,0.16519999504089355,0.16590000689029694,0.16439999639987946,0.1655000001192093,0,0.0,0.0
2026-07-28 15:00:00+00:00,0.16539999842643738,0.16699999570846558,0.16509999334812164,0.16599999368190765,53050,0.0,0.0
2026-07-28 16:00:00+00:00,0.16599999368190765,0.1662999987602234,0.1657000035047531,0.16580000519752502,0,0.0,0.0
2026-07-28 17:00:00+00:00,0.1657000035047531,0.16680000722408295,0.1647000014781952,0.1665000021457672,0,0.0,0.0
2026-07-28 18:00:00+00:00,0.1665000021457672,0.1671999990940094,0.1662999987602234,0.1664000004529953,0,0.0,0.0
2026-07-28 19:00:00+00:00,0.1664000004529953,0.16689999401569366,0.1655000001192093,0.16599999368190765,76983,0.0,0.0
2026-07-28 20:00:00+00:00,0.16599999368190765,0.1665000021457672,0.1655000001192093,0.1656000018119812,57364,0.0,0.0
2026-07-28 21:00:00+00:00,0.1656000018119812,0.1662999987602234,0.16539999842643738,0.16619999706745148,32397,0.0,0.0
2026-07-28 22:00:00+00:00,0.16619999706745148,0.1670999974012375,0.16580000519752502,0.1665000021457672,0,0.0,0.0
2026-07-28 23:00:00+00:00,0.1665000021457672,0.1670999974012375,0.16500000655651093,0.16689999401569366,734,0.0,0.0
2026-07-29 00:00:00+00:00,0.16689999401569366,0.16760000586509705,0.1664000004529953,0.16689999401569366,12551,0.0,0.0
2026-07-29 01:00:00+00:00,0.16689999401569366,0.16689999401569366,0.16410000622272491,0.16439999639987946,0,0.0,0.0
2026-07-29 02:00:00+00:00,0.16439999639987946,0.16750000417232513,0.16429999470710754,0.16699999570846558,460778,0.0,0.0
2026-07-29 03:00:00+00:00,0.16699999570846558,0.16699999570846558,0.164000004529953,0.16410000622272491,62049,0.0,0.0
2026-07-29 04:00:00+00:00,0.16339999437332153,0.16380000114440918,0.16189999878406525,0.16290000081062317,325515,0.0,0.0
2026-07-29 05:00:00+00:00,0.16290000081062317,0.16339999437332153,0.16249999403953552,0.163100004196167,223748,0.0,0.0
2026-07-29 06:00:00+00:00,0.163100004196167,0.16509999334812164,0.16290000081062317,0.16419999301433563,49686,0.0,0.0
2026-07-29 07:00:00+00:00,0.16419999301433563,0.16590000689029694,0.16419999301433563,0.16580000519752502,17610,0.0,0.0
2026-07-29 08:00:00+00:00,0.16580000519752502,0.16580000519752502,0.16449999809265137,0.1657000035047531,0,0.0,0.0
2026-07-29 09:00:00+00:00,0.16580000519752502,0.16830000281333923,0.16580000519752502,0.16820000112056732,0,0.0,0.0
2026-07-29 10:00:00+00:00,0.16820000112056732,0.17069999873638153,0.16779999434947968,0.17020000517368317,48581,0.0,0.0
2026-07-29 11:00:00+00:00,0.17020000517368317,0.17069999873638153,0.16930000483989716,0.17010000348091125,181982,0.0,0.0
2026-07-29 12:00:00+00:00,0.17020000517368317,0.17069999873638153,0.1680999994277954,0.16820000112056732,0,0.0,0.0
2026-07-29 13:00:00+00:00,0.16820000112056732,0.16899999976158142,0.1655000001192093,0.16590000689029694,155908,0.0,0.0
2026-07-29 14:00:00+00:00,0.16580000519752502,0.16680000722408295,0.16279999911785126,0.163100004196167,387212,0.0,0.0
2026-07-29 15:00:00+00:00,0.16329999268054962,0.1639000028371811,0.16259999573230743,0.1639000028371811,0,0.0,0.0
2026-07-29 16:00:00+00:00,0.164000004529953,0.16990000009536743,0.164000004529953,0.1696999967098236,417185,0.0,0.0
2026-07-29 17:00:00+00:00,0.16979999840259552,0.17080000042915344,0.16750000417232513,0.16869999468326569,532366,0.0,0.0
2026-07-29 18:00:00+00:00,0.16930000483989716,0.1695999950170517,0.1673000007867813,0.16899999976158142,288581,0.0,0.0
2026-07-29 19:00:00+00:00,0.16899999976158142,0.16910000145435333,0.16680000722408295,0.16689999401569366,0,0.0,0.0
2026-07-29 20:00:00+00:00,0.16689999401569366,0.16689999401569366,0.164000004529953,0.164000004529953,704671,0.0,0.0
2026-07-29 21:00:00+00:00,0.1639000028371811,0.16459999978542328,0.16339999437332153,0.16369999945163727,73682,0.0,0.0
2026-07-29 22:00:00+00:00,0.16369999945163727,0.16419999301433563,0.16329999268054962,0.164000004529953,3377,0.0,0.0
2026-07-29 23:00:00+00:00,0.164000004529953,0.16539999842643738,0.164000004529953,0.16519999504089355,0,0.0,0.0
2026-07-30 00:00:00+00:00,0.16519999504089355,0.16590000689029694,0.16300000250339508,0.16300000250339508,6522,0.0,0.0
2026-07-30 01:00:00+00:00,0.16300000250339508,0.1655000001192093,0.16290000081062317,0.1648000031709671,274866,0.0,0.0
2026-07-30 02:00:00+00:00,0.1648000031709671,0.16500000655651093,0.1623000055551529,0.1624000072479248,50152,0.0,0.0
2026-07-30 03:00:00+00:00,0.1624000072479248,0.16259999573230743,0.16089999675750732,0.16120000183582306,0,0.0,0.0
2026-07-30 04:00:00+00:00,0.16120000183582306,0.16120000183582306,0.1597999930381775,0.1597999930381775,0,0.0,0.0
2026-07-30 05:00:00+00:00,0.1597999930381775,0.1607999950647354,0.1597999930381775,0.1606999933719635,0,0.0,0.0
2026-07-30 06:00:00+00:00,0.1606999933719635,0.16189999878406525,0.1606999933719635,0.16130000352859497,0,0.0,0.0
2026-07-30 07:00:00+00:00,0.16130000352859497,0.1615999937057495,0.16110000014305115,0.16130000352859497,0,0.0,0.0
2026-07-30 08:00:00+00:00,0.16130000352859497,0.16189999878406525,0.16110000014305115,0.16189999878406525,0,0.0,0.0
2026-07-30 09:00:00+00:00,0.16189999878406525,0.16189999878406525,0.1607999950647354,0.16110000014305115,227147,0.0,0.0
2026-07-30 10:00:00+00:00,0.16110000014305115,0.16269999742507935,0.1606999933719635,0.1607999950647354,41677,0.0,0.0
2026-07-30 11:00:00+00:00,0.1607999950647354,0.16419999301433563,0.16050000488758087,0.16300000250339508,0,0.0,0.0
2026-07-30 12:00:00+00:00,0.16300000250339508,0.16339999437332153,0.1623000055551529,0.16249999403953552,0,0.0,0.0
2026-07-30 13:00:00+00:00,0.16249999403953552,0.16269999742507935,0.16189999878406525,0.1624000072479248,0,0.0,0.0
2026-07-30 14:00:00+00:00,0.1624000072479248,0.16249999403953552,0.16140000522136688,0.16179999709129333,0,0.0,0.0
2026-07-30 15:00:00+00:00,0.16179999709129333,0.16279999911785126,0.1598999947309494,0.16249999403953552,395426,0.0,0.0
2026-07-30 16:00:00+00:00,0.1624000072479248,0.16259999573230743,0.16110000014305115,0.16120000183582306,0,0.0,0.0
2026-07-30 17:00:00+00:00,0.16120000183582306,0.16120000183582306,0.16040000319480896,0.16040000319480896,0,0.0,0.0
2026-07-30 18:00:00+00:00,0.16040000319480896,0.1615000069141388,0.16040000319480896,0.16050000488758087,0,0.0,0.0
2026-07-30 19:00:00+00:00,0.16050000488758087,0.1606999933719635,0.15960000455379486,0.1598999947309494,0,0.0,0.0
2026-07-30 20:00:00+00:00,0.1598999947309494,0.1607999950647354,0.1598999947309494,0.1599999964237213,0,0.0,0.0
2026-07-30 21:00:00+00:00,0.1599999964237213,0.1607999950647354,0.1597999930381775,0.1607999950647354,0,0.0,0.0
2026-07-30 22:00:00+00:00,0.1607999950647354,0.16210000216960907,0.1607999950647354,0.1615000069141388,0,0.0,0.0
2026-07-30 23:00:00+00:00,0.1615000069141388,0.16349999606609344,0.16099999845027924,0.16349999606609344,87130,0.0,0.0
2026-07-31 00:00:00+00:00,0.16349999606609344,0.16349999606609344,0.16249999403953552,0.16329999268054962,102863,0.0,0.0
2026-07-31 01:00:00+00:00,0.16329999268054962,0.16410000622272491,0.16290000081062317,0.16300000250339508,0,0.0,0.0
2026-07-31 02:00:00+00:00,0.16300000250339508,0.16300000250339508,0.16200000047683716,0.16200000047683716,0,0.0,0.0
2026-07-31 03:00:00+00:00,0.16200000047683716,0.16200000047683716,0.15960000455379486,0.1598999947309494,178228,0.0,0.0
2026-07-31 04:00:00+00:00,0.1598999947309494,0.16120000183582306,0.1590999960899353,0.16050000488758087,66612,0.0,0.0
2026-07-31 05:00:00+00:00,0.16050000488758087,0.1615000069141388,0.16019999980926514,0.16019999980926514,10570,0.0,0.0
2026-07-31 06:00:00+00:00,0.16019999980926514,0.16030000150203705,0.15960000455379486,0.15960000455379486,0,0.0,0.0
2026-07-31 07:00:00+00:00,0.15960000455379486,0.16030000150203705,0.15870000422000885,0.16019999980926514,72077,0.0,0.0
2026-07-31 08:00:00+00:00,0.16019999980926514,0.16019999980926514,0.1590999960899353,0.1590999960899353,542183,0.0,0.0
2026-07-31 09:00:00+00:00,0.1589999943971634,0.15950000286102295,0.15800000727176666,0.15880000591278076,37473,0.0,0.0
2026-07-31 10:00:00+00:00,0.15860000252723694,0.1665000021457672,0.15850000083446503,0.16459999978542328,1070105,0.0,0.0
2026-07-31 11:00:00+00:00,0.16459999978542328,0.16459999978542328,0.16210000216960907,0.16290000081062317,67270,0.0,0.0
2026-07-31 12:00:00+00:00,0.16290000081062317,0.163100004196167,0.16040000319480896,0.1607999950647354,90451,0.0,0.0
2026-07-31 13:00:00+00:00,0.1607999950647354,0.16140000522136688,0.1598999947309494,0.16040000319480896,64651,0.0,0.0
2026-07-31 14:00:00+00:00,0.16040000319480896,0.16040000319480896,0.15809999406337738,0.1589999943971634,0,0.0,0.0
2026-07-31 15:00:00+00:00,0.1589999943971634,0.15919999778270721,0.15770000219345093,0.1589999943971634,0,0.0,0.0
2026-07-31 16:00:00+00:00,0.1590999960899353,0.1606999933719635,0.15800000727176666,0.16050000488758087,87922,0.0,0.0
2026-07-31 17:00:00+00:00,0.16050000488758087,0.1607999950647354,0.1598999947309494,0.1598999947309494,0,0.0,0.0
2026-07-31 18:00:00+00:00,0.1598999947309494,0.16060000658035278,0.15940000116825104,0.16040000319480896,0,0.0,0.0
2026-07-31 19:00:00+00:00,0.16030000150203705,0.1615000069141388,0.16019999980926514,0.16099999845027924,48829,0.0,0.0
2026-07-31 20:00:00+00:00,0.16120000183582306,0.1615000069141388,0.16009999811649323,0.16030000150203705,0,0.0,0.0
2026-07-31 21:00:00+00:00,0.16030000150203705,0.16030000150203705,0.15809999406337738,0.15850000083446503,97715,0.0,0.0
2026-07-31 22:00:00+00:00,0.15850000083446503,0.1597999930381775,0.15839999914169312,0.15860000252723694,0,0.0,0.0
2026-07-31 23:00:00+00:00,0.15860000252723694,0.1589999943971634,0.15850000083446503,0.15850000083446503,0,0.0,0.0
2026-08-01 00:00:00+00:00,0.15850000083446503,0.15919999778270721,0.15850000083446503,0.1590999960899353,122595,0.0,0.0
2026-08-01 01:00:00+00:00,0.1590999960899353,0.16009999811649323,0.1590999960899353,0.16009999811649323,65501,0.0,0.0
2026-08-01 02:00:00+00:00,0.16009999811649323,0.16169999539852142,0.16009999811649323,0.1615999937057495,0,0.0,0.0
2026-08-01 03:00:00+00:00,0.1615999937057495,0.16169999539852142,0.16050000488758087,0.1606999933719635,0,0.0,0.0
2026-08-01 04:00:00+00:00,0.1606999933719635,0.1607999950647354,0.16030000150203705,0.1607999950647354,0,0.0,0.0
2026-08-01 05:00:00+00:00,0.1607999950647354,0.16140000522136688,0.16019999980926514,0.16019999980926514,0,0.0,0.0
2026-08-01 06:00:00+00:00,0.16019999980926514,0.16099999845027924,0.16019999980926514,0.16030000150203705,0,0.0,0.0
2026-08-01 07:00:00+00:00,0.16030000150203705,0.16040000319480896,0.15950000286102295,0.1597999930381775,0,0.0,0.0
2026-08-01 08:00:00+00:00,0.1597999930381775,0.1597999930381775,0.15950000286102295,0.15950000286102295,0,0.0,0.0
2026-08-01 09:00:00+00:00,0.15950000286102295,0.16009999811649323,0.1590999960899353,0.1590999960899353,66899,0.0,0.0
2026-08-01 10:00:00+00:00,0.1590999960899353,0.1590999960899353,0.1582999974489212,0.15860000252723694,0,0.0,0.0
2026-08-01 11:00:00+00:00,0.15860000252723694,0.1589999943971634,0.15860000252723694,0.1589999943971634,0,0.0,0.0
2026-08-01 12:00:00+00:00,0.1589999943971634,0.1589999943971634,0.1574999988079071,0.15760000050067902,0,0.0,0.0
2026-08-01 13:00:00+00:00,0.15760000050067902,0.15790000557899475,0.15729999542236328,0.15790000557899475,0,0.0,0.0
2026-08-01 14:00:00+00:00,0.15790000557899475,0.1582999974489212,0.15760000050067902,0.15780000388622284,0,0.0,0.0
2026-08-01 15:00:00+00:00,0.15780000388622284,0.15780000388622284,0.15690000355243683,0.1573999971151352,0,0.0,0.0
2026-08-01 16:00:00+00:00,0.1573999971151352,0.15809999406337738,0.15729999542236328,0.1574999988079071,0,0.0,0.0
2026-08-01 17:00:00+00:00,0.1574999988079071,0.1574999988079071,0.15620000660419464,0.15649999678134918,55058,0.0,0.0
2026-08-01 18:00:00+00:00,0.15649999678134918,0.156700000166893,0.1551000028848648,0.15600000321865082,71773,0.0,0.0
2026-08-01 19:00:00+00:00,0.15600000321865082,0.1565999984741211,0.15539999306201935,0.15539999306201935,0,0.0,0.0
2026-08-01 20:00:00+00:00,0.15530000627040863,0.15639999508857727,0.15489999949932098,0.15539999306201935,24089,0.0,0.0
2026-08-01 21:00:00+00:00,0.15539999306201935,0.15610000491142273,0.15539999306201935,0.15559999644756317,0,0.0,0.0
2026-08-01 22:00:00+00:00,0.15559999644756317,0.15680000185966492,0.15549999475479126,0.1559000015258789,47051,0.0,0.0
2026-08-01 23:00:00+00:00,0.1559000015258789,0.15710000693798065,0.1559000015258789,0.15639999508857727,39870,0.0,0.0
2026-08-02 00:00:00+00:00,0.15639999508857727,0.15719999372959137,0.155799999833107,0.15629999339580536,61105,0.0,0.0
2026-08-02 01:00:00+00:00,0.15629999339580536,0.1565999984741211,0.15520000457763672,0.15520000457763672,248603,0.0,0.0
2026-08-02 02:00:00+00:00,0.15520000457763672,0.15690000355243683,0.15489999949932098,0.1565999984741211,90118,0.0,0.0
2026-08-02 03:00:00+00:00,0.1565999984741211,0.1565999984741211,0.15620000660419464,0.15639999508857727,0,0.0,0.0
2026-08-02 04:00:00+00:00,0.15639999508857727,0.15719999372959137,0.15639999508857727,0.156700000166893,0,0.0,0.0
2026-08-02 05:00:00+00:00,0.156700000166893,0.15710000693798065,0.15620000660419464,0.15690000355243683,82133,0.0,0.0
2026-08-02 06:00:00+00:00,0.15690000355243683,0.15690000355243683,0.155799999833107,0.15600000321865082,23152,0.0,0.0
2026-08-02 07:00:00+00:00,0.15600000321865082,0.15639999508857727,0.15559999644756317,0.15559999644756317,0,0.0,0.0
2026-08-02 08:00:00+00:00,0.15559999644756317,0.15610000491142273,0.15549999475479126,0.155799999833107,74059,0.0,0.0
2026-08-02 09:00:00+00:00,0.155799999833107,0.155799999833107,0.15479999780654907,0.15479999780654907,111914,0.0,0.0
2026-08-02 10:00:00+00:00,0.15479999780654907,0.15479999780654907,0.1542000025510788,0.15479999780654907,75020,0.0,0.0
2026-08-02 11:00:00+00:00,0.15479999780654907,0.15479999780654907,0.15369999408721924,0.15369999408721924,0,0.0,0.0
2026-08-02 12:00:00+00:00,0.15369999408721924,0.15410000085830688,0.15360000729560852,0.15369999408721924,0,0.0,0.0
2026-08-02 13:00:00+00:00,0.15369999408721924,0.15399999916553497,0.15330000221729279,0.1535000056028366,8685,0.0,0.0
2026-08-02 14:00:00+00:00,0.1535000056028366,0.15379999577999115,0.15279999375343323,0.15299999713897705,7123,0.0,0.0
2026-08-02 15:00:00+00:00,0.15299999713897705,0.1534000039100647,0.15299999713897705,0.15330000221729279,59633,0.0,0.0
2026-08-02 16:00:00+00:00,0.15330000221729279,0.15610000491142273,0.15299999713897705,0.1559000015258789,97737,0.0,0.0
2026-08-02 17:00:00+00:00,0.1559000015258789,0.15600000321865082,0.15479999780654907,0.15489999949932098,113383,0.0,0.0
2026-08-02 18:00:00+00:00,0.15489999949932098,0.15539999306201935,0.15449999272823334,0.15539999306201935,0,0.0,0.0
2026-08-02 19:00:00+00:00,0.15539999306201935,0.15610000491142273,0.15489999949932098,0.1551000028848648,70012,0.0,0.0
2026-08-02 20:00:00+00:00,0.1551000028848648,0.15549999475479126,0.15479999780654907,0.15530000627040863,800,0.0,0.0
2026-08-02 21:00:00+00:00,0.15530000627040863,0.15569999814033508,0.15479999780654907,0.15539999306201935,89197,0.0,0.0
2026-08-02 22:00:00+00:00,0.1559000015258789,0.1559000015258789,0.15489999949932098,0.15489999949932098,0,0.0,0.0
2026-08-02 23:00:00+00:00,0.15489999949932098,0.15489999949932098,0.15389999747276306,0.15479999780654907,0,0.0,0.0
2026-08-03 00:00:00+00:00,0.15479999780654907,0.15479999780654907,0.15330000221729279,0.1535000056028366,8614,0.0,0.0
2026-08-03 01:00:00+00:00,0.1535000056028366,0.15410000085830688,0.15240000188350677,0.15389999747276306,0,0.0,0.0
2026-08-03 02:00:00+00:00,0.15389999747276306,0.15389999747276306,0.15330000221729279,0.15330000221729279,0,0.0,0.0
2026-08-03 03:00:00+00:00,0.15330000221729279,0.15360000729560852,0.15330000221729279,0.15360000729560852,23291,0.0,0.0
2026-08-03 04:00:00+00:00,0.15360000729560852,0.15379999577999115,0.15209999680519104,0.1527000069618225,108999,0.0,0.0
2026-08-03 05:00:00+00:00,0.1527000069618225,0.15369999408721924,0.1527000069618225,0.15369999408721924,0,0.0,0.0
2026-08-03 06:00:00+00:00,0.15369999408721924,0.15389999747276306,0.15309999883174896,0.15309999883174896,0,0.0,0.0
2026-08-03 07:00:00+00:00,0.15299999713897705,0.15299999713897705,0.1525000035762787,0.15289999544620514,69884,0.0,0.0
2026-08-03 08:00:00+00:00,0.15289999544620514,0.15320000052452087,0.1526000052690506,0.15299999713897705,0,0.0,0.0
2026-08-03 09:00:00+00:00,0.15299999713897705,0.15360000729560852,0.15299999713897705,0.1535000056028366,0,0.0,0.0
2026-08-03 10:00:00+00:00,0.1535000056028366,0.15399999916553497,0.15309999883174896,0.15309999883174896,120517,0.0,0.0
2026-08-03 11:00:00+00:00,0.15309999883174896,0.1534000039100647,0.15309999883174896,0.15309999883174896,0,0.0,0.0
2026-08-03 12:00:00+00:00,0.15309999883174896,0.15410000085830688,0.15309999883174896,0.15360000729560852,211251,0.0,0.0
2026-08-03 13:00:00+00:00,0.15360000729560852,0.15410000085830688,0.1527000069618225,0.15410000085830688,35503,0.0,0.0
2026-08-03 14:00:00+00:00,0.15410000085830688,0.15449999272823334,0.15309999883174896,0.15389999747276306,138036,0.0,0.0
2026-08-03 15:00:00+00:00,0.15389999747276306,0.15399999916553497,0.15309999883174896,0.1535000056028366,211569,0.0,0.0
2026-08-03 16:00:00+00:00,0.1535000056028366,0.15629999339580536,0.1535000056028366,0.1551000028848648,223703,0.0,0.0
2026-08-03 17:00:00+00:00,0.1551000028848648,0.15680000185966492,0.1551000028848648,0.15639999508857727,0,0.0,0.0
2026-08-03 18:00:00+00:00,0.15639999508857727,0.1565999984741211,0.15520000457763672,0.15530000627040863,0,0.0,0.0
2026-08-03 19:00:00+00:00,0.15530000627040863,0.15600000321865082,0.15469999611377716,0.15469999611377716,0,0.0,0.0
2026-08-03 20:00:00+00:00,0.15469999611377716,0.155799999833107,0.15459999442100525,0.15539999306201935,27200,0.0,0.0
2026-08-03 21:00:00+00:00,0.15559999644756317,0.15620000660419464,0.15549999475479126,0.15620000660419464,0,0.0,0.0
2026-08-03 22:00:00+00:00,0.15620000660419464,0.15880000591278076,0.15610000491142273,0.1573999971151352,185036,0.0,0.0
2026-08-03 23:00:00+00:00,0.1573999971151352,0.15800000727176666,0.15719999372959137,0.15780000388622284,98312,0.0,0.0
2026-08-04 00:00:00+00:00,0.15780000388622284,0.15860000252723694,0.15700000524520874,0.15719999372959137,0,0.0,0.0
2026-08-04 01:00:00+00:00,0.15719999372959137,0.15760000050067902,0.15649999678134918,0.15649999678134918,0,0.0,0.0
2026-08-04 02:00:00+00:00,0.15649999678134918,0.1590999960899353,0.15520000457763672,0.1582999974489212,357867,0.0,0.0
2026-08-04 03:00:00+00:00,0.1582999974489212,0.15929999947547913,0.15760000050067902,0.15929999947547913,21881,0.0,0.0
2026-08-04 04:00:00+00:00,0.15940000116825104,0.16060000658035278,0.15919999778270721,0.16060000658035278,40840,0.0,0.0
2026-08-04 05:00:00+00:00,0.16060000658035278,0.16089999675750732,0.16030000150203705,0.16040000319480896,39731,0.0,0.0
2026-08-04 06:00:00+00:00,0.16030000150203705,0.16030000150203705,0.1597999930381775,0.1597999930381775,42830,0.0,0.0
2026-08-04 07:00:00+00:00,0.1597999930381775,0.16040000319480896,0.1597999930381775,0.16019999980926514,0,0.0,0.0
2026-08-04 08:00:00+00:00,0.1599999964237213,0.16009999811649323,0.15870000422000885,0.15870000422000885,20958,0.0,0.0
2026-08-04 09:00:00+00:00,0.15870000422000885,0.1589999943971634,0.15710000693798065,0.15719999372959137,10650,0.0,0.0
2026-08-04 10:00:00+00:00,0.15760000050067902,0.15780000388622284,0.1559000015258789,0.15690000355243683,34819,0.0,0.0
2026-08-04 11:00:00+00:00,0.15690000355243683,0.15710000693798065,0.15600000321865082,0.156700000166893,152143,0.0,0.0
2026-08-04 12:00:00+00:00,0.156700000166893,0.15690000355243683,0.15649999678134918,0.1565999984741211,0,0.0,0.0
2026-08-04 13:00:00+00:00,0.1565999984741211,0.1574999988079071,0.155799999833107,0.15710000693798065,129170,0.0,0.0
2026-08-04 14:00:00+00:00,0.1565999984741211,0.15690000355243683,0.1559000015258789,0.15639999508857727,0,0.0,0.0
2026-08-04 15:00:00+00:00,0.15639999508857727,0.15639999508857727,0.15520000457763672,0.15539999306201935,280498,0.0,0.0
2026-08-04 16:00:00+00:00,0.15539999306201935,0.15539999306201935,0.15369999408721924,0.15369999408721924,0,0.0,0.0
2026-08-04 17:00:00+00:00,0.15369999408721924,0.1543000042438507,0.15309999883174896,0.15309999883174896,0,0.0,0.0
2026-08-04 18:00:00+00:00,0.15309999883174896,0.15449999272823334,0.15309999883174896,0.1543000042438507,70560,0.0,0.0
2026-08-04 19:00:00+00:00,0.1543000042438507,0.15469999611377716,0.15410000085830688,0.15459999442100525,0,0.0,0.0
2026-08-04 20:00:00+00:00,0.15459999442100525,0.15469999611377716,0.15369999408721924,0.15449999272823334,0,0.0,0.0
2026-08-04 21:00:00+00:00,0.15449999272823334,0.1551000028848648,0.15410000085830688,0.1551000028848648,82408,0.0,0.0
2026-08-04 22:00:00+00:00,0.1551000028848648,0.15639999508857727,0.15489999949932098,0.15639999508857727,0,0.0,0.0
2026-08-04 23:00:00+00:00,0.15639999508857727,0.1565999984741211,0.15549999475479126,0.15600000321865082,10721,0.0,0.0
2026-08-05 00:00:00+00:00,0.15600000321865082,0.15649999678134918,0.15559999644756317,0.15559999644756317,56709,0.0,0.0
2026-08-05 01:00:00+00:00,0.15559999644756317,0.15680000185966492,0.15539999306201935,0.15620000660419464,71523,0.0,0.0
2026-08-05 02:00:00+00:00,0.15620000660419464,0.15620000660419464,0.155799999833107,0.1559000015258789,0,0.0,0.0
2026-08-05 03:00:00+00:00,0.1559000015258789,0.1559000015258789,0.1551000028848648,0.15539999306201935,0,0.0,0.0
2026-08-05 04:00:00+00:00,0.15539999306201935,0.15559999644756317,0.15479999780654907,0.1550000011920929,0,0.0,0.0
2026-08-05 05:00:00+00:00,0.1550000011920929,0.1551000028848648,0.15489999949932098,0.1551000028848648,2056,0.0,0.0
2026-08-05 06:00:00+00:00,0.1551000028848648,0.155799999833107,0.15489999949932098,0.155799999833107,0,0.0,0.0
2026-08-05 07:00:00+00:00,0.155799999833107,0.15610000491142273,0.15520000457763672,0.15520000457763672,44891,0.0,0.0
2026-08-05 08:00:00+00:00,0.15520000457763672,0.15569999814033508,0.15520000457763672,0.15569999814033508,0,0.0,0.0
2026-08-05 09:00:00+00:00,0.15569999814033508,0.15569999814033508,0.15539999306201935,0.15539999306201935,61939,0.0,0.0
2026-08-05 10:00:00+00:00,0.15539999306201935,0.1598999947309494,0.15489999949932098,0.15600000321865082,349976,0.0,0.0
2026-08-05 11:00:00+00:00,0.15600000321865082,0.15649999678134918,0.15530000627040863,0.15559999644756317,0,0.0,0.0
2026-08-05 12:00:00+00:00,0.15559999644756317,0.15960000455379486,0.15559999644756317,0.1589999943971634,255846,0.0,0.0
2026-08-05 13:00:00+00:00,0.1589999943971634,0.1615000069141388,0.15880000591278076,0.16040000319480896,343373,0.0,0.0
2026-08-05 14:00:00+00:00,0.16040000319480896,0.16040000319480896,0.15860000252723694,0.1589999943971634,57071,0.0,0.0
2026-08-05 15:00:00+00:00,0.15919999778270721,0.16189999878406525,0.15919999778270721,0.16089999675750732,0,0.0,0.0
2026-08-05 16:00:00+00:00,0.16089999675750732,0.16429999470710754,0.1607999950647354,0.1639000028371811,226512,0.0,0.0
2026-08-05 17:00:00+00:00,0.1639000028371811,0.164000004529953,0.16050000488758087,0.16189999878406525,418087,0.0,0.0
2026-08-05 18:00:00+00:00,0.1615999937057495,0.16189999878406525,0.16019999980926514,0.16019999980926514,53663,0.0,0.0
2026-08-05 19:00:00+00:00,0.16030000150203705,0.16099999845027924,0.16030000150203705,0.16060000658035278,0,0.0,0.0
2026-08-05 20:00:00+00:00,0.16060000658035278,0.16060000658035278,0.15929999947547913,0.15929999947547913,214233,0.0,0.0
2026-08-05 21:00:00+00:00,0.15929999947547913,0.16030000150203705,0.15809999406337738,0.1581999957561493,353042,0.0,0.0
2026-08-05 22:00:00+00:00,0.1581999957561493,0.15960000455379486,0.1581999957561493,0.1590999960899353,505422,0.0,0.0
2026-08-05 23:00:00+00:00,0.1590999960899353,0.16099999845027924,0.15880000591278076,0.16050000488758087,291182,0.0,0.0
2026-08-06 00:00:00+00:00,0.1599999964237213,0.16050000488758087,0.15919999778270721,0.15950000286102295,111241,0.0,0.0
2026-08-06 01:00:00+00:00,0.15950000286102295,0.15950000286102295,0.15780000388622284,0.15780000388622284,74128,0.0,0.0
2026-08-06 02:00:00+00:00,0.15780000388622284,0.1582999974489212,0.15729999542236328,0.15790000557899475,13553,0.0,0.0
2026-08-06 03:00:00+00:00,0.15790000557899475,0.15790000557899475,0.1565999984741211,0.1565999984741211,0,0.0,0.0
2026-08-06 04:00:00+00:00,0.156700000166893,0.15680000185966492,0.15629999339580536,0.15680000185966492,38317,0.0,0.0
2026-08-06 05:00:00+00:00,0.15680000185966492,0.1573999971151352,0.1565999984741211,0.156700000166893,46939,0.0,0.0
2026-08-06 06:00:00+00:00,0.156700000166893,0.15729999542236328,0.15639999508857727,0.156700000166893,155601,0.0,0.0
2026-08-06 07:00:00+00:00,0.156700000166893,0.15700000524520874,0.15569999814033508,0.15700000524520874,0,0.0,0.0
2026-08-06 08:00:00+00:00,0.15700000524520874,0.15700000524520874,0.15629999339580536,0.15649999678134918,55551,0.0,0.0
2026-08-06 09:00:00+00:00,0.15649999678134918,0.15680000185966492,0.15489999949932098,0.15549999475479126,0,0.0,0.0
2026-08-06 10:00:00+00:00,0.15549999475479126,0.1559000015258789,0.1551000028848648,0.15569999814033508,0,0.0,0.0
2026-08-06 11:00:00+00:00,0.15569999814033508,0.15569999814033508,0.15479999780654907,0.1550000011920929,101269,0.0,0.0
2026-08-06 12:00:00+00:00,0.1550000011920929,0.15539999306201935,0.15389999747276306,0.1550000011920929,0,0.0,0.0
2026-08-06 13:00:00+00:00,0.1550000011920929,0.15610000491142273,0.15399999916553497,0.15610000491142273,0,0.0,0.0
2026-08-06 14:00:00+00:00,0.15610000491142273,0.15620000660419464,0.15539999306201935,0.15620000660419464,0,0.0,0.0
2026-08-06 15:00:00+00:00,0.15620000660419464,0.15620000660419464,0.1551000028848648,0.15539999306201935,0,0.0,0.0
2026-08-06 16:00:00+00:00,0.15520000457763672,0.15610000491142273,0.1551000028848648,0.1559000015258789,0,0.0,0.0
2026-08-06 17:00:00+00:00,0.1559000015258789,0.1565999984741211,0.155799999833107,0.15629999339580536,0,0.0,0.0
2026-08-06 18:00:00+00:00,0.15629999339580536,0.15629999339580536,0.15139999985694885,0.1517000049352646,174684,0.0,0.0
2026-08-06 19:00:00+00:00,0.1517000049352646,0.1542000025510788,0.1517000049352646,0.1542000025510788,301106,0.0,0.0
2026-08-06 20:00:00+00:00,0.1542000025510788,0.15449999272823334,0.15320000052452087,0.15320000052452087,0,0.0,0.0
2026-08-06 21:00:00+00:00,0.15320000052452087,0.15360000729560852,0.1527000069618225,0.15360000729560852,0,0.0,0.0
2026-08-06 22:00:00+00:00,0.15360000729560852,0.15369999408721924,0.15150000154972076,0.15160000324249268,0,0.0,0.0
2026-08-06 23:00:00+00:00,0.15209999680519104,0.15299999713897705,0.15119999647140503,0.15299999713897705,0,0.0,0.0
2026-08-07 00:00:00+00:00,0.15299999713897705,0.1535000056028366,0.15230000019073486,0.15230000019073486,0,0.0,0.0
2026-08-07 01:00:00+00:00,0.15230000019073486,0.15330000221729279,0.15219999849796295,0.15330000221729279,12171,0.0,0.0
2026-08-07 02:00:00+00:00,0.15330000221729279,0.15389999747276306,0.15230000019073486,0.15289999544620514,93049,0.0,0.0
2026-08-07 03:00:00+00:00,0.15289999544620514,0.15320000052452087,0.1525000035762787,0.15289999544620514,145619,0.0,0.0
2026-08-07 04:00:00+00:00,0.15289999544620514,0.15289999544620514,0.15240000188350677,0.1527000069618225,16501,0.0,0.0
2026-08-07 05:00:00+00:00,0.1527000069618225,0.15320000052452087,0.15230000019073486,0.15320000052452087,0,0.0,0.0
2026-08-07 06:00:00+00:00,0.15320000052452087,0.15320000052452087,0.15230000019073486,0.1526000052690506,0,0.0,0.0
2026-08-07 07:00:00+00:00,0.1526000052690506,0.1526000052690506,0.15199999511241913,0.15199999511241913,14100,0.0,0.0
2026-08-07 08:00:00+00:00,0.15199999511241913,0.1525000035762787,0.1517000049352646,0.15230000019073486,0,0.0,0.0
2026-08-07 09:00:00+00:00,0.15230000019073486,0.15299999713897705,0.15230000019073486,0.15299999713897705,0,0.0,0.0
2026-08-07 10:00:00+00:00,0.15299999713897705,0.15299999713897705,0.15219999849796295,0.15219999849796295,0,0.0,0.0
2026-08-07 11:00:00+00:00,0.15219999849796295,0.15279999375343323,0.15150000154972076,0.1527000069618225,69951,0.0,0.0
2026-08-07 12:00:00+00:00,0.1527000069618225,0.15399999916553497,0.1527000069618225,0.1534000039100647,39311,0.0,0.0
2026-08-07 13:00:00+00:00,0.1534000039100647,0.15379999577999115,0.15320000052452087,0.1534000039100647,0,0.0,0.0
2026-08-07 14:00:00+00:00,0.1534000039100647,0.1534000039100647,0.15230000019073486,0.15230000019073486,0,0.0,0.0
2026-08-07 15:00:00+00:00,0.15230000019073486,0.1525000035762787,0.15209999680519104,0.15219999849796295,7944,0.0,0.0
2026-08-07 16:00:00+00:00,0.15219999849796295,0.1526000052690506,0.15199999511241913,0.15209999680519104,0,0.0,0.0
2026-08-07 17:00:00+00:00,0.15160000324249268,0.15160000324249268,0.15109999477863312,0.15139999985694885,0,0.0,0.0
2026-08-07 18:00:00+00:00,0.15139999985694885,0.15160000324249268,0.15139999985694885,0.15160000324249268,0,0.0,0.0
2026-08-07 19:00:00+00:00,0.15160000324249268,0.15240000188350677,0.15129999816417694,0.15209999680519104,0,0.0,0.0
2026-08-07 20:00:00+00:00,0.15209999680519104,0.15209999680519104,0.1517000049352646,0.15189999341964722,0,0.0,0.0
2026-08-07 21:00:00+00:00,0.15189999341964722,0.15189999341964722,0.1509000062942505,0.1509000062942505,14334,0.0,0.0
2026-08-07 22:00:00+00:00,0.15109999477863312,0.15109999477863312,0.1501999944448471,0.15049999952316284,51315,0.0,0.0
2026-08-07 23:00:00+00:00,0.15080000460147858,0.15080000460147858,0.1500999927520752,0.1500999927520752,0,0.0,0.0
2026-08-08 00:00:00+00:00,0.1500999927520752,0.15029999613761902,0.14990000426769257,0.14990000426769257,0,0.0,0.0
2026-08-08 01:00:00+00:00,0.14990000426769257,0.1501999944448471,0.14980000257492065,0.14980000257492065,0,0.0,0.0
2026-08-08 02:00:00+00:00,0.14980000257492065,0.15080000460147858,0.14980000257492065,0.14990000426769257,0,0.0,0.0
2026-08-08 03:00:00+00:00,0.14990000426769257,0.15070000290870667,0.14990000426769257,0.15070000290870667,0,0.0,0.0
2026-08-08 04:00:00+00:00,0.15070000290870667,0.15070000290870667,0.15029999613761902,0.15029999613761902,0,0.0,0.0
2026-08-08 05:00:00+00:00,0.15029999613761902,0.15070000290870667,0.1501999944448471,0.15070000290870667,0,0.0,0.0
2026-08-08 06:00:00+00:00,0.15070000290870667,0.1509000062942505,0.15039999783039093,0.15070000290870667,38606,0.0,0.0
2026-08-08 07:00:00+00:00,0.15070000290870667,0.15070000290870667,0.15039999783039093,0.15070000290870667,0,0.0,0.0
2026-08-08 08:00:00+00:00,0.15070000290870667,0.15119999647140503,0.15070000290870667,0.1509000062942505,0,0.0,0.0
2026-08-08 09:00:00+00:00,0.1509000062942505,0.1509999930858612,0.15000000596046448,0.15080000460147858,366825,0.0,0.0
2026-08-08 10:00:00+00:00,0.15080000460147858,0.15080000460147858,0.15029999613761902,0.15029999613761902,10746,0.0,0.0
2026-08-08 11:00:00+00:00,0.15029999613761902,0.15080000460147858,0.15029999613761902,0.15060000121593475,0,0.0,0.0
2026-08-08 12:00:00+00:00,0.15060000121593475,0.15060000121593475,0.14980000257492065,0.15029999613761902,0,0.0,0.0
2026-08-08 13:00:00+00:00,0.15029999613761902,0.15029999613761902,0.14959999918937683,0.15000000596046448,0,0.0,0.0
2026-08-08 14:00:00+00:00,0.15000000596046448,0.15029999613761902,0.15000000596046448,0.15029999613761902,0,0.0,0.0
2026-08-08 15:00:00+00:00,0.15029999613761902,0.15029999613761902,0.15000000596046448,0.15029999613761902,0,0.0,0.0
2026-08-08 16:00:00+00:00,0.15029999613761902,0.15029999613761902,0.15000000596046448,0.1501999944448471,0,0.0,0.0
2026-08-08 17:00:00+00:00,0.1501999944448471,0.1509000062942505,0.1501999944448471,0.15060000121593475,65383,0.0,0.0
2026-08-08 18:00:00+00:00,0.15060000121593475,0.15060000121593475,0.1500999927520752,0.15039999783039093,20953,0.0,0.0
2026-08-08 19:00:00+00:00,0.15039999783039093,0.1509999930858612,0.1501999944448471,0.1509000062942505,13663,0.0,0.0
2026-08-08 20:00:00+00:00,0.15080000460147858,0.15129999816417694,0.15080000460147858,0.15119999647140503,37790,0.0,0.0
2026-08-08 21:00:00+00:00,0.15119999647140503,0.15119999647140503,0.1509000062942505,0.1509000062942505,0,0.0,0.0
2026-08-08 22:00:00+00:00,0.1509000062942505,0.1509999930858612,0.15070000290870667,0.1509999930858612,0,0.0,0.0
2026-08-08 23:00:00+00:00,0.1509999930858612,0.15119999647140503,0.15049999952316284,0.1509999930858612,797,0.0,0.0
2026-08-09 00:00:00+00:00,0.1509999930858612,0.1509999930858612,0.15049999952316284,0.15060000121593475,0,0.0,0.0
2026-08-09 01:00:00+00:00,0.15060000121593475,0.15060000121593475,0.14990000426769257,0.14990000426769257,11211,0.0,0.0
2026-08-09 02:00:00+00:00,0.14990000426769257,0.15049999952316284,0.1492999941110611,0.149399995803833,200629,0.0,0.0
2026-08-09 03:00:00+00:00,0.149399995803833,0.14959999918937683,0.149399995803833,0.14959999918937683,5360,0.0,0.0
2026-08-09 04:00:00+00:00,0.14959999918937683,0.14959999918937683,0.1492999941110611,0.1492999941110611,0,0.0,0.0
2026-08-09 05:00:00+00:00,0.1492999941110611,0.14949999749660492,0.14920000731945038,0.14920000731945038,48679,0.0,0.0
2026-08-09 06:00:00+00:00,0.14920000731945038,0.14970000088214874,0.14920000731945038,0.14970000088214874,6772,0.0,0.0
2026-08-09 07:00:00+00:00,0.14970000088214874,0.14970000088214874,0.14880000054836273,0.14900000393390656,132542,0.0,0.0
2026-08-09 08:00:00+00:00,0.14900000393390656,0.14949999749660492,0.14900000393390656,0.14949999749660492,63500,0.0,0.0
2026-08-09 09:00:00+00:00,0.14949999749660492,0.14959999918937683,0.14880000054836273,0.14880000054836273,0,0.0,0.0
2026-08-09 10:00:00+00:00,0.14880000054836273,0.14900000393390656,0.14830000698566437,0.1485999971628189,155278,0.0,0.0
2026-08-09 11:00:00+00:00,0.1485999971628189,0.14990000426769257,0.1485999971628189,0.14970000088214874,29659,0.0,0.0
2026-08-09 12:00:00+00:00,0.14970000088214874,0.15060000121593475,0.14900000393390656,0.15029999613761902,3783,0.0,0.0
2026-08-09 13:00:00+00:00,0.15039999783039093,0.1527000069618225,0.15029999613761902,0.15219999849796295,487599,0.0,0.0
2026-08-09 14:00:00+00:00,0.15230000019073486,0.1527000069618225,0.1517000049352646,0.1525000035762787,119906,0.0,0.0
2026-08-09 15:00:00+00:00,0.1525000035762787,0.15379999577999115,0.1517000049352646,0.15379999577999115,314222,0.0,0.0
2026-08-09 16:00:00+00:00,0.15399999916553497,0.1550000011920929,0.15379999577999115,0.15469999611377716,127231,0.0,0.0
2026-08-09 17:00:00+00:00,0.15469999611377716,0.15469999611377716,0.1543000042438507,0.15440000593662262,0,0.0,0.0
2026-08-09 18:00:00+00:00,0.15440000593662262,0.15449999272823334,0.15309999883174896,0.1534000039100647,82825,0.0,0.0
2026-08-09 19:00:00+00:00,0.1534000039100647,0.1534000039100647,0.1525000035762787,0.15279999375343323,86649,0.0,0.0
2026-08-09 20:00:00+00:00,0.1525000035762787,0.1525000035762787,0.15189999341964722,0.15199999511241913,65273,0.0,0.0
2026-08-09 21:00:00+00:00,0.15199999511241913,0.15219999849796295,0.15139999985694885,0.15209999680519104,26319,0.0,0.0
2026-08-09 22:00:00+00:00,0.15209999680519104,0.15230000019073486,0.1509999930858612,0.15119999647140503,107725,0.0,0.0
2026-08-09 23:00:00+00:00,0.15119999647140503,0.15119999647140503,0.14949999749660492,0.14949999749660492,67858,0.0,0.0
2026-08-10 00:00:00+00:00,0.149399995803833,0.15129999816417694,0.149399995803833,0.1509000062942505,106922,0.0,0.0
2026-08-10 01:00:00+00:00,0.1509000062942505,0.15119999647140503,0.15049999952316284,0.15109999477863312,3558,0.0,0.0
2026-08-10 02:00:00+00:00,0.15109999477863312,0.15109999477863312,0.1501999944448471,0.15029999613761902,0,0.0,0.0
2026-08-10 03:00:00+00:00,0.15029999613761902,0.15029999613761902,0.14980000257492065,0.14980000257492065,90947,0.0,0.0
2026-08-10 04:00:00+00:00,0.14980000257492065,0.15039999783039093,0.14980000257492065,0.15039999783039093,0,0.0,0.0
2026-08-10 05:00:00+00:00,0.15039999783039093,0.15129999816417694,0.15039999783039093,0.15080000460147858,50323,0.0,0.0
2026-08-10 06:00:00+00:00,0.15080000460147858,0.1517000049352646,0.15080000460147858,0.15160000324249268,46993,0.0,0.0
2026-08-10 07:00:00+00:00,0.15160000324249268,0.15209999680519104,0.15109999477863312,0.15109999477863312,54102,0.0,0.0
2026-08-10 08:00:00+00:00,0.15109999477863312,0.15330000221729279,0.15109999477863312,0.1526000052690506,146660,0.0,0.0
2026-08-10 09:00:00+00:00,0.1526000052690506,0.1534000039100647,0.15240000188350677,0.1534000039100647,89251,0.0,0.0
2026-08-10 10:00:00+00:00,0.1534000039100647,0.1534000039100647,0.1527000069618225,0.15299999713897705,0,0.0,0.0
2026-08-10 11:00:00+00:00,0.15299999713897705,0.15360000729560852,0.15299999713897705,0.15309999883174896,0,0.0,0.0
2026-08-10 12:00:00+00:00,0.15309999883174896,0.15440000593662262,0.15309999883174896,0.1535000056028366,0,0.0,0.0
2026-08-10 13:00:00+00:00,0.1535000056028366,0.15379999577999115,0.1527000069618225,0.15279999375343323,0,0.0,0.0
2026-08-10 14:00:00+00:00,0.15279999375343323,0.1535000056028366,0.1525000035762787,0.1526000052690506,462246,0.0,0.0
2026-08-10 15:00:00+00:00,0.1526000052690506,0.15279999375343323,0.15119999647140503,0.15189999341964722,0,0.0,0.0
2026-08-10 16:00:00+00:00,0.15189999341964722,0.15279999375343323,0.15119999647140503,0.15230000019073486,43086,0.0,0.0
2026-08-10 17:00:00+00:00,0.15230000019073486,0.15230000019073486,0.15160000324249268,0.15160000324249268,0,0.0,0.0
2026-08-10 18:00:00+00:00,0.15160000324249268,0.15199999511241913,0.15139999985694885,0.15139999985694885,0,0.0,0.0
2026-08-10 19:00:00+00:00,0.15139999985694885,0.15160000324249268,0.15139999985694885,0.15150000154972076,0,0.0,0.0
2026-08-10 20:00:00+00:00,0.15150000154972076,0.15150000154972076,0.15119999647140503,0.15129999816417694,0,0.0,0.0
2026-08-10 21:00:00+00:00,0.15129999816417694,0.15139999985694885,0.15080000460147858,0.1509999930858612,42879,0.0,0.0
2026-08-10 22:00:00+00:00,0.1509999930858612,0.15129999816417694,0.15070000290870667,0.15070000290870667,0,0.0,0.0
2026-08-10 23:00:00+00:00,0.15070000290870667,0.1509000062942505,0.15070000290870667,0.15070000290870667,0,0.0,0.0
2026-08-11 00:00:00+00:00,0.15070000290870667,0.15109999477863312,0.15029999613761902,0.15029999613761902,0,0.0,0.0
2026-08-11 01:00:00+00:00,0.15029999613761902,0.15080000460147858,0.15029999613761902,0.15080000460147858,11036,0.0,0.0
2026-08-11 02:00:00+00:00,0.15080000460147858,0.15119999647140503,0.15080000460147858,0.15109999477863312,41010,0.0,0.0
2026-08-11 03:00:00+00:00,0.15109999477863312,0.15109999477863312,0.1500999927520752,0.1500999927520752,7835,0.0,0.0
2026-08-11 04:00:00+00:00,0.14990000426769257,0.14990000426769257,0.14949999749660492,0.14949999749660492,60168,0.0,0.0
2026-08-11 05:00:00+00:00,0.14949999749660492,0.1501999944448471,0.14949999749660492,0.14990000426769257,0,0.0,0.0
2026-08-11 06:00:00+00:00,0.14990000426769257,0.1500999927520752,0.14970000088214874,0.1500999927520752,0,0.0,0.0
2026-08-11 07:00:00+00:00,0.1500999927520752,0.15060000121593475,0.15000000596046448,0.15029999613761902,0,0.0,0.0
2026-08-11 08:00:00+00:00,0.1501999944448471,0.1509999930858612,0.14990000426769257,0.15070000290870667,0,0.0,0.0
2026-08-11 09:00:00+00:00,0.15070000290870667,0.1517000049352646,0.15049999952316284,0.1517000049352646,32366,0.0,0.0
2026-08-11 10:00:00+00:00,0.15160000324249268,0.15160000324249268,0.15029999613761902,0.15039999783039093,377215,0.0,0.0
2026-08-11 11:00:00+00:00,0.15039999783039093,0.1509999930858612,0.14990000426769257,0.14990000426769257,276258,0.0,0.0
2026-08-11 12:00:00+00:00,0.15000000596046448,0.15049999952316284,0.1492999941110611,0.1500999927520752,360049,0.0,0.0
2026-08-11 13:00:00+00:00,0.1500999927520752,0.15199999511241913,0.15000000596046448,0.15160000324249268,224117,0.0,0.0
2026-08-11 14:00:00+00:00,0.15160000324249268,0.15279999375343323,0.1509000062942505,0.15150000154972076,584700,0.0,0.0
2026-08-11 15:00:00+00:00,0.15129999816417694,0.15160000324249268,0.149399995803833,0.149399995803833,72664,0.0,0.0
2026-08-11 16:00:00+00:00,0.149399995803833,0.14949999749660492,0.14730000495910645,0.1477999985218048,104452,0.0,0.0
2026-08-11 17:00:00+00:00,0.1477999985218048,0.14869999885559082,0.14720000326633453,0.1485999971628189,79180,0.0,0.0
2026-08-11 18:00:00+00:00,0.1485999971628189,0.1485999971628189,0.1477999985218048,0.14790000021457672,0,0.0,0.0
2026-08-11 19:00:00+00:00,0.14790000021457672,0.14910000562667847,0.1477999985218048,0.14910000562667847,69097,0.0,0.0
2026-08-11 20:00:00+00:00,0.14910000562667847,0.14920000731945038,0.14830000698566437,0.14920000731945038,60178,0.0,0.0
2026-08-11 21:00:00+00:00,0.14920000731945038,0.14990000426769257,0.14910000562667847,0.14980000257492065,0,0.0,0.0
2026-08-11 22:00:00+00:00,0.14980000257492065,0.1500999927520752,0.1492999941110611,0.14959999918937683,29272,0.0,0.0
2026-08-11 23:00:00+00:00,0.14959999918937683,0.15049999952316284,0.14949999749660492,0.14990000426769257,49425,0.0,0.0
2026-08-12 00:00:00+00:00,0.14990000426769257,0.1501999944448471,0.14970000088214874,0.14990000426769257,87726,0.0,0.0
2026-08-12 01:00:00+00:00,0.14990000426769257,0.1501999944448471,0.14970000088214874,0.1500999927520752,2366,0.0,0.0
2026-08-12 02:00:00+00:00,0.1500999927520752,0.1501999944448471,0.14949999749660492,0.14970000088214874,5786,0.0,0.0
2026-08-12 03:00:00+00:00,0.14970000088214874,0.14980000257492065,0.14959999918937683,0.14980000257492065,0,0.0,0.0
2026-08-12 04:00:00+00:00,0.14980000257492065,0.15039999783039093,0.14959999918937683,0.15029999613761902,0,0.0,0.0
2026-08-12 05:00:00+00:00,0.15029999613761902,0.1509000062942505,0.1500999927520752,0.1509000062942505,0,0.0,0.0
2026-08-12 06:00:00+00:00,0.1509000062942505,0.1509000062942505,0.14839999377727509,0.148499995470047,187394,0.0,0.0
2026-08-12 07:00:00+00:00,0.148499995470047,0.14910000562667847,0.14820000529289246,0.1485999971628189,0,0.0,0.0
2026-08-12 08:00:00+00:00,0.1485999971628189,0.14910000562667847,0.14790000021457672,0.14790000021457672,0,0.0,0.0
2026-08-12 09:00:00+00:00,0.14790000021457672,0.14890000224113464,0.147599995136261,0.14790000021457672,0,0.0,0.0
2026-08-12 10:00:00+00:00,0.14790000021457672,0.14830000698566437,0.1477999985218048,0.1477999985218048,0,0.0,0.0
2026-08-12 11:00:00+00:00,0.1477999985218048,0.14820000529289246,0.14740000665187836,0.14800000190734863,0,0.0,0.0
2026-08-12 12:00:00+00:00,0.14800000190734863,0.14880000054836273,0.1476999968290329,0.1485999971628189,0,0.0,0.0
2026-08-12 13:00:00+00:00,0.1485999971628189,0.14869999885559082,0.14820000529289246,0.14839999377727509,0,0.0,0.0
2026-08-12 14:00:00+00:00,0.14839999377727509,0.14959999918937683,0.14790000021457672,0.14869999885559082,0,0.0,0.0
2026-08-12 15:00:00+00:00,0.14869999885559082,0.1500999927520752,0.14869999885559082,0.1500999927520752,0,0.0,0.0
2026-08-12 16:00:00+00:00,0.1500999927520752,0.15150000154972076,0.1500999927520752,0.15029999613761902,0,0.0,0.0
2026-08-12 17:00:00+00:00,0.15029999613761902,0.15039999783039093,0.14959999918937683,0.14990000426769257,0,0.0,0.0
2026-08-12 18:00:00+00:00,0.1500999927520752,0.1500999927520752,0.14949999749660492,0.14949999749660492,0,0.0,0.0
2026-08-12 19:00:00+00:00,0.14949999749660492,0.14980000257492065,0.1485999971628189,0.14980000257492065,77997,0.0,0.0
2026-08-12 20:00:00+00:00,0.14980000257492065,0.1500999927520752,0.148499995470047,0.148499995470047,216493,0.0,0.0
2026-08-12 21:00:00+00:00,0.1485999971628189,0.14970000088214874,0.1485999971628189,0.1492999941110611,16216,0.0,0.0
2026-08-12 22:00:00+00:00,0.14920000731945038,0.149399995803833,0.1485999971628189,0.14869999885559082,13841,0.0,0.0
2026-08-12 23:00:00+00:00,0.14869999885559082,0.14890000224113464,0.148499995470047,0.1485999971628189,0,0.0,0.0
2026-08-13 00:00:00+00:00,0.1485999971628189,0.1492999941110611,0.14839999377727509,0.14839999377727509,36556,0.0,0.0
2026-08-13 01:00:00+00:00,0.14839999377727509,0.14869999885559082,0.14810000360012054,0.14830000698566437,0,0.0,0.0
2026-08-13 02:00:00+00:00,0.14830000698566437,0.148499995470047,0.14810000360012054,0.14839999377727509,25804,0.0,0.0
2026-08-13 03:00:00+00:00,0.14839999377727509,0.14890000224113464,0.14810000360012054,0.14890000224113464,0,0.0,0.0
2026-08-13 04:00:00+00:00,0.14890000224113464,0.15070000290870667,0.14869999885559082,0.15029999613761902,130242,0.0,0.0
2026-08-13 05:00:00+00:00,0.15029999613761902,0.1527000069618225,0.1500999927520752,0.15219999849796295,264915,0.0,0.0
2026-08-13 06:00:00+00:00,0.1518000066280365,0.15209999680519104,0.15160000324249268,0.15199999511241913,0,0.0,0.0
2026-08-13 07:00:00+00:00,0.15199999511241913,0.15199999511241913,0.15139999985694885,0.15160000324249268,37983,0.0,0.0
2026-08-13 08:00:00+00:00,0.15160000324249268,0.15160000324249268,0.15049999952316284,0.1509000062942505,0,0.0,0.0
2026-08-13 09:00:00+00:00,0.1509000062942505,0.1509999930858612,0.15029999613761902,0.15029999613761902,0,0.0,0.0
2026-08-13 10:00:00+00:00,0.15029999613761902,0.15049999952316284,0.15000000596046448,0.1500999927520752,0,0.0,0.0
2026-08-13 11:00:00+00:00,0.1500999927520752,0.15039999783039093,0.14990000426769257,0.1500999927520752,34334,0.0,0.0
2026-08-13 12:00:00+00:00,0.1500999927520752,0.15240000188350677,0.14959999918937683,0.15160000324249268,243305,0.0,0.0
2026-08-13 13:00:00+00:00,0.15160000324249268,0.15520000457763672,0.15150000154972076,0.15489999949932098,641149,0.0,0.0
2026-08-13 14:00:00+00:00,0.15479999780654907,0.1551000028848648,0.15299999713897705,0.15299999713897705,0,0.0,0.0
2026-08-13 15:00:00+00:00,0.15309999883174896,0.15360000729560852,0.15240000188350677,0.15240000188350677,20292,0.0,0.0
2026-08-13 16:00:00+00:00,0.15240000188350677,0.1527000069618225,0.1517000049352646,0.1527000069618225,0,0.0,0.0
2026-08-13 17:00:00+00:00,0.1525000035762787,0.1527000069618225,0.15199999511241913,0.15199999511241913,0,0.0,0.0
2026-08-13 18:00:00+00:00,0.15199999511241913,0.15199999511241913,0.15160000324249268,0.15199999511241913,24312,0.0,0.0
2026-08-13 19:00:00+00:00,0.15199999511241913,0.15230000019073486,0.15189999341964722,0.15199999511241913,0,0.0,0.0
2026-08-13 20:00:00+00:00,0.15199999511241913,0.1534000039100647,0.15160000324249268,0.1534000039100647,0,0.0,0.0
2026-08-13 21:00:00+00:00,0.1534000039100647,0.1551000028848648,0.1534000039100647,0.1551000028848648,165870,0.0,0.0
2026-08-13 22:00:00+00:00,0.1551000028848648,0.15520000457763672,0.15449999272823334,0.15449999272823334,0,0.0,0.0
2026-08-13 23:00:00+00:00,0.15449999272823334,0.15469999611377716,0.15379999577999115,0.15379999577999115,0,0.0,0.0
2026-08-14 00:00:00+00:00,0.15379999577999115,0.1543000042438507,0.1535000056028366,0.1535000056028366,0,0.0,0.0
2026-08-14 01:00:00+00:00,0.1535000056028366,0.15479999780654907,0.1535000056028366,0.15449999272823334,9103,0.0,0.0
2026-08-14 02:00:00+00:00,0.15449999272823334,0.1550000011920929,0.1543000042438507,0.15489999949932098,3261,0.0,0.0
2026-08-14 03:00:00+00:00,0.15489999949932098,0.15489999949932098,0.15299999713897705,0.15320000052452087,183505,0.0,0.0
2026-08-14 04:00:00+00:00,0.15299999713897705,0.15360000729560852,0.15299999713897705,0.15299999713897705,0,0.0,0.0
2026-08-14 05:00:00+00:00,0.15299999713897705,0.1534000039100647,0.15279999375343323,0.1534000039100647,0,0.0,0.0
2026-08-14 06:00:00+00:00,0.1534000039100647,0.1534000039100647,0.15279999375343323,0.15279999375343323,21330,0.0,0.0
2026-08-14 07:00:00+00:00,0.1525000035762787,0.15279999375343323,0.15199999511241913,0.15199999511241913,47292,0.0,0.0
2026-08-14 08:00:00+00:00,0.15199999511241913,0.15209999680519104,0.15109999477863312,0.15119999647140503,0,0.0,0.0
2026-08-14 09:00:00+00:00,0.15129999816417694,0.15150000154972076,0.1500999927520752,0.1501999944448471,181757,0.0,0.0
2026-08-14 10:00:00+00:00,0.1501999944448471,0.15070000290870667,0.1500999927520752,0.15049999952316284,73685,0.0,0.0
2026-08-14 11:00:00+00:00,0.15060000121593475,0.15139999985694885,0.1501999944448471,0.15029999613761902,197237,0.0,0.0
2026-08-14 12:00:00+00:00,0.15029999613761902,0.15060000121593475,0.14990000426769257,0.14990000426769257,0,0.0,0.0
2026-08-14 13:00:00+00:00,0.14980000257492065,0.15000000596046448,0.14949999749660492,0.14959999918937683,0,0.0,0.0
2026-08-14 14:00:00+00:00,0.14959999918937683,0.15000000596046448,0.14920000731945038,0.14920000731945038,0,0.0,0.0
2026-08-14 15:00:00+00:00,0.1492999941110611,0.1501999944448471,0.14910000562667847,0.1500999927520752,0,0.0,0.0
2026-08-14 16:00:00+00:00,0.1500999927520752,0.15119999647140503,0.1500999927520752,0.15049999952316284,125231,0.0,0.0
2026-08-14 17:00:00+00:00,0.15049999952316284,0.15299999713897705,0.15039999783039093,0.15299999713897705,262775,0.0,0.0
2026-08-14 18:00:00+00:00,0.15320000052452087,0.15360000729560852,0.15199999511241913,0.1534000039100647,211110,0.0,0.0
2026-08-14 19:00:00+00:00,0.1534000039100647,0.1534000039100647,0.15240000188350677,0.1525000035762787,77280,0.0,0.0
2026-08-14 20:00:00+00:00,0.1525000035762787,0.15369999408721924,0.1517000049352646,0.15360000729560852,120628,0.0,0.0
2026-08-14 21:00:00+00:00,0.15360000729560852,0.15469999611377716,0.15309999883174896,0.1535000056028366,248888,0.0,0.0
2026-08-14 22:00:00+00:00,0.1535000056028366,0.15369999408721924,0.1527000069618225,0.15279999375343323,17424,0.0,0.0
2026-08-14 23:00:00+00:00,0.15279999375343323,0.15279999375343323,0.15240000188350677,0.15240000188350677,12279,0.0,0.0
2026-08-15 00:00:00+00:00,0.15240000188350677,0.15289999544620514,0.15240000188350677,0.1527000069618225,0,0.0,0.0
2026-08-15 01:00:00+00:00,0.1527000069618225,0.1527000069618225,0.15219999849796295,0.15240000188350677,0,0.0,0.0
2026-08-15 02:00:00+00:00,0.15240000188350677,0.15240000188350677,0.1518000066280365,0.1518000066280365,41044,0.0,0.0
2026-08-15 03:00:00+00:00,0.1518000066280365,0.15219999849796295,0.15150000154972076,0.1518000066280365,0,0.0,0.0
2026-08-15 04:00:00+00:00,0.1518000066280365,0.1518000066280365,0.15129999816417694,0.15139999985694885,28144,0.0,0.0
2026-08-15 05:00:00+00:00,0.15139999985694885,0.15139999985694885,0.1509999930858612,0.15109999477863312,0,0.0,0.0
2026-08-15 06:00:00+00:00,0.1509999930858612,0.15139999985694885,0.1509999930858612,0.15129999816417694,0,0.0,0.0
2026-08-15 07:00:00+00:00,0.15119999647140503,0.15119999647140503,0.15080000460147858,0.15080000460147858,46565,0.0,0.0
2026-08-15 08:00:00+00:00,0.15080000460147858,0.1509999930858612,0.15060000121593475,0.15060000121593475,0,0.0,0.0
2026-08-15 09:00:00+00:00,0.15060000121593475,0.1509999930858612,0.15060000121593475,0.15080000460147858,0,0.0,0.0
2026-08-15 10:00:00+00:00,0.15070000290870667,0.15109999477863312,0.15049999952316284,0.1509999930858612,0,0.0,0.0
2026-08-15 11:00:00+00:00,0.1509999930858612,0.15440000593662262,0.1509000062942505,0.1542000025510788,208134,0.0,0.0
2026-08-15 12:00:00+00:00,0.1543000042438507,0.15459999442100525,0.1535000056028366,0.15389999747276306,29891,0.0,0.0
2026-08-15 13:00:00+00:00,0.15389999747276306,0.15559999644756317,0.15379999577999115,0.1550000011920929,37764,0.0,0.0
2026-08-15 14:00:00+00:00,0.1551000028848648,0.1581999957561493,0.1551000028848648,0.15770000219345093,583689,0.0,0.0
2026-08-15 15:00:00+00:00,0.1581999957561493,0.1582999974489212,0.1565999984741211,0.1574999988079071,122338,0.0,0.0
2026-08-15 16:00:00+00:00,0.1574999988079071,0.16169999539852142,0.1574999988079071,0.16099999845027924,875218,0.0,0.0
2026-08-15 17:00:00+00:00,0.16099999845027924,0.16200000047683716,0.1597999930381775,0.16189999878406525,393881,0.0,0.0
2026-08-15 18:00:00+00:00,0.16200000047683716,0.16279999911785126,0.16089999675750732,0.16120000183582306,407488,0.0,0.0
2026-08-15 19:00:00+00:00,0.16120000183582306,0.16339999437332153,0.16099999845027924,0.1624000072479248,371539,0.0,0.0
2026-08-15 20:00:00+00:00,0.1624000072479248,0.16419999301433563,0.16210000216960907,0.164000004529953,265272,0.0,0.0
2026-08-15 21:00:00+00:00,0.164000004529953,0.164000004529953,0.16179999709129333,0.16249999403953552,0,0.0,0.0
2026-08-15 22:00:00+00:00,0.16249999403953552,0.16269999742507935,0.16099999845027924,0.16099999845027924,221431,0.0,0.0
2026-08-15 23:00:00+00:00,0.16099999845027924,0.1615000069141388,0.16060000658035278,0.1606999933719635,124066,0.0,0.0
2026-08-16 00:00:00+00:00,0.1606999933719635,0.16130000352859497,0.1590999960899353,0.15919999778270721,370380,0.0,0.0
2026-08-16 01:00:00+00:00,0.15919999778270721,0.15919999778270721,0.15800000727176666,0.1582999974489212,138474,0.0,0.0
2026-08-16 02:00:00+00:00,0.1582999974489212,0.15940000116825104,0.15790000557899475,0.15929999947547913,133099,0.0,0.0
2026-08-16 03:00:00+00:00,0.15929999947547913,0.1598999947309494,0.15919999778270721,0.15919999778270721,0,0.0,0.0
2026-08-16 04:00:00+00:00,0.15919999778270721,0.15919999778270721,0.15860000252723694,0.15889999270439148,97910,0.0,0.0
2026-08-16 05:00:00+00:00,0.15889999270439148,0.15940000116825104,0.15850000083446503,0.15870000422000885,0,0.0,0.0
2026-08-16 06:00:00+00:00,0.15870000422000885,0.15940000116825104,0.15860000252723694,0.15929999947547913,223202,0.0,0.0
2026-08-16 07:00:00+00:00,0.15929999947547913,0.1599999964237213,0.15860000252723694,0.1597999930381775,0,0.0,0.0
2026-08-16 08:00:00+00:00,0.1597999930381775,0.1597999930381775,0.15889999270439148,0.15950000286102295,182098,0.0,0.0
2026-08-16 09:00:00+00:00,0.15950000286102295,0.1598999947309494,0.1589999943971634,0.15950000286102295,64787,0.0,0.0
2026-08-16 10:00:00+00:00,0.15950000286102295,0.16769999265670776,0.15929999947547913,0.16689999401569366,1507336,0.0,0.0
2026-08-16 11:00:00+00:00,0.16680000722408295,0.16699999570846558,0.1597999930381775,0.16040000319480896,3160161,0.0,0.0
2026-08-16 12:00:00+00:00,0.16040000319480896,0.16590000689029694,0.16009999811649323,0.16539999842643738,2003045,0.0,0.0
2026-08-16 13:00:00+00:00,0.1655000001192093,0.16670000553131104,0.16269999742507935,0.163100004196167,571418,0.0,0.0
2026-08-16 14:00:00+00:00,0.16300000250339508,0.16329999268054962,0.16259999573230743,0.16290000081062317,0,0.0,0.0
2026-08-16 15:00:00+00:00,0.16290000081062317,0.16300000250339508,0.16220000386238098,0.1624000072479248,0,0.0,0.0
2026-08-16 16:00:00+00:00,0.1624000072479248,0.1639000028371811,0.1624000072479248,0.16290000081062317,0,0.0,0.0
2026-08-16 17:00:00+00:00,0.16290000081062317,0.16359999775886536,0.1623000055551529,0.163100004196167,0,0.0,0.0
2026-08-16 18:00:00+00:00,0.163100004196167,0.16509999334812164,0.163100004196167,0.16410000622272491,0,0.0,0.0
2026-08-16 19:00:00+00:00,0.16410000622272491,0.1647000014781952,0.1639000028371811,0.1647000014781952,0,0.0,0.0
2026-08-16 20:00:00+00:00,0.16459999978542328,0.1648000031709671,0.16359999775886536,0.16369999945163727,0,0.0,0.0
2026-08-16 21:00:00+00:00,0.16359999775886536,0.16369999945163727,0.16220000386238098,0.16269999742507935,0,0.0,0.0
2026-08-16 22:00:00+00:00,0.16269999742507935,0.16269999742507935,0.16210000216960907,0.16220000386238098,0,0.0,0.0
2026-08-16 23:00:00+00:00,0.16220000386238098,0.16279999911785126,0.16210000216960907,0.16269999742507935,0,0.0,0.0
2026-08-17 00:00:00+00:00,0.16269999742507935,0.163100004196167,0.16210000216960907,0.16249999403953552,0,0.0,0.0
2026-08-17 01:00:00+00:00,0.16249999403953552,0.16339999437332153,0.1623000055551529,0.16249999403953552,308438,0.0,0.0
2026-08-17 02:00:00+00:00,0.16249999403953552,0.16329999268054962,0.16210000216960907,0.16269999742507935,29003,0.0,0.0
2026-08-17 03:00:00+00:00,0.16269999742507935,0.1632000058889389,0.16200000047683716,0.16200000047683716,0,0.0,0.0
2026-08-17 04:00:00+00:00,0.16200000047683716,0.16210000216960907,0.16130000352859497,0.1615999937057495,85234,0.0,0.0
2026-08-17 05:00:00+00:00,0.1615999937057495,0.16200000047683716,0.1606999933719635,0.1607999950647354,83483,0.0,0.0
2026-08-17 06:00:00+00:00,0.1606999933719635,0.16089999675750732,0.16030000150203705,0.16040000319480896,93166,0.0,0.0
2026-08-17 07:00:00+00:00,0.16040000319480896,0.16060000658035278,0.1598999947309494,0.16040000319480896,31141,0.0,0.0
2026-08-17 08:00:00+00:00,0.16040000319480896,0.1623000055551529,0.16040000319480896,0.16200000047683716,0,0.0,0.0
2026-08-17 09:00:00+00:00,0.16200000047683716,0.1665000021457672,0.16200000047683716,0.16599999368190765,949870,0.0,0.0
2026-08-17 10:00:00+00:00,0.16599999368190765,0.16670000553131104,0.164000004529953,0.16459999978542328,0,0.0,0.0
2026-08-17 11:00:00+00:00,0.16459999978542328,0.1665000021457672,0.16419999301433563,0.1665000021457672,0,0.0,0.0
2026-08-17 12:00:00+00:00,0.1665000021457672,0.16670000553131104,0.1648000031709671,0.16619999706745148,0,0.0,0.0
2026-08-17 13:00:00+00:00,0.1662999987602234,0.1680999994277954,0.16619999706745148,0.16760000586509705,6939,0.0,0.0
2026-08-17 14:00:00+00:00,0.16760000586509705,0.1720999926328659,0.16760000586509705,0.17059999704360962,559810,0.0,0.0
2026-08-17 15:00:00+00:00,0.1704999953508377,0.17080000042915344,0.1648000031709671,0.16590000689029694,533516,0.0,0.0
2026-08-17 16:00:00+00:00,0.16590000689029694,0.16590000689029694,0.16369999945163727,0.16419999301433563,384797,0.0,0.0
2026-08-17 17:00:00+00:00,0.16410000622272491,0.1665000021457672,0.16349999606609344,0.16609999537467957,328364,0.0,0.0
2026-08-17 18:00:00+00:00,0.16609999537467957,0.16750000417232513,0.16599999368190765,0.16740000247955322,366384,0.0,0.0
2026-08-17 19:00:00+00:00,0.1671999990940094,0.1687999963760376,0.16680000722408295,0.16830000281333923,622922,0.0,0.0
2026-08-17 20:00:00+00:00,0.16830000281333923,0.16830000281333923,0.16459999978542328,0.1665000021457672,273400,0.0,0.0
2026-08-17 21:00:00+00:00,0.1665000021457672,0.1670999974012375,0.16599999368190765,0.16599999368190765,0,0.0,0.0
2026-08-17 22:00:00+00:00,0.16599999368190765,0.16609999537467957,0.16539999842643738,0.16590000689029694,24199,0.0,0.0
2026-08-17 23:00:00+00:00,0.16590000689029694,0.1671999990940094,0.16529999673366547,0.1656000018119812,259448,0.0,0.0
2026-08-18 00:00:00+00:00,0.1656000018119812,0.1662999987602234,0.16529999673366547,0.16599999368190765,161269,0.0,0.0
2026-08-18 01:00:00+00:00,0.16599999368190765,0.16619999706745148,0.16519999504089355,0.16519999504089355,0,0.0,0.0
2026-08-18 02:00:00+00:00,0.1655000001192093,0.16670000553131104,0.16500000655651093,0.16500000655651093,68095,0.0,0.0
2026-08-18 03:00:00+00:00,0.164900004863739,0.16539999842643738,0.16380000114440918,0.16380000114440918,108850,0.0,0.0
2026-08-18 04:00:00+00:00,0.16380000114440918,0.16459999978542328,0.16339999437332153,0.164000004529953,265234,0.0,0.0
2026-08-18 05:00:00+00:00,0.164000004529953,0.16459999978542328,0.1639000028371811,0.164000004529953,0,0.0,0.0
2026-08-18 06:00:00+00:00,0.16349999606609344,0.16359999775886536,0.16279999911785126,0.16279999911785126,177567,0.0,0.0
2026-08-18 07:00:00+00:00,0.16279999911785126,0.16329999268054962,0.16179999709129333,0.16189999878406525,24380,0.0,0.0
2026-08-18 08:00:00+00:00,0.16200000047683716,0.163100004196167,0.16169999539852142,0.163100004196167,147165,0.0,0.0
2026-08-18 09:00:00+00:00,0.163100004196167,0.163100004196167,0.16169999539852142,0.16200000047683716,0,0.0,0.0
2026-08-18 10:00:00+00:00,0.16200000047683716,0.1623000055551529,0.16169999539852142,0.1623000055551529,0,0.0,0.0
2026-08-18 11:00:00+00:00,0.1623000055551529,0.163100004196167,0.16179999709129333,0.16220000386238098,471185,0.0,0.0
2026-08-18 12:00:00+00:00,0.16220000386238098,0.16220000386238098,0.16120000183582306,0.16169999539852142,0,0.0,0.0
2026-08-18 13:00:00+00:00,0.16169999539852142,0.16210000216960907,0.1607999950647354,0.1607999950647354,0,0.0,0.0
2026-08-18 14:00:00+00:00,0.16089999675750732,0.16249999403953552,0.16089999675750732,0.16220000386238098,0,0.0,0.0
2026-08-18 15:00:00+00:00,0.16220000386238098,0.16380000114440918,0.16210000216960907,0.16349999606609344,0,0.0,0.0
2026-08-18 16:00:00+00:00,0.16349999606609344,0.16349999606609344,0.15870000422000885,0.1607999950647354,204873,0.0,0.0
2026-08-18 17:00:00+00:00,0.1607999950647354,0.16169999539852142,0.15870000422000885,0.16060000658035278,0,0.0,0.0
2026-08-18 18:00:00+00:00,0.16030000150203705,0.1606999933719635,0.15790000557899475,0.15880000591278076,0,0.0,0.0
2026-08-18 19:00:00+00:00,0.15880000591278076,0.15889999270439148,0.15719999372959137,0.15729999542236328,0,0.0,0.0
2026-08-18 20:00:00+00:00,0.1574999988079071,0.15850000083446503,0.1574999988079071,0.15770000219345093,0,0.0,0.0
2026-08-18 21:00:00+00:00,0.15770000219345093,0.15800000727176666,0.15710000693798065,0.15729999542236328,39746,0.0,0.0
2026-08-18 22:00:00+00:00,0.15729999542236328,0.15780000388622284,0.15710000693798065,0.1574999988079071,152010,0.0,0.0
2026-08-18 23:00:00+00:00,0.1574999988079071,0.15780000388622284,0.1573999971151352,0.1573999971151352,0,0.0,0.0
2026-08-19 00:00:00+00:00,0.1574999988079071,0.1574999988079071,0.15690000355243683,0.15719999372959137,2871,0.0,0.0
2026-08-19 01:00:00+00:00,0.15719999372959137,0.15770000219345093,0.15680000185966492,0.15770000219345093,0,0.0,0.0
2026-08-19 02:00:00+00:00,0.15770000219345093,0.15870000422000885,0.15770000219345093,0.15809999406337738,0,0.0,0.0
2026-08-19 03:00:00+00:00,0.15809999406337738,0.1581999957561493,0.15710000693798065,0.15710000693798065,0,0.0,0.0
2026-08-19 04:00:00+00:00,0.15710000693798065,0.15850000083446503,0.15710000693798065,0.1581999957561493,0,0.0,0.0
2026-08-19 05:00:00+00:00,0.1581999957561493,0.1581999957561493,0.15729999542236328,0.15729999542236328,0,0.0,0.0
2026-08-19 06:00:00+00:00,0.15729999542236328,0.15729999542236328,0.1565999984741211,0.15719999372959137,50616,0.0,0.0
2026-08-19 07:00:00+00:00,0.15710000693798065,0.15760000050067902,0.15700000524520874,0.15719999372959137,0,0.0,0.0
2026-08-19 08:00:00+00:00,0.15719999372959137,0.15770000219345093,0.15700000524520874,0.15710000693798065,0,0.0,0.0
2026-08-19 09:00:00+00:00,0.15710000693798065,0.15719999372959137,0.15680000185966492,0.15680000185966492,0,0.0,0.0
2026-08-19 10:00:00+00:00,0.15680000185966492,0.15809999406337738,0.15680000185966492,0.15800000727176666,0,0.0,0.0
2026-08-19 11:00:00+00:00,0.15800000727176666,0.1589999943971634,0.15800000727176666,0.1589999943971634,0,0.0,0.0
2026-08-19 12:00:00+00:00,0.1589999943971634,0.16060000658035278,0.15790000557899475,0.16019999980926514,0,0.0,0.0
2026-08-19 13:00:00+00:00,0.16019999980926514,0.16030000150203705,0.1589999943971634,0.15919999778270721,200465,0.0,0.0
2026-08-19 14:00:00+00:00,0.15919999778270721,0.1623000055551529,0.1582999974489212,0.16179999709129333,0,0.0,0.0
2026-08-19 15:00:00+00:00,0.16179999709129333,0.16899999976158142,0.16179999709129333,0.16609999537467957,1383530,0.0,0.0
2026-08-19 16:00:00+00:00,0.16619999706745148,0.16699999570846558,0.16509999334812164,0.16580000519752502,0,0.0,0.0
2026-08-19 17:00:00+00:00,0.16590000689029694,0.16590000689029694,0.1632000058889389,0.16439999639987946,0,0.0,0.0
2026-08-19 18:00:00+00:00,0.16459999978542328,0.16459999978542328,0.16339999437332153,0.16339999437332153,20647,0.0,0.0
2026-08-19 19:00:00+00:00,0.16339999437332153,0.16359999775886536,0.16179999709129333,0.16200000047683716,382361,0.0,0.0
2026-08-19 20:00:00+00:00,0.16200000047683716,0.16459999978542328,0.16140000522136688,0.16410000622272491,1120279,0.0,0.0
2026-08-19 21:00:00+00:00,0.16369999945163727,0.164900004863739,0.16290000081062317,0.16329999268054962,1359017,0.0,0.0
2026-08-19 22:00:00+00:00,0.16339999437332153,0.16369999945163727,0.16089999675750732,0.16179999709129333,458738,0.0,0.0
2026-08-19 23:00:00+00:00,0.16179999709129333,0.16459999978542328,0.16099999845027924,0.16419999301433563,410802,0.0,0.0
2026-08-20 00:00:00+00:00,0.16429999470710754,0.16439999639987946,0.16290000081062317,0.163100004196167,391128,0.0,0.0
2026-08-20 01:00:00+00:00,0.163100004196167,0.16410000622272491,0.163100004196167,0.164000004529953,110090,0.0,0.0
2026-08-20 02:00:00+00:00,0.164000004529953,0.164000004529953,0.16259999573230743,0.16269999742507935,0,0.0,0.0
2026-08-20 03:00:00+00:00,0.16269999742507935,0.16269999742507935,0.16169999539852142,0.1624000072479248,103916,0.0,0.0
2026-08-20 04:00:00+00:00,0.1624000072479248,0.16429999470710754,0.16220000386238098,0.16349999606609344,146283,0.0,0.0
2026-08-20 05:00:00+00:00,0.16349999606609344,0.16380000114440918,0.16339999437332153,0.16349999606609344,27626,0.0,0.0
2026-08-20 06:00:00+00:00,0.16349999606609344,0.16449999809265137,0.16329999268054962,0.1639000028371811,429240,0.0,0.0
2026-08-20 07:00:00+00:00,0.1639000028371811,0.1647000014781952,0.16339999437332153,0.16459999978542328,18081,0.0,0.0
2026-08-20 08:00:00+00:00,0.16459999978542328,0.16750000417232513,0.16459999978542328,0.16740000247955322,261326,0.0,0.0
2026-08-20 09:00:00+00:00,0.16740000247955322,0.1680999994277954,0.1664000004529953,0.1665000021457672,0,0.0,0.0
2026-08-20 10:00:00+00:00,0.1665000021457672,0.16760000586509705,0.16609999537467957,0.16750000417232513,746136,0.0,0.0
2026-08-20 11:00:00+00:00,0.16750000417232513,0.16840000450611115,0.16619999706745148,0.1680999994277954,352094,0.0,0.0
2026-08-20 12:00:00+00:00,0.16820000112056732,0.16840000450611115,0.1662999987602234,0.16830000281333923,5612,0.0,0.0
2026-08-20 13:00:00+00:00,0.16840000450611115,0.17509999871253967,0.16830000281333923,0.17440000176429749,1431535,0.0,0.0
2026-08-20 14:00:00+00:00,0.17440000176429749,0.17679999768733978,0.1728000044822693,0.17299999296665192,574658,0.0,0.0
2026-08-20 15:00:00+00:00,0.1729000061750412,0.17919999361038208,0.1729000061750412,0.1784999966621399,0,0.0,0.0
2026-08-20 16:00:00+00:00,0.17839999496936798,0.18129999935626984,0.17520000040531158,0.18080000579357147,373587,0.0,0.0
2026-08-20 17:00:00+00:00,0.18080000579357147,0.1826000064611435,0.17970000207424164,0.18230000138282776,341147,0.0,0.0
2026-08-20 18:00:00+00:00,0.18230000138282776,0.1851000040769577,0.1808999925851822,0.18359999358654022,850924,0.0,0.0
2026-08-20 19:00:00+00:00,0.18289999663829803,0.18310000002384186,0.17960000038146973,0.17960000038146973,0,0.0,0.0
2026-08-20 20:00:00+00:00,0.17949999868869781,0.17980000376701355,0.17820000648498535,0.17900000512599945,0,0.0,0.0
2026-08-20 21:00:00+00:00,0.17900000512599945,0.18039999902248383,0.17839999496936798,0.17839999496936798,0,0.0,0.0
2026-08-20 22:00:00+00:00,0.17839999496936798,0.1809999942779541,0.17820000648498535,0.18029999732971191,0,0.0,0.0
2026-08-20 23:00:00+00:00,0.18029999732971191,0.181099995970726,0.17970000207424164,0.17970000207424164,0,0.0,0.0
2026-08-21 00:00:00+00:00,0.17970000207424164,0.17990000545978546,0.1776999980211258,0.17800000309944153,0,0.0,0.0
2026-08-21 01:00:00+00:00,0.17800000309944153,0.17919999361038208,0.17710000276565552,0.17910000681877136,541480,0.0,0.0
2026-08-21 02:00:00+00:00,0.17919999361038208,0.18199999630451202,0.17919999361038208,0.18019999563694,551943,0.0,0.0
2026-08-21 03:00:00+00:00,0.18039999902248383,0.18170000612735748,0.17890000343322754,0.17890000343322754,637222,0.0,0.0
2026-08-21 04:00:00+00:00,0.17890000343322754,0.18050000071525574,0.17890000343322754,0.18000000715255737,72149,0.0,0.0
2026-08-21 05:00:00+00:00,0.17990000545978546,0.18140000104904175,0.17960000038146973,0.18140000104904175,0,0.0,0.0
2026-08-21 06:00:00+00:00,0.18140000104904175,0.18410000205039978,0.18119999766349792,0.18330000340938568,0,0.0,0.0
2026-08-21 07:00:00+00:00,0.18320000171661377,0.18449999392032623,0.18219999969005585,0.18410000205039978,760175,0.0,0.0
2026-08-21 08:00:00+00:00,0.18410000205039978,0.186599999666214,0.18359999358654022,0.18649999797344208,275897,0.0,0.0
2026-08-21 09:00:00+00:00,0.18649999797344208,0.18950000405311584,0.18469999730587006,0.18610000610351562,749745,0.0,0.0
2026-08-21 10:00:00+00:00,0.18629999458789825,0.19179999828338623,0.18610000610351562,0.19179999828338623,1300079,0.0,0.0
2026-08-21 11:00:00+00:00,0.19169999659061432,0.19169999659061432,0.1882999986410141,0.18930000066757202,81909,0.0,0.0
2026-08-21 12:00:00+00:00,0.18930000066757202,0.19130000472068787,0.18860000371932983,0.19110000133514404,297300,0.0,0.0
2026-08-21 13:00:00+00:00,0.19110000133514404,0.19419999420642853,0.19089999794960022,0.1940000057220459,0,0.0,0.0
2026-08-21 14:00:00+00:00,0.1940000057220459,0.19499999284744263,0.19099999964237213,0.19480000436306,0,0.0,0.0
2026-08-21 15:00:00+00:00,0.19480000436306,0.20000000298023224,0.19480000436306,0.19660000503063202,527336,0.0,0.0
2026-08-21 16:00:00+00:00,0.19660000503063202,0.2011999934911728,0.19660000503063202,0.1979999989271164,0,0.0,0.0
2026-08-21 17:00:00+00:00,0.1981000006198883,0.19990000128746033,0.19740000367164612,0.1995999962091446,0,0.0,0.0
2026-08-21 18:00:00+00:00,0.19979999959468842,0.20229999721050262,0.19850000739097595,0.1995999962091446,0,0.0,0.0
2026-08-21 19:00:00+00:00,0.1995999962091446,0.2013999968767166,0.1979999989271164,0.2004999965429306,435830,0.0,0.0
2026-08-21 20:00:00+00:00,0.20010000467300415,0.20309999585151672,0.1995999962091446,0.20270000398159027,0,0.0,0.0
2026-08-21 21:00:00+00:00,0.20280000567436218,0.20409999787807465,0.2011999934911728,0.20309999585151672,629030,0.0,0.0
2026-08-21 22:00:00+00:00,0.2029999941587448,0.2093999981880188,0.20229999721050262,0.2079000025987625,1113113,0.0,0.0
2026-08-21 23:00:00+00:00,0.2079000025987625,0.2079000025987625,0.20559999346733093,0.20649999380111694,30938,0.0,0.0
2026-08-22 00:00:00+00:00,0.20649999380111694,0.2084999978542328,0.20579999685287476,0.20800000429153442,462794,0.0,0.0
2026-08-22 01:00:00+00:00,0.20800000429153442,0.2085999995470047,0.2029999941587448,0.2037000060081482,38414,0.0,0.0
2026-08-22 02:00:00+00:00,0.20389999449253082,0.2046000063419342,0.20260000228881836,0.20309999585151672,0,0.0,0.0
2026-08-22 03:00:00+00:00,0.20319999754428864,0.20499999821186066,0.20239999890327454,0.20489999651908875,0,0.0,0.0
2026-08-22 04:00:00+00:00,0.20479999482631683,0.2054000049829483,0.2037000060081482,0.20499999821186066,74654,0.0,0.0
2026-08-22 05:00:00+00:00,0.20489999651908875,0.2054000049829483,0.18850000202655792,0.19750000536441803,2806948,0.0,0.0
2026-08-22 06:00:00+00:00,0.19750000536441803,0.20399999618530273,0.1973000019788742,0.2013999968767166,638196,0.0,0.0
2026-08-22 07:00:00+00:00,0.2011999934911728,0.2011999934911728,0.19709999859333038,0.1973000019788742,599934,0.0,0.0
2026-08-22 08:00:00+00:00,0.1973000019788742,0.19859999418258667,0.19439999759197235,0.19480000436306,0,0.0,0.0
2026-08-22 09:00:00+00:00,0.19480000436306,0.19580000638961792,0.19290000200271606,0.19499999284744263,0,0.0,0.0
2026-08-22 10:00:00+00:00,0.19499999284744263,0.19519999623298645,0.19200000166893005,0.19519999623298645,0,0.0,0.0
2026-08-22 11:00:00+00:00,0.19480000436306,0.19519999623298645,0.19189999997615814,0.19329999387264252,0,0.0,0.0
2026-08-22 12:00:00+00:00,0.19329999387264252,0.1987999975681305,0.19329999387264252,0.19769999384880066,377966,0.0,0.0
2026-08-22 13:00:00+00:00,0.19769999384880066,0.19850000739097595,0.19529999792575836,0.1972000002861023,0,0.0,0.0
2026-08-22 14:00:00+00:00,0.1972000002861023,0.1972000002861023,0.19249999523162842,0.19249999523162842,0,0.0,0.0
2026-08-22 15:00:00+00:00,0.19249999523162842,0.1941000074148178,0.19249999523162842,0.1932000070810318,0,0.0,0.0
2026-08-22 16:00:00+00:00,0.1932000070810318,0.19449999928474426,0.19249999523162842,0.19370000064373016,0,0.0,0.0
2026-08-22 17:00:00+00:00,0.19370000064373016,0.19670000672340393,0.19349999725818634,0.19609999656677246,0,0.0,0.0
2026-08-22 18:00:00+00:00,0.19609999656677246,0.19900000095367432,0.19589999318122864,0.19679999351501465,0,0.0,0.0
2026-08-22 19:00:00+00:00,0.19670000672340393,0.1972000002861023,0.1956000030040741,0.1965000033378601,0,0.0,0.0
2026-08-22 20:00:00+00:00,0.19660000503063202,0.19660000503063202,0.19480000436306,0.19550000131130219,0,0.0,0.0
2026-08-22 21:00:00+00:00,0.19550000131130219,0.19550000131130219,0.19130000472068787,0.19179999828338623,325366,0.0,0.0
2026-08-22 22:00:00+00:00,0.19179999828338623,0.19329999387264252,0.1914999932050705,0.19249999523162842,0,0.0,0.0
2026-08-22 23:00:00+00:00,0.1923999935388565,0.19339999556541443,0.19179999828338623,0.19300000369548798,87,0.0,0.0
2026-08-23 00:00:00+00:00,0.19300000369548798,0.19339999556541443,0.1914999932050705,0.19179999828338623,0,0.0,0.0
2026-08-23 01:00:00+00:00,0.19200000166893005,0.19300000369548798,0.1915999948978424,0.19200000166893005,0,0.0,0.0
2026-08-23 02:00:00+00:00,0.19189999997615814,0.19189999997615814,0.19020000100135803,0.19050000607967377,0,0.0,0.0
2026-08-23 03:00:00+00:00,0.19050000607967377,0.19059999287128448,0.1898999959230423,0.19009999930858612,0,0.0,0.0
2026-08-23 04:00:00+00:00,0.19009999930858612,0.19040000438690186,0.18940000236034393,0.1898999959230423,0,0.0,0.0
2026-08-23 05:00:00+00:00,0.1899999976158142,0.1899999976158142,0.1858000010251999,0.1858000010251999,0,0.0,0.0
2026-08-23 06:00:00+00:00,0.1858000010251999,0.18809999525547028,0.18569999933242798,0.1873999983072281,0,0.0,0.0
2026-08-23 07:00:00+00:00,0.1873999983072281,0.18889999389648438,0.1873999983072281,0.18780000507831573,0,0.0,0.0
2026-08-23 08:00:00+00:00,0.18780000507831573,0.1906999945640564,0.18780000507831573,0.19040000438690186,0,0.0,0.0
2026-08-23 09:00:00+00:00,0.19040000438690186,0.19130000472068787,0.1899999976158142,0.19120000302791595,0,0.0,0.0
2026-08-23 10:00:00+00:00,0.1914999932050705,0.19499999284744263,0.1914999932050705,0.1940000057220459,0,0.0,0.0
2026-08-23 11:00:00+00:00,0.1940000057220459,0.19499999284744263,0.19290000200271606,0.19460000097751617,0,0.0,0.0
2026-08-23 12:00:00+00:00,0.19460000097751617,0.19539999961853027,0.19300000369548798,0.19429999589920044,0,0.0,0.0
2026-08-23 13:00:00+00:00,0.19429999589920044,0.19670000672340393,0.19370000064373016,0.1965000033378601,57969,0.0,0.0
2026-08-23 14:00:00+00:00,0.1965000033378601,0.19869999587535858,0.19370000064373016,0.195700004696846,356677,0.0,0.0
2026-08-23 15:00:00+00:00,0.195700004696846,0.19850000739097595,0.1949000060558319,0.1972000002861023,238374,0.0,0.0
2026-08-23 16:00:00+00:00,0.1973000019788742,0.1981000006198883,0.19689999520778656,0.19779999554157257,0,0.0,0.0
2026-08-23 17:00:00+00:00,0.19779999554157257,0.19779999554157257,0.1956000030040741,0.19599999487400055,0,0.0,0.0
2026-08-23 18:00:00+00:00,0.19599999487400055,0.20000000298023224,0.19599999487400055,0.19850000739097595,318682,0.0,0.0
2026-08-23 19:00:00+00:00,0.19850000739097595,0.19850000739097595,0.19660000503063202,0.19660000503063202,15107,0.0,0.0
2026-08-23 20:00:00+00:00,0.1965000033378601,0.1973000019788742,0.19609999656677246,0.19670000672340393,0,0.0,0.0
2026-08-23 21:00:00+00:00,0.19660000503063202,0.20160000026226044,0.19660000503063202,0.2011999934911728,1081737,0.0,0.0
2026-08-23 22:00:00+00:00,0.2011999934911728,0.2037999927997589,0.2011999934911728,0.20250000059604645,1510426,0.0,0.0
2026-08-23 23:00:00+00:00,0.20250000059604645,0.20250000059604645,0.19930000603199005,0.20110000669956207,766126,0.0,0.0
2026-08-24 00:00:00+00:00,0.20110000669956207,0.20170000195503235,0.1972000002861023,0.1979999989271164,326882,0.0,0.0
2026-08-24 01:00:00+00:00,0.19820000231266022,0.20000000298023224,0.1979999989271164,0.19850000739097595,662622,0.0,0.0
2026-08-24 02:00:00+00:00,0.19830000400543213,0.20059999823570251,0.19679999351501465,0.19769999384880066,615945,0.0,0.0
2026-08-24 03:00:00+00:00,0.19769999384880066,0.1979999989271164,0.19470000267028809,0.19480000436306,154134,0.0,0.0
2026-08-24 04:00:00+00:00,0.19509999454021454,0.19580000638961792,0.19449999928474426,0.19480000436306,50384,0.0,0.0
2026-08-24 05:00:00+00:00,0.19480000436306,0.19529999792575836,0.19300000369548798,0.1932000070810318,0,0.0,0.0
2026-08-24 06:00:00+00:00,0.1932000070810318,0.19509999454021454,0.19179999828338623,0.19269999861717224,418152,0.0,0.0
2026-08-24 07:00:00+00:00,0.19269999861717224,0.19370000064373016,0.19249999523162842,0.19280000030994415,0,0.0,0.0
2026-08-24 08:00:00+00:00,0.19280000030994415,0.1941000074148178,0.19140000641345978,0.19329999387264252,252431,0.0,0.0
2026-08-24 09:00:00+00:00,0.1931000053882599,0.1972000002861023,0.1931000053882599,0.19699999690055847,695605,0.0,0.0
2026-08-24 10:00:00+00:00,0.19699999690055847,0.20579999685287476,0.19670000672340393,0.20569999516010284,2215819,0.0,0.0
2026-08-24 11:00:00+00:00,0.20579999685287476,0.20759999752044678,0.20180000364780426,0.2037999927997589,1498888,0.0,0.0
2026-08-24 12:00:00+00:00,0.2037999927997589,0.20479999482631683,0.2029000073671341,0.20419999957084656,355676,0.0,0.0
2026-08-24 13:00:00+00:00,0.20419999957084656,0.20499999821186066,0.19930000603199005,0.2013999968767166,523114,0.0,0.0
2026-08-24 14:00:00+00:00,0.2011999934911728,0.20389999449253082,0.20059999823570251,0.20180000364780426,0,0.0,0.0
2026-08-24 15:00:00+00:00,0.20170000195503235,0.20499999821186066,0.19939999282360077,0.20010000467300415,251174,0.0,0.0
2026-08-24 16:00:00+00:00,0.20020000636577606,0.20409999787807465,0.20020000636577606,0.20319999754428864,368868,0.0,0.0
2026-08-24 17:00:00+00:00,0.20319999754428864,0.20319999754428864,0.19869999587535858,0.20000000298023224,0,0.0,0.0
2026-08-24 18:00:00+00:00,0.20020000636577606,0.20149999856948853,0.20000000298023224,0.20000000298023224,0,0.0,0.0
2026-08-24 19:00:00+00:00,0.20000000298023224,0.20229999721050262,0.20000000298023224,0.2003999948501587,850032,0.0,0.0
2026-08-24 20:00:00+00:00,0.2003999948501587,0.20239999890327454,0.1995999962091446,0.20239999890327454,53808,0.0,0.0
2026-08-24 21:00:00+00:00,0.20250000059604645,0.20309999585151672,0.20069999992847443,0.2011999934911728,0,0.0,0.0
2026-08-24 22:00:00+00:00,0.2011999934911728,0.2011999934911728,0.20029999315738678,0.20029999315738678,526668,0.0,0.0
