Datetime,Open,High,Low,Close,Volume,Dividends,Stock Splits
2026-06-26 00:00:00+00:00,0.14399999380111694,0.14399999380111694,0.14399999380111694,0.14399999380111694,0,0.0,0.0
2026-06-26 01:00:00+00:00,0.14399999380111694,0.14399999380111694,0.1420000046491623,0.1420000046491623,0,0.0,0.0
2026-06-26 02:00:00+00:00,0.1420000046491623,0.1420000046491623,0.13699999451637268,0.13899999856948853,1747456,0.0,0.0
2026-06-26 03:00:00+00:00,0.13899999856948853,0.14300000667572021,0.1379999965429306,0.14300000667572021,2018668,0.0,0.0
2026-06-26 04:00:00+00:00,0.14300000667572021,0.14300000667572021,0.14300000667572021,0.14300000667572021,343620,0.0,0.0
2026-06-26 05:00:00+00:00,0.14300000667572021,0.14399999380111694,0.14300000667572021,0.14300000667572021,0,0.0,0.0
2026-06-26 06:00:00+00:00,0.14300000667572021,0.14499999582767487,0.1420000046491623,0.14499999582767487,707072,0.0,0.0
2026-06-26 07:00:00+00:00,0.1459999978542328,0.14800000190734863,0.1459999978542328,0.1469999998807907,1152844,0.0,0.0
2026-06-26 08:00:00+00:00,0.1469999998807907,0.1469999998807907,0.14499999582767487,0.1459999978542328,583308,0.0,0.0
2026-06-26 09:00:00+00:00,0.1459999978542328,0.1459999978542328,0.14399999380111694,0.14399999380111694,993896,0.0,0.0
2026-06-26 10:00:00+00:00,0.14399999380111694,0.14499999582767487,0.14300000667572021,0.14399999380111694,782828,0.0,0.0
2026-06-26 11:00:00+00:00,0.14399999380111694,0.14399999380111694,0.14300000667572021,0.14300000667572021,216376,0.0,0.0
2026-06-26 12:00:00+00:00,0.14300000667572021,0.1459999978542328,0.14300000667572021,0.14399999380111694,0,0.0,0.0
2026-06-26 13:00:00+00:00,0.14399999380111694,0.1459999978542328,0.14300000667572021,0.1459999978542328,0,0.0,0.0
2026-06-26 14:00:00+00:00,0.1459999978542328,0.14800000190734863,0.14499999582767487,0.14499999582767487,0,0.0,0.0
2026-06-26 15:00:00+00:00,0.14499999582767487,0.14900000393390656,0.14499999582767487,0.14800000190734863,0,0.0,0.0
2026-06-26 16:00:00+00:00,0.14800000190734863,0.15000000596046448,0.14800000190734863,0.15000000596046448,865180,0.0,0.0
2026-06-26 17:00:00+00:00,0.15000000596046448,0.15299999713897705,0.15000000596046448,0.15299999713897705,1361968,0.0,0.0
2026-06-26 18:00:00+00:00,0.15299999713897705,0.1550000011920929,0.15199999511241913,0.1550000011920929,1390360,0.0,0.0
2026-06-26 19:00:00+00:00,0.1550000011920929,0.15600000321865082,0.15299999713897705,0.15399999916553497,3187064,0.0,0.0
2026-06-26 20:00:00+00:00,0.15399999916553497,0.15600000321865082,0.15399999916553497,0.1550000011920929,1781620,0.0,0.0
2026-06-26 21:00:00+00:00,0.1550000011920929,0.1550000011920929,0.15199999511241913,0.15299999713897705,554036,0.0,0.0
2026-06-26 22:00:00+00:00,0.15299999713897705,0.15299999713897705,0.15199999511241913,0.15299999713897705,0,0.0,0.0
2026-06-26 23:00:00+00:00,0.15299999713897705,0.15700000524520874,0.15299999713897705,0.15399999916553497,1029440,0.0,0.0
2026-06-27 00:00:00+00:00,0.15399999916553497,0.15700000524520874,0.15399999916553497,0.15700000524520874,2001040,0.0,0.0
2026-06-27 01:00:00+00:00,0.15700000524520874,0.1589999943971634,0.15600000321865082,0.15700000524520874,1834152,0.0,0.0
2026-06-27 02:00:00+00:00,0.15700000524520874,0.164000004529953,0.15700000524520874,0.164000004529953,376128,0.0,0.0
2026-06-27 03:00:00+00:00,0.16300000250339508,0.16599999368190765,0.1599999964237213,0.16300000250339508,4245640,0.0,0.0
2026-06-27 04:00:00+00:00,0.16300000250339508,0.16699999570846558,0.16200000047683716,0.16200000047683716,3521400,0.0,0.0
2026-06-27 05:00:00+00:00,0.16200000047683716,0.16500000655651093,0.1599999964237213,0.16500000655651093,2098936,0.0,0.0
2026-06-27 06:00:00+00:00,0.16500000655651093,0.16699999570846558,0.16300000250339508,0.164000004529953,2648784,0.0,0.0
2026-06-27 07:00:00+00:00,0.164000004529953,0.16899999976158142,0.164000004529953,0.1679999977350235,5001728,0.0,0.0
2026-06-27 08:00:00+00:00,0.1679999977350235,0.17000000178813934,0.16599999368190765,0.16699999570846558,4697344,0.0,0.0
2026-06-27 09:00:00+00:00,0.16699999570846558,0.17299999296665192,0.16599999368190765,0.17299999296665192,3257176,0.0,0.0
2026-06-27 10:00:00+00:00,0.17299999296665192,0.17299999296665192,0.16599999368190765,0.16599999368190765,3562576,0.0,0.0
2026-06-27 11:00:00+00:00,0.16599999368190765,0.17000000178813934,0.164000004529953,0.17000000178813934,3321840,0.0,0.0
2026-06-27 12:00:00+00:00,0.16899999976158142,0.17299999296665192,0.16899999976158142,0.1720000058412552,2422248,0.0,0.0
2026-06-27 13:00:00+00:00,0.1720000058412552,0.17399999499320984,0.17100000381469727,0.17100000381469727,2013040,0.0,0.0
2026-06-27 14:00:00+00:00,0.17100000381469727,0.17599999904632568,0.17100000381469727,0.17399999499320984,2404296,0.0,0.0
2026-06-27 15:00:00+00:00,0.17399999499320984,0.17900000512599945,0.17399999499320984,0.17900000512599945,2498576,0.0,0.0
2026-06-27 16:00:00+00:00,0.17900000512599945,0.18400000035762787,0.17599999904632568,0.18000000715255737,5870032,0.0,0.0
2026-06-27 17:00:00+00:00,0.18000000715255737,0.18000000715255737,0.17299999296665192,0.17399999499320984,1458984,0.0,0.0
2026-06-27 18:00:00+00:00,0.17399999499320984,0.17499999701976776,0.1720000058412552,0.17399999499320984,0,0.0,0.0
2026-06-27 19:00:00+00:00,0.17399999499320984,0.17399999499320984,0.16899999976158142,0.17000000178813934,0,0.0,0.0
2026-06-27 20:00:00+00:00,0.17000000178813934,0.17000000178813934,0.1679999977350235,0.1679999977350235,0,0.0,0.0
2026-06-27 21:00:00+00:00,0.1679999977350235,0.1679999977350235,0.16599999368190765,0.1679999977350235,0,0.0,0.0
2026-06-27 22:00:00+00:00,0.1679999977350235,0.16899999976158142,0.16599999368190765,0.1679999977350235,538944,0.0,0.0
2026-06-27 23:00:00+00:00,0.1679999977350235,0.1679999977350235,0.16599999368190765,0.16599999368190765,0,0.0,0.0
2026-06-28 00:00:00+00:00,0.16599999368190765,0.16699999570846558,0.16599999368190765,0.16599999368190765,0,0.0,0.0
2026-06-28 01:00:00+00:00,0.16599999368190765,0.16599999368190765,0.16500000655651093,0.16599999368190765,0,0.0,0.0
2026-06-28 02:00:00+00:00,0.16599999368190765,0.16599999368190765,0.16500000655651093,0.16500000655651093,0,0.0,0.0
2026-06-28 03:00:00+00:00,0.16500000655651093,0.16699999570846558,0.16500000655651093,0.16699999570846558,0,0.0,0.0
2026-06-28 04:00:00+00:00,0.16699999570846558,0.16699999570846558,0.16500000655651093,0.16599999368190765,0,0.0,0.0
2026-06-28 05:00:00+00:00,0.16599999368190765,0.16899999976158142,0.16500000655651093,0.16899999976158142,0,0.0,0.0
2026-06-28 06:00:00+00:00,0.16899999976158142,0.16899999976158142,0.16500000655651093,0.16699999570846558,0,0.0,0.0
2026-06-28 07:00:00+00:00,0.16699999570846558,0.1720000058412552,0.16699999570846558,0.17000000178813934,0,0.0,0.0
2026-06-28 08:00:00+00:00,0.17000000178813934,0.17299999296665192,0.17000000178813934,0.1720000058412552,0,0.0,0.0
2026-06-28 09:00:00+00:00,0.1720000058412552,0.17299999296665192,0.17100000381469727,0.17100000381469727,0,0.0,0.0
2026-06-28 10:00:00+00:00,0.17100000381469727,0.17399999499320984,0.17000000178813934,0.17399999499320984,0,0.0,0.0
2026-06-28 11:00:00+00:00,0.17399999499320984,0.17800000309944153,0.17399999499320984,0.17399999499320984,0,0.0,0.0
2026-06-28 12:00:00+00:00,0.17499999701976776,0.17800000309944153,0.17399999499320984,0.1770000010728836,0,0.0,0.0
2026-06-28 13:00:00+00:00,0.1770000010728836,0.1770000010728836,0.1720000058412552,0.17299999296665192,0,0.0,0.0
2026-06-28 14:00:00+00:00,0.17299999296665192,0.17599999904632568,0.1720000058412552,0.17599999904632568,0,0.0,0.0
2026-06-28 15:00:00+00:00,0.17599999904632568,0.1770000010728836,0.17399999499320984,0.17399999499320984,0,0.0,0.0
2026-06-28 16:00:00+00:00,0.17399999499320984,0.17499999701976776,0.17299999296665192,0.17499999701976776,0,0.0,0.0
2026-06-28 17:00:00+00:00,0.17499999701976776,0.17599999904632568,0.17100000381469727,0.17100000381469727,0,0.0,0.0
2026-06-28 18:00:00+00:00,0.17100000381469727,0.17100000381469727,0.17000000178813934,0.17100000381469727,0,0.0,0.0
2026-06-28 19:00:00+00:00,0.17100000381469727,0.17100000381469727,0.1679999977350235,0.1679999977350235,0,0.0,0.0
2026-06-28 20:00:00+00:00,0.1679999977350235,0.17100000381469727,0.1679999977350235,0.17000000178813934,0,0.0,0.0
2026-06-28 21:00:00+00:00,0.17000000178813934,0.17100000381469727,0.17000000178813934,0.17000000178813934,0,0.0,0.0
2026-06-28 22:00:00+00:00,0.16899999976158142,0.17299999296665192,0.16899999976158142,0.17000000178813934,1015304,0.0,0.0
2026-06-28 23:00:00+00:00,0.17000000178813934,0.17399999499320984,0.17000000178813934,0.17299999296665192,396224,0.0,0.0
2026-06-29 00:00:00+00:00,0.17299999296665192,0.17499999701976776,0.17100000381469727,0.17499999701976776,1556060,0.0,0.0
2026-06-29 01:00:00+00:00,0.17499999701976776,0.17499999701976776,0.1720000058412552,0.17399999499320984,551796,0.0,0.0
2026-06-29 02:00:00+00:00,0.17299999296665192,0.1770000010728836,0.17100000381469727,0.17599999904632568,1166220,0.0,0.0
2026-06-29 03:00:00+00:00,0.17599999904632568,0.18199999630451202,0.17599999904632568,0.17800000309944153,1711592,0.0,0.0
2026-06-29 04:00:00+00:00,0.17800000309944153,0.17900000512599945,0.17599999904632568,0.17599999904632568,750368,0.0,0.0
2026-06-29 05:00:00+00:00,0.17599999904632568,0.17599999904632568,0.17399999499320984,0.17599999904632568,311552,0.0,0.0
2026-06-29 06:00:00+00:00,0.17599999904632568,0.1809999942779541,0.17599999904632568,0.18000000715255737,0,0.0,0.0
2026-06-29 07:00:00+00:00,0.18000000715255737,0.18400000035762787,0.18000000715255737,0.18199999630451202,124152,0.0,0.0
2026-06-29 08:00:00+00:00,0.18199999630451202,0.18299999833106995,0.18000000715255737,0.1809999942779541,0,0.0,0.0
2026-06-29 09:00:00+00:00,0.1809999942779541,0.18299999833106995,0.18000000715255737,0.18299999833106995,427400,0.0,0.0
2026-06-29 10:00:00+00:00,0.18299999833106995,0.18299999833106995,0.18199999630451202,0.18199999630451202,0,0.0,0.0
2026-06-29 11:00:00+00:00,0.18199999630451202,0.18199999630451202,0.17900000512599945,0.17900000512599945,0,0.0,0.0
2026-06-29 12:00:00+00:00,0.17900000512599945,0.1860000044107437,0.17900000512599945,0.18199999630451202,1230048,0.0,0.0
2026-06-29 13:00:00+00:00,0.18199999630451202,0.18299999833106995,0.17800000309944153,0.18000000715255737,656488,0.0,0.0
2026-06-29 14:00:00+00:00,0.18000000715255737,0.1809999942779541,0.17800000309944153,0.17900000512599945,930072,0.0,0.0
2026-06-29 15:00:00+00:00,0.17900000512599945,0.17900000512599945,0.17599999904632568,0.1770000010728836,1245624,0.0,0.0
2026-06-29 16:00:00+00:00,0.1770000010728836,0.18000000715255737,0.1770000010728836,0.18000000715255737,511280,0.0,0.0
2026-06-29 17:00:00+00:00,0.18000000715255737,0.1860000044107437,0.18000000715255737,0.18400000035762787,1572104,0.0,0.0
2026-06-29 18:00:00+00:00,0.18400000035762787,0.18400000035762787,0.1809999942779541,0.1809999942779541,746248,0.0,0.0
2026-06-29 19:00:00+00:00,0.1809999942779541,0.18299999833106995,0.1809999942779541,0.1809999942779541,769160,0.0,0.0
2026-06-29 20:00:00+00:00,0.1809999942779541,0.18199999630451202,0.18000000715255737,0.18000000715255737,0,0.0,0.0
2026-06-29 21:00:00+00:00,0.18000000715255737,0.18000000715255737,0.17900000512599945,0.17900000512599945,437984,0.0,0.0
2026-06-29 22:00:00+00:00,0.17900000512599945,0.17900000512599945,0.1770000010728836,0.17800000309944153,0,0.0,0.0
2026-06-29 23:00:00+00:00,0.17800000309944153,0.17800000309944153,0.17499999701976776,0.17499999701976776,0,0.0,0.0
2026-06-30 00:00:00+00:00,0.17499999701976776,0.17599999904632568,0.1720000058412552,0.17299999296665192,113128,0.0,0.0
2026-06-30 01:00:00+00:00,0.17299999296665192,0.17399999499320984,0.1720000058412552,0.17299999296665192,492288,0.0,0.0
2026-06-30 02:00:00+00:00,0.17299999296665192,0.17399999499320984,0.17100000381469727,0.17299999296665192,353008,0.0,0.0
2026-06-30 03:00:00+00:00,0.17299999296665192,0.17399999499320984,0.17299999296665192,0.17399999499320984,0,0.0,0.0
2026-06-30 04:00:00+00:00,0.17399999499320984,0.17599999904632568,0.17299999296665192,0.17499999701976776,398576,0.0,0.0
2026-06-30 05:00:00+00:00,0.17499999701976776,0.17499999701976776,0.17399999499320984,0.17499999701976776,550504,0.0,0.0
2026-06-30 06:00:00+00:00,0.17499999701976776,0.17599999904632568,0.17499999701976776,0.17599999904632568,0,0.0,0.0
2026-06-30 07:00:00+00:00,0.17599999904632568,0.17599999904632568,0.17399999499320984,0.17399999499320984,0,0.0,0.0
2026-06-30 08:00:00+00:00,0.17399999499320984,0.17399999499320984,0.1720000058412552,0.17299999296665192,0,0.0,0.0
2026-06-30 09:00:00+00:00,0.17299999296665192,0.17299999296665192,0.1720000058412552,0.17299999296665192,0,0.0,0.0
2026-06-30 10:00:00+00:00,0.17299999296665192,0.17299999296665192,0.17299999296665192,0.17299999296665192,2968672,0.0,0.0
2026-06-30 11:00:00+00:00,0.17299999296665192,0.17299999296665192,0.17100000381469727,0.17100000381469727,0,0.0,0.0
2026-06-30 12:00:00+00:00,0.17100000381469727,0.17100000381469727,0.16699999570846558,0.16699999570846558,0,0.0,0.0
2026-06-30 13:00:00+00:00,0.16699999570846558,0.16899999976158142,0.16699999570846558,0.16899999976158142,5432,0.0,0.0
2026-06-30 14:00:00+00:00,0.16899999976158142,0.17100000381469727,0.1679999977350235,0.1679999977350235,0,0.0,0.0
2026-06-30 15:00:00+00:00,0.1679999977350235,0.17100000381469727,0.1679999977350235,0.16899999976158142,0,0.0,0.0
2026-06-30 16:00:00+00:00,0.16899999976158142,0.17000000178813934,0.16699999570846558,0.17000000178813934,815152,0.0,0.0
2026-06-30 17:00:00+00:00,0.17000000178813934,0.17000000178813934,0.1679999977350235,0.1679999977350235,0,0.0,0.0
2026-06-30 18:00:00+00:00,0.1679999977350235,0.1679999977350235,0.16699999570846558,0.1679999977350235,0,0.0,0.0
2026-06-30 19:00:00+00:00,0.1679999977350235,0.1679999977350235,0.1679999977350235,0.1679999977350235,0,0.0,0.0
2026-06-30 20:00:00+00:00,0.1679999977350235,0.1679999977350235,0.16599999368190765,0.16699999570846558,0,0.0,0.0
2026-06-30 21:00:00+00:00,0.16699999570846558,0.1679999977350235,0.16699999570846558,0.16699999570846558,493768,0.0,0.0
2026-06-30 22:00:00+00:00,0.16699999570846558,0.1679999977350235,0.16699999570846558,0.1679999977350235,0,0.0,0.0
2026-06-30 23:00:00+00:00,0.1679999977350235,0.1679999977350235,0.16500000655651093,0.16599999368190765,11116,0.0,0.0
2026-07-01 00:00:00+00:00,0.16599999368190765,0.16599999368190765,0.16500000655651093,0.16500000655651093,0,0.0,0.0
2026-07-01 01:00:00+00:00,0.16500000655651093,0.16500000655651093,0.1599999964237213,0.16099999845027924,1519416,0.0,0.0
2026-07-01 02:00:00+00:00,0.16099999845027924,0.16300000250339508,0.16099999845027924,0.16300000250339508,924036,0.0,0.0
2026-07-01 03:00:00+00:00,0.16300000250339508,0.16699999570846558,0.16300000250339508,0.16699999570846558,395340,0.0,0.0
2026-07-01 04:00:00+00:00,0.16699999570846558,0.17000000178813934,0.16599999368190765,0.16899999976158142,2319792,0.0,0.0
2026-07-01 05:00:00+00:00,0.16899999976158142,0.16899999976158142,0.16599999368190765,0.16599999368190765,1258352,0.0,0.0
2026-07-01 06:00:00+00:00,0.16599999368190765,0.16699999570846558,0.16300000250339508,0.16300000250339508,1360192,0.0,0.0
2026-07-01 07:00:00+00:00,0.16300000250339508,0.164000004529953,0.16200000047683716,0.164000004529953,1205432,0.0,0.0
2026-07-01 08:00:00+00:00,0.164000004529953,0.16599999368190765,0.16300000250339508,0.16599999368190765,401768,0.0,0.0
2026-07-01 09:00:00+00:00,0.16599999368190765,0.16699999570846558,0.16500000655651093,0.16599999368190765,1865904,0.0,0.0
2026-07-01 10:00:00+00:00,0.16599999368190765,0.16699999570846558,0.16500000655651093,0.16599999368190765,1108184,0.0,0.0
2026-07-01 11:00:00+00:00,0.16599999368190765,0.16699999570846558,0.16599999368190765,0.16699999570846558,608960,0.0,0.0
2026-07-01 12:00:00+00:00,0.16699999570846558,0.16699999570846558,0.16500000655651093,0.16500000655651093,0,0.0,0.0
2026-07-01 13:00:00+00:00,0.16500000655651093,0.17100000381469727,0.16500000655651093,0.17100000381469727,194000,0.0,0.0
2026-07-01 14:00:00+00:00,0.17100000381469727,0.17499999701976776,0.17000000178813934,0.17299999296665192,1366808,0.0,0.0
2026-07-01 15:00:00+00:00,0.17299999296665192,0.17599999904632568,0.17299999296665192,0.17499999701976776,1210248,0.0,0.0
2026-07-01 16:00:00+00:00,0.17499999701976776,0.17599999904632568,0.1720000058412552,0.17299999296665192,0,0.0,0.0
2026-07-01 17:00:00+00:00,0.17299999296665192,0.17299999296665192,0.1720000058412552,0.17299999296665192,0,0.0,0.0
2026-07-01 18:00:00+00:00,0.17299999296665192,0.17299999296665192,0.17000000178813934,0.17000000178813934,161144,0.0,0.0
2026-07-01 19:00:00+00:00,0.17000000178813934,0.17100000381469727,0.1679999977350235,0.1679999977350235,706360,0.0,0.0
2026-07-01 20:00:00+00:00,0.1679999977350235,0.16899999976158142,0.1679999977350235,0.16899999976158142,452856,0.0,0.0
2026-07-01 21:00:00+00:00,0.16899999976158142,0.17299999296665192,0.16899999976158142,0.1720000058412552,1210752,0.0,0.0
2026-07-01 22:00:00+00:00,0.1720000058412552,0.17299999296665192,0.17100000381469727,0.17100000381469727,631016,0.0,0.0
2026-07-01 23:00:00+00:00,0.17100000381469727,0.17100000381469727,0.1679999977350235,0.1679999977350235,0,0.0,0.0
2026-07-02 00:00:00+00:00,0.1679999977350235,0.1679999977350235,0.16599999368190765,0.16699999570846558,0,0.0,0.0
2026-07-02 01:00:00+00:00,0.16699999570846558,0.17000000178813934,0.16699999570846558,0.17000000178813934,0,0.0,0.0
2026-07-02 02:00:00+00:00,0.17000000178813934,0.17100000381469727,0.16899999976158142,0.17100000381469727,0,0.0,0.0
2026-07-02 03:00:00+00:00,0.17100000381469727,0.1720000058412552,0.17000000178813934,0.1720000058412552,0,0.0,0.0
2026-07-02 04:00:00+00:00,0.1720000058412552,0.17299999296665192,0.1720000058412552,0.17299999296665192,0,0.0,0.0
2026-07-02 05:00:00+00:00,0.17299999296665192,0.17299999296665192,0.17000000178813934,0.17000000178813934,0,0.0,0.0
2026-07-02 06:00:00+00:00,0.17000000178813934,0.17000000178813934,0.17000000178813934,0.17000000178813934,0,0.0,0.0
2026-07-02 07:00:00+00:00,0.17000000178813934,0.17000000178813934,0.16899999976158142,0.17000000178813934,0,0.0,0.0
2026-07-02 08:00:00+00:00,0.17000000178813934,0.17299999296665192,0.17000000178813934,0.1720000058412552,1134896,0.0,0.0
2026-07-02 09:00:00+00:00,0.1720000058412552,0.17499999701976776,0.17100000381469727,0.17399999499320984,1318064,0.0,0.0
2026-07-02 10:00:00+00:00,0.17399999499320984,0.1770000010728836,0.17299999296665192,0.1770000010728836,1240848,0.0,0.0
2026-07-02 11:00:00+00:00,0.1770000010728836,0.18000000715255737,0.1770000010728836,0.17900000512599945,2003744,0.0,0.0
2026-07-02 12:00:00+00:00,0.17900000512599945,0.1809999942779541,0.1770000010728836,0.1770000010728836,1699584,0.0,0.0
2026-07-02 13:00:00+00:00,0.1770000010728836,0.17800000309944153,0.17499999701976776,0.17800000309944153,81360,0.0,0.0
2026-07-02 14:00:00+00:00,0.17800000309944153,0.17900000512599945,0.17399999499320984,0.17399999499320984,0,0.0,0.0
2026-07-02 15:00:00+00:00,0.17399999499320984,0.17399999499320984,0.17100000381469727,0.1720000058412552,107352,0.0,0.0
2026-07-02 16:00:00+00:00,0.1720000058412552,0.1720000058412552,0.17100000381469727,0.1720000058412552,0,0.0,0.0
2026-07-02 17:00:00+00:00,0.1720000058412552,0.17399999499320984,0.1720000058412552,0.1720000058412552,798464,0.0,0.0
2026-07-02 18:00:00+00:00,0.1720000058412552,0.17499999701976776,0.1720000058412552,0.17399999499320984,0,0.0,0.0
2026-07-02 19:00:00+00:00,0.17399999499320984,0.17399999499320984,0.1720000058412552,0.1720000058412552,0,0.0,0.0
2026-07-02 20:00:00+00:00,0.1720000058412552,0.1720000058412552,0.17100000381469727,0.1720000058412552,0,0.0,0.0
2026-07-02 21:00:00+00:00,0.1720000058412552,0.17299999296665192,0.1720000058412552,0.17299999296665192,0,0.0,0.0
2026-07-02 22:00:00+00:00,0.17299999296665192,0.17299999296665192,0.17100000381469727,0.1720000058412552,0,0.0,0.0
2026-07-02 23:00:00+00:00,0.1720000058412552,0.17299999296665192,0.1720000058412552,0.17299999296665192,374392,0.0,0.0
2026-07-03 00:00:00+00:00,0.17299999296665192,0.17299999296665192,0.17100000381469727,0.17100000381469727,0,0.0,0.0
2026-07-03 01:00:00+00:00,0.17100000381469727,0.17499999701976776,0.17100000381469727,0.17399999499320984,1330536,0.0,0.0
2026-07-03 02:00:00+00:00,0.17399999499320984,0.17399999499320984,0.1720000058412552,0.1720000058412552,820744,0.0,0.0
2026-07-03 03:00:00+00:00,0.1720000058412552,0.17299999296665192,0.17100000381469727,0.1720000058412552,0,0.0,0.0
2026-07-03 04:00:00+00:00,0.1720000058412552,0.1720000058412552,0.1720000058412552,0.1720000058412552,0,0.0,0.0
2026-07-03 05:00:00+00:00,0.1720000058412552,0.17299999296665192,0.1720000058412552,0.17299999296665192,231984,0.0,0.0
2026-07-03 06:00:00+00:00,0.17299999296665192,0.17399999499320984,0.1720000058412552,0.17299999296665192,347712,0.0,0.0
2026-07-03 07:00:00+00:00,0.17299999296665192,0.17299999296665192,0.17299999296665192,0.17299999296665192,26152,0.0,0.0
2026-07-03 08:00:00+00:00,0.17299999296665192,0.17299999296665192,0.1720000058412552,0.1720000058412552,0,0.0,0.0
2026-07-03 09:00:00+00:00,0.1720000058412552,0.17399999499320984,0.1720000058412552,0.17399999499320984,0,0.0,0.0
2026-07-03 10:00:00+00:00,0.17399999499320984,0.1770000010728836,0.17399999499320984,0.1770000010728836,0,0.0,0.0
2026-07-03 11:00:00+00:00,0.17599999904632568,0.17900000512599945,0.17599999904632568,0.17800000309944153,0,0.0,0.0
2026-07-03 12:00:00+00:00,0.17800000309944153,0.17900000512599945,0.17599999904632568,0.17800000309944153,0,0.0,0.0
2026-07-03 13:00:00+00:00,0.17800000309944153,0.17800000309944153,0.17599999904632568,0.1770000010728836,0,0.0,0.0
2026-07-03 14:00:00+00:00,0.1770000010728836,0.1770000010728836,0.17499999701976776,0.1770000010728836,0,0.0,0.0
2026-07-03 15:00:00+00:00,0.1770000010728836,0.18000000715255737,0.1770000010728836,0.1770000010728836,0,0.0,0.0
2026-07-03 16:00:00+00:00,0.1770000010728836,0.18000000715255737,0.1770000010728836,0.17800000309944153,894688,0.0,0.0
2026-07-03 17:00:00+00:00,0.17800000309944153,0.17800000309944153,0.1770000010728836,0.17800000309944153,0,0.0,0.0
2026-07-03 18:00:00+00:00,0.17800000309944153,0.17800000309944153,0.17599999904632568,0.1770000010728836,0,0.0,0.0
2026-07-03 19:00:00+00:00,0.1770000010728836,0.17800000309944153,0.1770000010728836,0.17800000309944153,0,0.0,0.0
2026-07-03 20:00:00+00:00,0.17800000309944153,0.18000000715255737,0.17800000309944153,0.17800000309944153,717272,0.0,0.0
2026-07-03 21:00:00+00:00,0.17800000309944153,0.18400000035762787,0.17800000309944153,0.18299999833106995,531236,0.0,0.0
2026-07-03 22:00:00+00:00,0.18299999833106995,0.18400000035762787,0.1809999942779541,0.18199999630451202,1039128,0.0,0.0
2026-07-03 23:00:00+00:00,0.18199999630451202,0.18299999833106995,0.18000000715255737,0.18199999630451202,442960,0.0,0.0
2026-07-04 00:00:00+00:00,0.18199999630451202,0.18299999833106995,0.1809999942779541,0.1809999942779541,0,0.0,0.0
2026-07-04 01:00:00+00:00,0.1809999942779541,0.1809999942779541,0.17800000309944153,0.17800000309944153,0,0.0,0.0
2026-07-04 02:00:00+00:00,0.17800000309944153,0.1809999942779541,0.17800000309944153,0.1809999942779541,0,0.0,0.0
2026-07-04 03:00:00+00:00,0.1809999942779541,0.18400000035762787,0.1809999942779541,0.18199999630451202,643980,0.0,0.0
2026-07-04 04:00:00+00:00,0.18199999630451202,0.18299999833106995,0.1809999942779541,0.18199999630451202,241912,0.0,0.0
2026-07-04 05:00:00+00:00,0.18199999630451202,0.18199999630451202,0.17900000512599945,0.17900000512599945,0,0.0,0.0
2026-07-04 06:00:00+00:00,0.17900000512599945,0.18000000715255737,0.1770000010728836,0.17800000309944153,0,0.0,0.0
2026-07-04 07:00:00+00:00,0.17800000309944153,0.17800000309944153,0.1770000010728836,0.1770000010728836,0,0.0,0.0
2026-07-04 08:00:00+00:00,0.1770000010728836,0.17800000309944153,0.1770000010728836,0.1770000010728836,0,0.0,0.0
2026-07-04 09:00:00+00:00,0.1770000010728836,0.1770000010728836,0.17299999296665192,0.17399999499320984,303340,0.0,0.0
2026-07-04 10:00:00+00:00,0.17399999499320984,0.17499999701976776,0.17399999499320984,0.17499999701976776,0,0.0,0.0
2026-07-04 11:00:00+00:00,0.17499999701976776,0.1770000010728836,0.17499999701976776,0.1770000010728836,0,0.0,0.0
2026-07-04 12:00:00+00:00,0.1770000010728836,0.17800000309944153,0.1770000010728836,0.17800000309944153,0,0.0,0.0
2026-07-04 13:00:00+00:00,0.17800000309944153,0.17800000309944153,0.1770000010728836,0.1770000010728836,0,0.0,0.0
2026-07-04 14:00:00+00:00,0.1770000010728836,0.17900000512599945,0.1770000010728836,0.17800000309944153,0,0.0,0.0
2026-07-04 15:00:00+00:00,0.17800000309944153,0.18199999630451202,0.17800000309944153,0.1809999942779541,207032,0.0,0.0
2026-07-04 16:00:00+00:00,0.1809999942779541,0.18199999630451202,0.18000000715255737,0.1809999942779541,0,0.0,0.0
2026-07-04 17:00:00+00:00,0.1809999942779541,0.18299999833106995,0.18000000715255737,0.18199999630451202,746708,0.0,0.0
2026-07-04 18:00:00+00:00,0.18199999630451202,0.18199999630451202,0.1809999942779541,0.1809999942779541,256164,0.0,0.0
2026-07-04 19:00:00+00:00,0.1809999942779541,0.1809999942779541,0.17900000512599945,0.17900000512599945,192040,0.0,0.0
2026-07-04 20:00:00+00:00,0.17900000512599945,0.17900000512599945,0.1770000010728836,0.17800000309944153,0,0.0,0.0
2026-07-04 21:00:00+00:00,0.17800000309944153,0.17900000512599945,0.1770000010728836,0.1770000010728836,0,0.0,0.0
2026-07-04 22:00:00+00:00,0.1770000010728836,0.1770000010728836,0.17599999904632568,0.17599999904632568,0,0.0,0.0
2026-07-04 23:00:00+00:00,0.17599999904632568,0.17599999904632568,0.17499999701976776,0.17599999904632568,0,0.0,0.0
2026-07-05 00:00:00+00:00,0.17599999904632568,0.17599999904632568,0.17499999701976776,0.17499999701976776,0,0.0,0.0
2026-07-05 01:00:00+00:00,0.17499999701976776,0.17499999701976776,0.17399999499320984,0.17499999701976776,0,0.0,0.0
2026-07-05 02:00:00+00:00,0.17499999701976776,0.17499999701976776,0.1720000058412552,0.17299999296665192,0,0.0,0.0
2026-07-05 03:00:00+00:00,0.17299999296665192,0.17299999296665192,0.1720000058412552,0.17299999296665192,0,0.0,0.0
2026-07-05 04:00:00+00:00,0.17299999296665192,0.17399999499320984,0.17299999296665192,0.17299999296665192,0,0.0,0.0
2026-07-05 05:00:00+00:00,0.17299999296665192,0.17299999296665192,0.1720000058412552,0.1720000058412552,0,0.0,0.0
2026-07-05 06:00:00+00:00,0.1720000058412552,0.17299999296665192,0.1720000058412552,0.17299999296665192,0,0.0,0.0
2026-07-05 07:00:00+00:00,0.17299999296665192,0.17399999499320984,0.17299999296665192,0.17399999499320984,0,0.0,0.0
2026-07-05 08:00:00+00:00,0.17399999499320984,0.17399999499320984,0.17299999296665192,0.17299999296665192,0,0.0,0.0
2026-07-05 09:00:00+00:00,0.17299999296665192,0.17299999296665192,0.17100000381469727,0.17100000381469727,0,0.0,0.0
2026-07-05 10:00:00+00:00,0.17100000381469727,0.17299999296665192,0.17100000381469727,0.17299999296665192,0,0.0,0.0
2026-07-05 11:00:00+00:00,0.17299999296665192,0.17299999296665192,0.17299999296665192,0.17299999296665192,0,0.0,0.0
2026-07-05 12:00:00+00:00,0.17299999296665192,0.17499999701976776,0.1720000058412552,0.17399999499320984,434000,0.0,0.0
2026-07-05 13:00:00+00:00,0.17399999499320984,0.17499999701976776,0.17399999499320984,0.17499999701976776,0,0.0,0.0
2026-07-05 14:00:00+00:00,0.17499999701976776,0.17499999701976776,0.17399999499320984,0.17399999499320984,196560,0.0,0.0
2026-07-05 15:00:00+00:00,0.17399999499320984,0.17599999904632568,0.17399999499320984,0.17499999701976776,0,0.0,0.0
2026-07-05 16:00:00+00:00,0.17499999701976776,0.17499999701976776,0.17399999499320984,0.17399999499320984,0,0.0,0.0
2026-07-05 17:00:00+00:00,0.17399999499320984,0.17399999499320984,0.17399999499320984,0.17399999499320984,0,0.0,0.0
2026-07-05 18:00:00+00:00,0.17399999499320984,0.17499999701976776,0.17299999296665192,0.17499999701976776,0,0.0,0.0
2026-07-05 19:00:00+00:00,0.17499999701976776,0.17499999701976776,0.17499999701976776,0.17499999701976776,0,0.0,0.0
2026-07-05 20:00:00+00:00,0.17499999701976776,0.17499999701976776,0.17399999499320984,0.17499999701976776,0,0.0,0.0
2026-07-05 21:00:00+00:00,0.17499999701976776,0.17800000309944153,0.17399999499320984,0.17800000309944153,37576,0.0,0.0
2026-07-05 22:00:00+00:00,0.17800000309944153,0.17900000512599945,0.1770000010728836,0.17800000309944153,630084,0.0,0.0
2026-07-05 23:00:00+00:00,0.17800000309944153,0.18000000715255737,0.1770000010728836,0.17800000309944153,49588,0.0,0.0
2026-07-06 00:00:00+00:00,0.17800000309944153,0.17800000309944153,0.17599999904632568,0.17800000309944153,123100,0.0,0.0
2026-07-06 01:00:00+00:00,0.17800000309944153,0.17900000512599945,0.17599999904632568,0.17599999904632568,25248,0.0,0.0
2026-07-06 02:00:00+00:00,0.17599999904632568,0.17900000512599945,0.17599999904632568,0.1770000010728836,394076,0.0,0.0
2026-07-06 03:00:00+00:00,0.1770000010728836,0.17800000309944153,0.1770000010728836,0.1770000010728836,0,0.0,0.0
2026-07-06 04:00:00+00:00,0.1770000010728836,0.17900000512599945,0.1770000010728836,0.1770000010728836,0,0.0,0.0
2026-07-06 05:00:00+00:00,0.1770000010728836,0.1770000010728836,0.17299999296665192,0.17399999499320984,1085532,0.0,0.0
2026-07-06 06:00:00+00:00,0.17399999499320984,0.17399999499320984,0.17399999499320984,0.17399999499320984,406864,0.0,0.0
2026-07-06 07:00:00+00:00,0.17399999499320984,0.17599999904632568,0.17399999499320984,0.17599999904632568,0,0.0,0.0
2026-07-06 08:00:00+00:00,0.17599999904632568,0.17599999904632568,0.17399999499320984,0.17399999499320984,592576,0.0,0.0
2026-07-06 09:00:00+00:00,0.17399999499320984,0.17399999499320984,0.17299999296665192,0.17399999499320984,0,0.0,0.0
2026-07-06 10:00:00+00:00,0.17299999296665192,0.17399999499320984,0.17299999296665192,0.17399999499320984,159260,0.0,0.0
2026-07-06 11:00:00+00:00,0.17399999499320984,0.17399999499320984,0.1720000058412552,0.1720000058412552,594640,0.0,0.0
2026-07-06 12:00:00+00:00,0.1720000058412552,0.1720000058412552,0.1679999977350235,0.16899999976158142,1763764,0.0,0.0
2026-07-06 13:00:00+00:00,0.16899999976158142,0.17000000178813934,0.1679999977350235,0.17000000178813934,1453884,0.0,0.0
2026-07-06 14:00:00+00:00,0.17000000178813934,0.1720000058412552,0.17000000178813934,0.17100000381469727,1262812,0.0,0.0
2026-07-06 15:00:00+00:00,0.17100000381469727,0.17499999701976776,0.17100000381469727,0.17499999701976776,1146656,0.0,0.0
2026-07-06 16:00:00+00:00,0.17499999701976776,0.17599999904632568,0.17399999499320984,0.17499999701976776,1300996,0.0,0.0
2026-07-06 17:00:00+00:00,0.17499999701976776,0.17599999904632568,0.17299999296665192,0.17299999296665192,920392,0.0,0.0
2026-07-06 18:00:00+00:00,0.17299999296665192,0.17299999296665192,0.17000000178813934,0.17299999296665192,1983796,0.0,0.0
2026-07-06 19:00:00+00:00,0.17299999296665192,0.17299999296665192,0.17100000381469727,0.1720000058412552,1078468,0.0,0.0
2026-07-06 20:00:00+00:00,0.1720000058412552,0.1720000058412552,0.17100000381469727,0.1720000058412552,751736,0.0,0.0
2026-07-06 21:00:00+00:00,0.1720000058412552,0.17599999904632568,0.1720000058412552,0.17399999499320984,850004,0.0,0.0
2026-07-06 22:00:00+00:00,0.17399999499320984,0.17399999499320984,0.17299999296665192,0.17299999296665192,0,0.0,0.0
2026-07-06 23:00:00+00:00,0.17299999296665192,0.17299999296665192,0.1720000058412552,0.1720000058412552,0,0.0,0.0
2026-07-07 00:00:00+00:00,0.1720000058412552,0.1720000058412552,0.17100000381469727,0.1720000058412552,0,0.0,0.0
2026-07-07 01:00:00+00:00,0.1720000058412552,0.1720000058412552,0.17000000178813934,0.17000000178813934,0,0.0,0.0
2026-07-07 02:00:00+00:00,0.17000000178813934,0.17000000178813934,0.1679999977350235,0.1679999977350235,0,0.0,0.0
2026-07-07 03:00:00+00:00,0.1679999977350235,0.16899999976158142,0.1679999977350235,0.1679999977350235,497556,0.0,0.0
2026-07-07 04:00:00+00:00,0.1679999977350235,0.1679999977350235,0.16699999570846558,0.16699999570846558,0,0.0,0.0
2026-07-07 05:00:00+00:00,0.16699999570846558,0.1679999977350235,0.16599999368190765,0.1679999977350235,0,0.0,0.0
2026-07-07 06:00:00+00:00,0.1679999977350235,0.16899999976158142,0.16699999570846558,0.16899999976158142,25856,0.0,0.0
2026-07-07 07:00:00+00:00,0.16899999976158142,0.16899999976158142,0.16699999570846558,0.1679999977350235,625244,0.0,0.0
2026-07-07 08:00:00+00:00,0.1679999977350235,0.1679999977350235,0.16699999570846558,0.1679999977350235,0,0.0,0.0
2026-07-07 09:00:00+00:00,0.1679999977350235,0.1679999977350235,0.16699999570846558,0.1679999977350235,0,0.0,0.0
2026-07-07 10:00:00+00:00,0.1679999977350235,0.1679999977350235,0.16699999570846558,0.1679999977350235,365012,0.0,0.0
2026-07-07 11:00:00+00:00,0.16699999570846558,0.1679999977350235,0.16699999570846558,0.1679999977350235,101312,0.0,0.0
2026-07-07 12:00:00+00:00,0.1679999977350235,0.17100000381469727,0.1679999977350235,0.17000000178813934,0,0.0,0.0
2026-07-07 13:00:00+00:00,0.16899999976158142,0.16899999976158142,0.16699999570846558,0.1679999977350235,0,0.0,0.0
2026-07-07 14:00:00+00:00,0.1679999977350235,0.16899999976158142,0.16599999368190765,0.1679999977350235,0,0.0,0.0
2026-07-07 15:00:00+00:00,0.1679999977350235,0.17000000178813934,0.1679999977350235,0.17000000178813934,0,0.0,0.0
2026-07-07 16:00:00+00:00,0.17000000178813934,0.17000000178813934,0.16899999976158142,0.17000000178813934,0,0.0,0.0
2026-07-07 17:00:00+00:00,0.17000000178813934,0.17000000178813934,0.16899999976158142,0.17000000178813934,0,0.0,0.0
2026-07-07 18:00:00+00:00,0.17000000178813934,0.17000000178813934,0.1679999977350235,0.1679999977350235,0,0.0,0.0
2026-07-07 19:00:00+00:00,0.1679999977350235,0.1679999977350235,0.16599999368190765,0.1679999977350235,0,0.0,0.0
2026-07-07 20:00:00+00:00,0.1679999977350235,0.16899999976158142,0.1679999977350235,0.1679999977350235,0,0.0,0.0
2026-07-07 21:00:00+00:00,0.1679999977350235,0.1679999977350235,0.16599999368190765,0.16699999570846558,0,0.0,0.0
2026-07-07 22:00:00+00:00,0.16699999570846558,0.16699999570846558,0.164000004529953,0.16500000655651093,353280,0.0,0.0
2026-07-07 23:00:00+00:00,0.16500000655651093,0.16599999368190765,0.16500000655651093,0.16500000655651093,0,0.0,0.0
2026-07-08 00:00:00+00:00,0.16500000655651093,0.16599999368190765,0.16500000655651093,0.16599999368190765,0,0.0,0.0
2026-07-08 01:00:00+00:00,0.16599999368190765,0.16599999368190765,0.16099999845027924,0.16099999845027924,758248,0.0,0.0
2026-07-08 02:00:00+00:00,0.16099999845027924,0.16099999845027924,0.1589999943971634,0.1599999964237213,1035652,0.0,0.0
2026-07-08 03:00:00+00:00,0.1599999964237213,0.16099999845027924,0.1599999964237213,0.1599999964237213,163420,0.0,0.0
2026-07-08 04:00:00+00:00,0.1599999964237213,0.1599999964237213,0.1589999943971634,0.1589999943971634,0,0.0,0.0
2026-07-08 05:00:00+00:00,0.1589999943971634,0.1599999964237213,0.1589999943971634,0.1599999964237213,520392,0.0,0.0
2026-07-08 06:00:00+00:00,0.1599999964237213,0.1599999964237213,0.15700000524520874,0.1589999943971634,872688,0.0,0.0
2026-07-08 07:00:00+00:00,0.15800000727176666,0.1599999964237213,0.15800000727176666,0.1589999943971634,712512,0.0,0.0
2026-07-08 08:00:00+00:00,0.1589999943971634,0.1589999943971634,0.1550000011920929,0.15600000321865082,2527964,0.0,0.0
2026-07-08 09:00:00+00:00,0.1550000011920929,0.15600000321865082,0.15399999916553497,0.15600000321865082,1309644,0.0,0.0
2026-07-08 10:00:00+00:00,0.15600000321865082,0.15700000524520874,0.1550000011920929,0.15600000321865082,815004,0.0,0.0
2026-07-08 11:00:00+00:00,0.15600000321865082,0.15800000727176666,0.15600000321865082,0.15800000727176666,417536,0.0,0.0
2026-07-08 12:00:00+00:00,0.15800000727176666,0.15800000727176666,0.15700000524520874,0.15700000524520874,331260,0.0,0.0
2026-07-08 13:00:00+00:00,0.15700000524520874,0.15700000524520874,0.1550000011920929,0.15700000524520874,228140,0.0,0.0
2026-07-08 14:00:00+00:00,0.15700000524520874,0.15800000727176666,0.15700000524520874,0.15700000524520874,0,0.0,0.0
2026-07-08 15:00:00+00:00,0.15700000524520874,0.15700000524520874,0.15600000321865082,0.15700000524520874,0,0.0,0.0
2026-07-08 16:00:00+00:00,0.15700000524520874,0.15800000727176666,0.15600000321865082,0.15700000524520874,131016,0.0,0.0
2026-07-08 17:00:00+00:00,0.15700000524520874,0.15800000727176666,0.15700000524520874,0.15800000727176666,128072,0.0,0.0
2026-07-08 18:00:00+00:00,0.15800000727176666,0.15800000727176666,0.15600000321865082,0.15700000524520874,0,0.0,0.0
2026-07-08 19:00:00+00:00,0.15700000524520874,0.15700000524520874,0.15700000524520874,0.15700000524520874,82368,0.0,0.0
2026-07-08 20:00:00+00:00,0.15700000524520874,0.15700000524520874,0.15700000524520874,0.15700000524520874,0,0.0,0.0
2026-07-08 21:00:00+00:00,0.15700000524520874,0.15800000727176666,0.15600000321865082,0.15800000727176666,0,0.0,0.0
2026-07-08 22:00:00+00:00,0.15800000727176666,0.15800000727176666,0.15600000321865082,0.15700000524520874,0,0.0,0.0
2026-07-08 23:00:00+00:00,0.15700000524520874,0.15800000727176666,0.15600000321865082,0.15800000727176666,1281240,0.0,0.0
2026-07-09 00:00:00+00:00,0.15800000727176666,0.15800000727176666,0.15800000727176666,0.15800000727176666,0,0.0,0.0
2026-07-09 01:00:00+00:00,0.15800000727176666,0.1589999943971634,0.15800000727176666,0.15800000727176666,0,0.0,0.0
2026-07-09 02:00:00+00:00,0.15800000727176666,0.15800000727176666,0.15700000524520874,0.15700000524520874,0,0.0,0.0
2026-07-09 03:00:00+00:00,0.15700000524520874,0.15800000727176666,0.15700000524520874,0.15800000727176666,0,0.0,0.0
2026-07-09 04:00:00+00:00,0.15800000727176666,0.1589999943971634,0.15800000727176666,0.1589999943971634,1389592,0.0,0.0
2026-07-09 05:00:00+00:00,0.1589999943971634,0.1599999964237213,0.1589999943971634,0.1599999964237213,0,0.0,0.0
2026-07-09 06:00:00+00:00,0.1599999964237213,0.16099999845027924,0.1599999964237213,0.16099999845027924,0,0.0,0.0
2026-07-09 07:00:00+00:00,0.16099999845027924,0.16099999845027924,0.1599999964237213,0.1599999964237213,0,0.0,0.0
2026-07-09 08:00:00+00:00,0.1599999964237213,0.1599999964237213,0.1589999943971634,0.1599999964237213,0,0.0,0.0
2026-07-09 09:00:00+00:00,0.1599999964237213,0.1599999964237213,0.15800000727176666,0.1589999943971634,0,0.0,0.0
2026-07-09 10:00:00+00:00,0.1589999943971634,0.1589999943971634,0.15800000727176666,0.15800000727176666,0,0.0,0.0
2026-07-09 11:00:00+00:00,0.15800000727176666,0.1589999943971634,0.15800000727176666,0.1589999943971634,23424,0.0,0.0
2026-07-09 12:00:00+00:00,0.1589999943971634,0.1599999964237213,0.1589999943971634,0.1589999943971634,127172,0.0,0.0
2026-07-09 13:00:00+00:00,0.1589999943971634,0.1599999964237213,0.15800000727176666,0.1599999964237213,0,0.0,0.0
2026-07-09 14:00:00+00:00,0.1599999964237213,0.16099999845027924,0.1589999943971634,0.1599999964237213,0,0.0,0.0
2026-07-09 15:00:00+00:00,0.1599999964237213,0.1599999964237213,0.1589999943971634,0.1589999943971634,267672,0.0,0.0
2026-07-09 16:00:00+00:00,0.1589999943971634,0.1589999943971634,0.15800000727176666,0.15800000727176666,22780,0.0,0.0
2026-07-09 17:00:00+00:00,0.15800000727176666,0.1589999943971634,0.15800000727176666,0.1589999943971634,168852,0.0,0.0
2026-07-09 18:00:00+00:00,0.1589999943971634,0.1599999964237213,0.1589999943971634,0.1589999943971634,0,0.0,0.0
2026-07-09 19:00:00+00:00,0.1589999943971634,0.1599999964237213,0.1589999943971634,0.1589999943971634,120752,0.0,0.0
2026-07-09 20:00:00+00:00,0.1589999943971634,0.1599999964237213,0.1589999943971634,0.1599999964237213,32152,0.0,0.0
2026-07-09 21:00:00+00:00,0.1599999964237213,0.1599999964237213,0.15800000727176666,0.1589999943971634,0,0.0,0.0
2026-07-09 22:00:00+00:00,0.1589999943971634,0.1589999943971634,0.1589999943971634,0.1589999943971634,0,0.0,0.0
2026-07-09 23:00:00+00:00,0.1589999943971634,0.1589999943971634,0.15700000524520874,0.15800000727176666,0,0.0,0.0
2026-07-10 00:00:00+00:00,0.15800000727176666,0.15800000727176666,0.15700000524520874,0.15700000524520874,0,0.0,0.0
2026-07-10 01:00:00+00:00,0.15700000524520874,0.1599999964237213,0.15700000524520874,0.1599999964237213,0,0.0,0.0
2026-07-10 02:00:00+00:00,0.1599999964237213,0.1599999964237213,0.1589999943971634,0.1599999964237213,0,0.0,0.0
2026-07-10 03:00:00+00:00,0.1599999964237213,0.1599999964237213,0.1599999964237213,0.1599999964237213,115104,0.0,0.0
2026-07-10 04:00:00+00:00,0.1599999964237213,0.1599999964237213,0.1599999964237213,0.1599999964237213,0,0.0,0.0
2026-07-10 05:00:00+00:00,0.1599999964237213,0.16099999845027924,0.1599999964237213,0.16099999845027924,0,0.0,0.0
2026-07-10 06:00:00+00:00,0.16099999845027924,0.16099999845027924,0.1599999964237213,0.1599999964237213,0,0.0,0.0
2026-07-10 07:00:00+00:00,0.1599999964237213,0.1599999964237213,0.15800000727176666,0.15800000727176666,0,0.0,0.0
2026-07-10 08:00:00+00:00,0.15800000727176666,0.1599999964237213,0.15800000727176666,0.1599999964237213,37892,0.0,0.0
2026-07-10 09:00:00+00:00,0.1599999964237213,0.1599999964237213,0.1589999943971634,0.1589999943971634,37108,0.0,0.0
2026-07-10 10:00:00+00:00,0.1589999943971634,0.1599999964237213,0.1589999943971634,0.1599999964237213,637752,0.0,0.0
2026-07-10 11:00:00+00:00,0.1599999964237213,0.1599999964237213,0.1599999964237213,0.1599999964237213,0,0.0,0.0
2026-07-10 12:00:00+00:00,0.1599999964237213,0.1599999964237213,0.1589999943971634,0.1589999943971634,0,0.0,0.0
2026-07-10 13:00:00+00:00,0.1589999943971634,0.1599999964237213,0.1589999943971634,0.1599999964237213,0,0.0,0.0
2026-07-10 14:00:00+00:00,0.1589999943971634,0.1589999943971634,0.15600000321865082,0.15800000727176666,833900,0.0,0.0
2026-07-10 15:00:00+00:00,0.15800000727176666,0.1589999943971634,0.1509999930858612,0.15199999511241913,3713932,0.0,0.0
2026-07-10 16:00:00+00:00,0.15199999511241913,0.1550000011920929,0.15199999511241913,0.1550000011920929,2154488,0.0,0.0
2026-07-10 17:00:00+00:00,0.1550000011920929,0.1550000011920929,0.15299999713897705,0.15299999713897705,0,0.0,0.0
2026-07-10 18:00:00+00:00,0.15299999713897705,0.15399999916553497,0.15299999713897705,0.15299999713897705,324752,0.0,0.0
2026-07-10 19:00:00+00:00,0.15299999713897705,0.15399999916553497,0.15199999511241913,0.15399999916553497,0,0.0,0.0
2026-07-10 20:00:00+00:00,0.15399999916553497,0.15399999916553497,0.15299999713897705,0.15399999916553497,0,0.0,0.0
2026-07-10 21:00:00+00:00,0.15399999916553497,0.15399999916553497,0.15399999916553497,0.15399999916553497,569024,0.0,0.0
2026-07-10 22:00:00+00:00,0.15399999916553497,0.1550000011920929,0.15399999916553497,0.15399999916553497,396008,0.0,0.0
2026-07-10 23:00:00+00:00,0.15399999916553497,0.1550000011920929,0.15299999713897705,0.15299999713897705,720,0.0,0.0
2026-07-11 00:00:00+00:00,0.15299999713897705,0.15299999713897705,0.15199999511241913,0.15299999713897705,0,0.0,0.0
2026-07-11 01:00:00+00:00,0.15299999713897705,0.15399999916553497,0.15299999713897705,0.15299999713897705,0,0.0,0.0
2026-07-11 02:00:00+00:00,0.15299999713897705,0.15399999916553497,0.15299999713897705,0.15399999916553497,0,0.0,0.0
2026-07-11 03:00:00+00:00,0.15399999916553497,0.1550000011920929,0.15399999916553497,0.15399999916553497,0,0.0,0.0
2026-07-11 04:00:00+00:00,0.15399999916553497,0.1550000011920929,0.15299999713897705,0.15299999713897705,0,0.0,0.0
2026-07-11 05:00:00+00:00,0.15299999713897705,0.15299999713897705,0.15299999713897705,0.15299999713897705,0,0.0,0.0
2026-07-11 06:00:00+00:00,0.15299999713897705,0.15299999713897705,0.15299999713897705,0.15299999713897705,37820,0.0,0.0
2026-07-11 07:00:00+00:00,0.15299999713897705,0.15299999713897705,0.15299999713897705,0.15299999713897705,553600,0.0,0.0
2026-07-11 08:00:00+00:00,0.15299999713897705,0.15299999713897705,0.1509999930858612,0.15199999511241913,853184,0.0,0.0
2026-07-11 09:00:00+00:00,0.15199999511241913,0.15299999713897705,0.15199999511241913,0.15199999511241913,383548,0.0,0.0
2026-07-11 10:00:00+00:00,0.15199999511241913,0.15299999713897705,0.15199999511241913,0.15299999713897705,0,0.0,0.0
2026-07-11 11:00:00+00:00,0.15299999713897705,0.15399999916553497,0.15299999713897705,0.15299999713897705,152492,0.0,0.0
2026-07-11 12:00:00+00:00,0.15299999713897705,0.15399999916553497,0.15299999713897705,0.15399999916553497,47256,0.0,0.0
2026-07-11 13:00:00+00:00,0.15399999916553497,0.1550000011920929,0.15299999713897705,0.15399999916553497,192516,0.0,0.0
2026-07-11 14:00:00+00:00,0.15399999916553497,0.1550000011920929,0.15399999916553497,0.1550000011920929,0,0.0,0.0
2026-07-11 15:00:00+00:00,0.1550000011920929,0.1550000011920929,0.15199999511241913,0.15299999713897705,0,0.0,0.0
2026-07-11 16:00:00+00:00,0.15299999713897705,0.15299999713897705,0.15199999511241913,0.15299999713897705,0,0.0,0.0
2026-07-11 17:00:00+00:00,0.15299999713897705,0.15399999916553497,0.15299999713897705,0.15299999713897705,0,0.0,0.0
2026-07-11 18:00:00+00:00,0.15299999713897705,0.15399999916553497,0.15299999713897705,0.15399999916553497,0,0.0,0.0
2026-07-11 19:00:00+00:00,0.15399999916553497,0.15399999916553497,0.15299999713897705,0.15299999713897705,902144,0.0,0.0
2026-07-11 20:00:00+00:00,0.15299999713897705,0.1550000011920929,0.15299999713897705,0.15399999916553497,96132,0.0,0.0
2026-07-11 21:00:00+00:00,0.15399999916553497,0.1550000011920929,0.15399999916553497,0.15399999916553497,0,0.0,0.0
2026-07-11 22:00:00+00:00,0.15399999916553497,0.15399999916553497,0.15199999511241913,0.15299999713897705,820492,0.0,0.0
2026-07-11 23:00:00+00:00,0.15299999713897705,0.15299999713897705,0.15000000596046448,0.15000000596046448,1406600,0.0,0.0
2026-07-12 00:00:00+00:00,0.15000000596046448,0.15000000596046448,0.14900000393390656,0.15000000596046448,1709648,0.0,0.0
2026-07-12 01:00:00+00:00,0.15000000596046448,0.1509999930858612,0.15000000596046448,0.1509999930858612,0,0.0,0.0
2026-07-12 02:00:00+00:00,0.1509999930858612,0.1509999930858612,0.15000000596046448,0.1509999930858612,49724,0.0,0.0
2026-07-12 03:00:00+00:00,0.1509999930858612,0.15299999713897705,0.1509999930858612,0.15199999511241913,133040,0.0,0.0
2026-07-12 04:00:00+00:00,0.15199999511241913,0.15199999511241913,0.1509999930858612,0.1509999930858612,0,0.0,0.0
2026-07-12 05:00:00+00:00,0.1509999930858612,0.1509999930858612,0.1509999930858612,0.1509999930858612,0,0.0,0.0
2026-07-12 06:00:00+00:00,0.1509999930858612,0.1509999930858612,0.14900000393390656,0.15000000596046448,89684,0.0,0.0
2026-07-12 07:00:00+00:00,0.15000000596046448,0.15000000596046448,0.15000000596046448,0.15000000596046448,0,0.0,0.0
2026-07-12 08:00:00+00:00,0.15000000596046448,0.15000000596046448,0.15000000596046448,0.15000000596046448,50760,0.0,0.0
2026-07-12 09:00:00+00:00,0.15000000596046448,0.15000000596046448,0.15000000596046448,0.15000000596046448,0,0.0,0.0
2026-07-12 10:00:00+00:00,0.15000000596046448,0.15000000596046448,0.15000000596046448,0.15000000596046448,0,0.0,0.0
2026-07-12 11:00:00+00:00,0.15000000596046448,0.15000000596046448,0.14900000393390656,0.15000000596046448,0,0.0,0.0
2026-07-12 12:00:00+00:00,0.15000000596046448,0.15000000596046448,0.15000000596046448,0.15000000596046448,0,0.0,0.0
2026-07-12 13:00:00+00:00,0.15000000596046448,0.1509999930858612,0.15000000596046448,0.15000000596046448,0,0.0,0.0
2026-07-12 14:00:00+00:00,0.15000000596046448,0.1509999930858612,0.14900000393390656,0.15000000596046448,0,0.0,0.0
2026-07-12 15:00:00+00:00,0.15000000596046448,0.15000000596046448,0.15000000596046448,0.15000000596046448,0,0.0,0.0
2026-07-12 16:00:00+00:00,0.15000000596046448,0.1509999930858612,0.15000000596046448,0.15000000596046448,0,0.0,0.0
2026-07-12 17:00:00+00:00,0.15000000596046448,0.1509999930858612,0.15000000596046448,0.15000000596046448,0,0.0,0.0
2026-07-12 18:00:00+00:00,0.15000000596046448,0.1509999930858612,0.14900000393390656,0.1509999930858612,0,0.0,0.0
2026-07-12 19:00:00+00:00,0.1509999930858612,0.1509999930858612,0.15000000596046448,0.1509999930858612,0,0.0,0.0
2026-07-12 20:00:00+00:00,0.1509999930858612,0.1509999930858612,0.1509999930858612,0.1509999930858612,0,0.0,0.0
2026-07-12 21:00:00+00:00,0.1509999930858612,0.1509999930858612,0.15000000596046448,0.15000000596046448,558332,0.0,0.0
2026-07-12 22:00:00+00:00,0.15000000596046448,0.15000000596046448,0.14800000190734863,0.14800000190734863,84892,0.0,0.0
2026-07-12 23:00:00+00:00,0.14800000190734863,0.15000000596046448,0.14800000190734863,0.14900000393390656,45496,0.0,0.0
2026-07-13 00:00:00+00:00,0.14900000393390656,0.15199999511241913,0.14900000393390656,0.15000000596046448,472924,0.0,0.0
2026-07-13 01:00:00+00:00,0.15000000596046448,0.1509999930858612,0.14800000190734863,0.14800000190734863,1681788,0.0,0.0
2026-07-13 02:00:00+00:00,0.14800000190734863,0.14900000393390656,0.14800000190734863,0.14900000393390656,1286056,0.0,0.0
2026-07-13 03:00:00+00:00,0.14900000393390656,0.14900000393390656,0.1469999998807907,0.14800000190734863,1183316,0.0,0.0
2026-07-13 04:00:00+00:00,0.14800000190734863,0.14900000393390656,0.14800000190734863,0.14900000393390656,1271544,0.0,0.0
2026-07-13 05:00:00+00:00,0.14900000393390656,0.1509999930858612,0.14900000393390656,0.15000000596046448,1563792,0.0,0.0
2026-07-13 06:00:00+00:00,0.15000000596046448,0.1509999930858612,0.15000000596046448,0.1509999930858612,631528,0.0,0.0
2026-07-13 07:00:00+00:00,0.1509999930858612,0.1509999930858612,0.15000000596046448,0.15000000596046448,448172,0.0,0.0
2026-07-13 08:00:00+00:00,0.15000000596046448,0.15000000596046448,0.15000000596046448,0.15000000596046448,263572,0.0,0.0
2026-07-13 09:00:00+00:00,0.15000000596046448,0.15000000596046448,0.15000000596046448,0.15000000596046448,0,0.0,0.0
2026-07-13 10:00:00+00:00,0.15000000596046448,0.1509999930858612,0.14900000393390656,0.1509999930858612,494880,0.0,0.0
2026-07-13 11:00:00+00:00,0.1509999930858612,0.1509999930858612,0.15000000596046448,0.1509999930858612,1043020,0.0,0.0
2026-07-13 12:00:00+00:00,0.1509999930858612,0.1509999930858612,0.14900000393390656,0.15000000596046448,883892,0.0,0.0
2026-07-13 13:00:00+00:00,0.15000000596046448,0.1509999930858612,0.15000000596046448,0.1509999930858612,1092796,0.0,0.0
2026-07-13 14:00:00+00:00,0.1509999930858612,0.15199999511241913,0.15000000596046448,0.1509999930858612,1440116,0.0,0.0
2026-07-13 15:00:00+00:00,0.1509999930858612,0.1509999930858612,0.14900000393390656,0.14900000393390656,218060,0.0,0.0
2026-07-13 16:00:00+00:00,0.14900000393390656,0.15000000596046448,0.14800000190734863,0.14900000393390656,1333652,0.0,0.0
2026-07-13 17:00:00+00:00,0.14900000393390656,0.15000000596046448,0.14900000393390656,0.14900000393390656,1821308,0.0,0.0
2026-07-13 18:00:00+00:00,0.14900000393390656,0.15000000596046448,0.14800000190734863,0.15000000596046448,1041656,0.0,0.0
2026-07-13 19:00:00+00:00,0.15000000596046448,0.1509999930858612,0.15000000596046448,0.15000000596046448,423056,0.0,0.0
2026-07-13 20:00:00+00:00,0.15000000596046448,0.15000000596046448,0.14900000393390656,0.14900000393390656,79760,0.0,0.0
2026-07-13 21:00:00+00:00,0.14900000393390656,0.15000000596046448,0.14800000190734863,0.14800000190734863,715156,0.0,0.0
2026-07-13 22:00:00+00:00,0.14800000190734863,0.15000000596046448,0.14800000190734863,0.15000000596046448,0,0.0,0.0
2026-07-13 23:00:00+00:00,0.15000000596046448,0.1509999930858612,0.15000000596046448,0.1509999930858612,207176,0.0,0.0
2026-07-14 00:00:00+00:00,0.1509999930858612,0.15299999713897705,0.1509999930858612,0.15299999713897705,0,0.0,0.0
2026-07-14 01:00:00+00:00,0.15299999713897705,0.15399999916553497,0.15299999713897705,0.15299999713897705,0,0.0,0.0
2026-07-14 02:00:00+00:00,0.15299999713897705,0.1550000011920929,0.15199999511241913,0.15299999713897705,0,0.0,0.0
2026-07-14 03:00:00+00:00,0.15299999713897705,0.1550000011920929,0.15299999713897705,0.15399999916553497,0,0.0,0.0
2026-07-14 04:00:00+00:00,0.15399999916553497,0.15600000321865082,0.15399999916553497,0.15399999916553497,405628,0.0,0.0
2026-07-14 05:00:00+00:00,0.15399999916553497,0.1550000011920929,0.15399999916553497,0.1550000011920929,0,0.0,0.0
2026-07-14 06:00:00+00:00,0.1550000011920929,0.1550000011920929,0.15299999713897705,0.15299999713897705,0,0.0,0.0
2026-07-14 07:00:00+00:00,0.15299999713897705,0.15299999713897705,0.15199999511241913,0.15299999713897705,0,0.0,0.0
2026-07-14 08:00:00+00:00,0.15299999713897705,0.15299999713897705,0.15199999511241913,0.15199999511241913,0,0.0,0.0
2026-07-14 09:00:00+00:00,0.15199999511241913,0.15199999511241913,0.1509999930858612,0.1509999930858612,475572,0.0,0.0
2026-07-14 10:00:00+00:00,0.1509999930858612,0.15199999511241913,0.1509999930858612,0.15199999511241913,0,0.0,0.0
2026-07-14 11:00:00+00:00,0.15199999511241913,0.15199999511241913,0.1509999930858612,0.1509999930858612,0,0.0,0.0
2026-07-14 12:00:00+00:00,0.1509999930858612,0.15299999713897705,0.1509999930858612,0.15199999511241913,806372,0.0,0.0
2026-07-14 13:00:00+00:00,0.15299999713897705,0.15399999916553497,0.15199999511241913,0.15299999713897705,0,0.0,0.0
2026-07-14 14:00:00+00:00,0.15299999713897705,0.15399999916553497,0.15199999511241913,0.15299999713897705,0,0.0,0.0
2026-07-14 15:00:00+00:00,0.15299999713897705,0.15299999713897705,0.15199999511241913,0.15299999713897705,290356,0.0,0.0
2026-07-14 16:00:00+00:00,0.15299999713897705,0.15399999916553497,0.15299999713897705,0.15299999713897705,0,0.0,0.0
2026-07-14 17:00:00+00:00,0.15299999713897705,0.15399999916553497,0.15299999713897705,0.15299999713897705,0,0.0,0.0
2026-07-14 18:00:00+00:00,0.15299999713897705,0.15399999916553497,0.15299999713897705,0.15399999916553497,0,0.0,0.0
2026-07-14 19:00:00+00:00,0.15399999916553497,0.15399999916553497,0.15299999713897705,0.15299999713897705,0,0.0,0.0
2026-07-14 20:00:00+00:00,0.15299999713897705,0.15299999713897705,0.15299999713897705,0.15299999713897705,0,0.0,0.0
2026-07-14 21:00:00+00:00,0.15299999713897705,0.15299999713897705,0.15299999713897705,0.15299999713897705,0,0.0,0.0
2026-07-14 22:00:00+00:00,0.15299999713897705,0.15399999916553497,0.15199999511241913,0.15399999916553497,0,0.0,0.0
2026-07-14 23:00:00+00:00,0.15399999916553497,0.15399999916553497,0.15299999713897705,0.15299999713897705,2964,0.0,0.0
2026-07-15 00:00:00+00:00,0.15299999713897705,0.1550000011920929,0.15299999713897705,0.15399999916553497,0,0.0,0.0
2026-07-15 01:00:00+00:00,0.15399999916553497,0.15600000321865082,0.15399999916553497,0.15600000321865082,216344,0.0,0.0
2026-07-15 02:00:00+00:00,0.15600000321865082,0.15600000321865082,0.15399999916553497,0.15399999916553497,0,0.0,0.0
2026-07-15 03:00:00+00:00,0.15399999916553497,0.1550000011920929,0.15399999916553497,0.1550000011920929,0,0.0,0.0
2026-07-15 04:00:00+00:00,0.1550000011920929,0.15600000321865082,0.15399999916553497,0.15399999916553497,0,0.0,0.0
2026-07-15 05:00:00+00:00,0.15399999916553497,0.15399999916553497,0.15399999916553497,0.15399999916553497,0,0.0,0.0
2026-07-15 06:00:00+00:00,0.15399999916553497,0.15600000321865082,0.15399999916553497,0.1550000011920929,1004140,0.0,0.0
2026-07-15 07:00:00+00:00,0.1550000011920929,0.1550000011920929,0.15299999713897705,0.15299999713897705,1825420,0.0,0.0
2026-07-15 08:00:00+00:00,0.15299999713897705,0.15399999916553497,0.15299999713897705,0.15399999916553497,511156,0.0,0.0
2026-07-15 09:00:00+00:00,0.15399999916553497,0.1550000011920929,0.15399999916553497,0.15399999916553497,382688,0.0,0.0
2026-07-15 10:00:00+00:00,0.15399999916553497,0.15399999916553497,0.15299999713897705,0.15299999713897705,362456,0.0,0.0
2026-07-15 11:00:00+00:00,0.15299999713897705,0.15399999916553497,0.15199999511241913,0.15299999713897705,210384,0.0,0.0
2026-07-15 12:00:00+00:00,0.15299999713897705,0.1550000011920929,0.15299999713897705,0.1550000011920929,0,0.0,0.0
2026-07-15 13:00:00+00:00,0.1550000011920929,0.15700000524520874,0.1550000011920929,0.15600000321865082,1225764,0.0,0.0
2026-07-15 14:00:00+00:00,0.15600000321865082,0.15700000524520874,0.15600000321865082,0.15600000321865082,310868,0.0,0.0
2026-07-15 15:00:00+00:00,0.15600000321865082,0.15600000321865082,0.15399999916553497,0.15399999916553497,0,0.0,0.0
2026-07-15 16:00:00+00:00,0.15399999916553497,0.15399999916553497,0.15199999511241913,0.15299999713897705,1833452,0.0,0.0
2026-07-15 17:00:00+00:00,0.15299999713897705,0.15399999916553497,0.15299999713897705,0.15399999916553497,672,0.0,0.0
2026-07-15 18:00:00+00:00,0.15399999916553497,0.1550000011920929,0.15399999916553497,0.15399999916553497,0,0.0,0.0
2026-07-15 19:00:00+00:00,0.15399999916553497,0.15399999916553497,0.15299999713897705,0.15299999713897705,477204,0.0,0.0
2026-07-15 20:00:00+00:00,0.15299999713897705,0.15399999916553497,0.15199999511241913,0.15399999916553497,308420,0.0,0.0
2026-07-15 21:00:00+00:00,0.15399999916553497,0.15399999916553497,0.15299999713897705,0.15299999713897705,0,0.0,0.0
2026-07-15 22:00:00+00:00,0.15299999713897705,0.15399999916553497,0.15299999713897705,0.15299999713897705,301872,0.0,0.0
2026-07-15 23:00:00+00:00,0.15299999713897705,0.15299999713897705,0.15199999511241913,0.15199999511241913,0,0.0,0.0
2026-07-16 00:00:00+00:00,0.15199999511241913,0.15299999713897705,0.15199999511241913,0.15199999511241913,591780,0.0,0.0
2026-07-16 01:00:00+00:00,0.15199999511241913,0.15199999511241913,0.1509999930858612,0.15199999511241913,0,0.0,0.0
2026-07-16 02:00:00+00:00,0.15199999511241913,0.15299999713897705,0.15199999511241913,0.15299999713897705,277176,0.0,0.0
2026-07-16 03:00:00+00:00,0.15299999713897705,0.15399999916553497,0.15199999511241913,0.15199999511241913,527084,0.0,0.0
2026-07-16 04:00:00+00:00,0.15199999511241913,0.15199999511241913,0.15199999511241913,0.15199999511241913,835908,0.0,0.0
2026-07-16 05:00:00+00:00,0.15199999511241913,0.15199999511241913,0.15199999511241913,0.15199999511241913,1106680,0.0,0.0
2026-07-16 06:00:00+00:00,0.15199999511241913,0.15199999511241913,0.1509999930858612,0.1509999930858612,0,0.0,0.0
2026-07-16 07:00:00+00:00,0.1509999930858612,0.1509999930858612,0.15000000596046448,0.15000000596046448,0,0.0,0.0
2026-07-16 08:00:00+00:00,0.15000000596046448,0.15000000596046448,0.14900000393390656,0.15000000596046448,656932,0.0,0.0
2026-07-16 09:00:00+00:00,0.15000000596046448,0.1509999930858612,0.15000000596046448,0.1509999930858612,0,0.0,0.0
2026-07-16 10:00:00+00:00,0.1509999930858612,0.15199999511241913,0.15000000596046448,0.15199999511241913,619136,0.0,0.0
2026-07-16 11:00:00+00:00,0.15199999511241913,0.15199999511241913,0.15000000596046448,0.1509999930858612,537124,0.0,0.0
2026-07-16 12:00:00+00:00,0.1509999930858612,0.15199999511241913,0.1509999930858612,0.1509999930858612,759004,0.0,0.0
2026-07-16 13:00:00+00:00,0.1509999930858612,0.15399999916553497,0.1509999930858612,0.15299999713897705,22568,0.0,0.0
2026-07-16 14:00:00+00:00,0.15299999713897705,0.1550000011920929,0.15299999713897705,0.15299999713897705,150824,0.0,0.0
2026-07-16 15:00:00+00:00,0.15299999713897705,0.15600000321865082,0.15299999713897705,0.1550000011920929,1446076,0.0,0.0
2026-07-16 16:00:00+00:00,0.1550000011920929,0.1550000011920929,0.15299999713897705,0.15399999916553497,0,0.0,0.0
2026-07-16 17:00:00+00:00,0.15399999916553497,0.15399999916553497,0.15199999511241913,0.15199999511241913,4356,0.0,0.0
2026-07-16 18:00:00+00:00,0.15199999511241913,0.15299999713897705,0.15199999511241913,0.15299999713897705,717308,0.0,0.0
2026-07-16 19:00:00+00:00,0.15299999713897705,0.15399999916553497,0.15199999511241913,0.15399999916553497,0,0.0,0.0
2026-07-16 20:00:00+00:00,0.15399999916553497,0.1550000011920929,0.15399999916553497,0.15399999916553497,601768,0.0,0.0
2026-07-16 21:00:00+00:00,0.15399999916553497,0.15399999916553497,0.15299999713897705,0.15299999713897705,605124,0.0,0.0
2026-07-16 22:00:00+00:00,0.15299999713897705,0.15299999713897705,0.15199999511241913,0.15199999511241913,30224,0.0,0.0
2026-07-16 23:00:00+00:00,0.15199999511241913,0.15199999511241913,0.15000000596046448,0.1509999930858612,640088,0.0,0.0
2026-07-17 00:00:00+00:00,0.1509999930858612,0.15199999511241913,0.15000000596046448,0.15199999511241913,0,0.0,0.0
2026-07-17 01:00:00+00:00,0.15199999511241913,0.15199999511241913,0.1509999930858612,0.1509999930858612,292768,0.0,0.0
2026-07-17 02:00:00+00:00,0.1509999930858612,0.1509999930858612,0.15000000596046448,0.15000000596046448,0,0.0,0.0
2026-07-17 03:00:00+00:00,0.15000000596046448,0.15199999511241913,0.15000000596046448,0.15199999511241913,243084,0.0,0.0
2026-07-17 04:00:00+00:00,0.15199999511241913,0.15399999916553497,0.15199999511241913,0.15299999713897705,311192,0.0,0.0
2026-07-17 05:00:00+00:00,0.15299999713897705,0.15299999713897705,0.1509999930858612,0.1509999930858612,0,0.0,0.0
2026-07-17 06:00:00+00:00,0.1509999930858612,0.15299999713897705,0.1509999930858612,0.15199999511241913,0,0.0,0.0
2026-07-17 07:00:00+00:00,0.15199999511241913,0.15299999713897705,0.15199999511241913,0.15299999713897705,0,0.0,0.0
2026-07-17 08:00:00+00:00,0.15199999511241913,0.15399999916553497,0.15199999511241913,0.15299999713897705,0,0.0,0.0
2026-07-17 09:00:00+00:00,0.15299999713897705,0.15399999916553497,0.15199999511241913,0.15399999916553497,1172204,0.0,0.0
2026-07-17 10:00:00+00:00,0.15399999916553497,0.1550000011920929,0.15399999916553497,0.15399999916553497,0,0.0,0.0
2026-07-17 11:00:00+00:00,0.15399999916553497,0.15399999916553497,0.15299999713897705,0.15299999713897705,0,0.0,0.0
2026-07-17 12:00:00+00:00,0.15299999713897705,0.15299999713897705,0.15199999511241913,0.15199999511241913,0,0.0,0.0
2026-07-17 13:00:00+00:00,0.15199999511241913,0.15199999511241913,0.1509999930858612,0.15199999511241913,0,0.0,0.0
2026-07-17 14:00:00+00:00,0.15199999511241913,0.1550000011920929,0.15199999511241913,0.15399999916553497,0,0.0,0.0
2026-07-17 15:00:00+00:00,0.15399999916553497,0.15399999916553497,0.15199999511241913,0.15399999916553497,0,0.0,0.0
2026-07-17 16:00:00+00:00,0.15399999916553497,0.1550000011920929,0.15399999916553497,0.1550000011920929,75500,0.0,0.0
2026-07-17 17:00:00+00:00,0.1550000011920929,0.15600000321865082,0.1550000011920929,0.1550000011920929,0,0.0,0.0
2026-07-17 18:00:00+00:00,0.1550000011920929,0.1550000011920929,0.15399999916553497,0.1550000011920929,0,0.0,0.0
2026-07-17 19:00:00+00:00,0.1550000011920929,0.1550000011920929,0.1550000011920929,0.1550000011920929,239948,0.0,0.0
2026-07-17 20:00:00+00:00,0.1550000011920929,0.1550000011920929,0.15399999916553497,0.15399999916553497,0,0.0,0.0
2026-07-17 21:00:00+00:00,0.15399999916553497,0.1550000011920929,0.15399999916553497,0.1550000011920929,0,0.0,0.0
2026-07-17 22:00:00+00:00,0.1550000011920929,0.1550000011920929,0.15399999916553497,0.1550000011920929,0,0.0,0.0
2026-07-17 23:00:00+00:00,0.1550000011920929,0.15600000321865082,0.15399999916553497,0.15600000321865082,100656,0.0,0.0
2026-07-18 00:00:00+00:00,0.15600000321865082,0.15800000727176666,0.15600000321865082,0.15600000321865082,1059248,0.0,0.0
2026-07-18 01:00:00+00:00,0.15600000321865082,0.15700000524520874,0.15600000321865082,0.15600000321865082,0,0.0,0.0
2026-07-18 02:00:00+00:00,0.15600000321865082,0.15600000321865082,0.1550000011920929,0.1550000011920929,0,0.0,0.0
2026-07-18 03:00:00+00:00,0.1550000011920929,0.15700000524520874,0.15399999916553497,0.15700000524520874,461644,0.0,0.0
2026-07-18 04:00:00+00:00,0.15700000524520874,0.15700000524520874,0.1550000011920929,0.1550000011920929,0,0.0,0.0
2026-07-18 05:00:00+00:00,0.1550000011920929,0.1550000011920929,0.15299999713897705,0.15299999713897705,0,0.0,0.0
2026-07-18 06:00:00+00:00,0.15299999713897705,0.15399999916553497,0.15299999713897705,0.15299999713897705,0,0.0,0.0
2026-07-18 07:00:00+00:00,0.15299999713897705,0.15399999916553497,0.15299999713897705,0.15299999713897705,0,0.0,0.0
2026-07-18 08:00:00+00:00,0.15299999713897705,0.15399999916553497,0.15299999713897705,0.15299999713897705,0,0.0,0.0
2026-07-18 09:00:00+00:00,0.15299999713897705,0.15299999713897705,0.15299999713897705,0.15299999713897705,0,0.0,0.0
2026-07-18 10:00:00+00:00,0.15299999713897705,0.15399999916553497,0.15199999511241913,0.15199999511241913,0,0.0,0.0
2026-07-18 11:00:00+00:00,0.15199999511241913,0.15299999713897705,0.15199999511241913,0.15299999713897705,0,0.0,0.0
2026-07-18 12:00:00+00:00,0.15299999713897705,0.15399999916553497,0.1509999930858612,0.15199999511241913,0,0.0,0.0
2026-07-18 13:00:00+00:00,0.15199999511241913,0.15299999713897705,0.15199999511241913,0.15199999511241913,0,0.0,0.0
2026-07-18 14:00:00+00:00,0.15199999511241913,0.15299999713897705,0.15199999511241913,0.15299999713897705,0,0.0,0.0
2026-07-18 15:00:00+00:00,0.15299999713897705,0.15399999916553497,0.15299999713897705,0.15399999916553497,0,0.0,0.0
2026-07-18 16:00:00+00:00,0.15399999916553497,0.15399999916553497,0.15299999713897705,0.15399999916553497,0,0.0,0.0
2026-07-18 17:00:00+00:00,0.15399999916553497,0.1550000011920929,0.15399999916553497,0.1550000011920929,0,0.0,0.0
2026-07-18 18:00:00+00:00,0.1550000011920929,0.1550000011920929,0.15299999713897705,0.15399999916553497,252744,0.0,0.0
2026-07-18 19:00:00+00:00,0.15399999916553497,0.15399999916553497,0.15299999713897705,0.15399999916553497,0,0.0,0.0
2026-07-18 20:00:00+00:00,0.15399999916553497,0.1550000011920929,0.15399999916553497,0.15399999916553497,0,0.0,0.0
2026-07-18 21:00:00+00:00,0.15399999916553497,0.15399999916553497,0.15399999916553497,0.15399999916553497,0,0.0,0.0
2026-07-18 22:00:00+00:00,0.15399999916553497,0.1550000011920929,0.15399999916553497,0.15399999916553497,0,0.0,0.0
2026-07-18 23:00:00+00:00,0.15399999916553497,0.1550000011920929,0.15299999713897705,0.15399999916553497,0,0.0,0.0
2026-07-19 00:00:00+00:00,0.15399999916553497,0.1550000011920929,0.15399999916553497,0.15399999916553497,0,0.0,0.0
2026-07-19 01:00:00+00:00,0.15399999916553497,0.15399999916553497,0.15299999713897705,0.15299999713897705,94448,0.0,0.0
2026-07-19 02:00:00+00:00,0.15299999713897705,0.15399999916553497,0.15299999713897705,0.15399999916553497,327938,0.0,0.0
2026-07-19 03:00:00+00:00,0.15399999916553497,0.15399999916553497,0.15299999713897705,0.15299999713897705,0,0.0,0.0
2026-07-19 04:00:00+00:00,0.15299999713897705,0.15299999713897705,0.15199999511241913,0.15199999511241913,0,0.0,0.0
2026-07-19 05:00:00+00:00,0.15199999511241913,0.15299999713897705,0.15199999511241913,0.15299999713897705,0,0.0,0.0
2026-07-19 06:00:00+00:00,0.15299999713897705,0.15399999916553497,0.15199999511241913,0.15199999511241913,0,0.0,0.0
2026-07-19 07:00:00+00:00,0.15199999511241913,0.15299999713897705,0.15199999511241913,0.15199999511241913,0,0.0,0.0
2026-07-19 08:00:00+00:00,0.15199999511241913,0.15299999713897705,0.15199999511241913,0.15299999713897705,96292,0.0,0.0
2026-07-19 09:00:00+00:00,0.15299999713897705,0.15299999713897705,0.15299999713897705,0.15299999713897705,0,0.0,0.0
2026-07-19 10:00:00+00:00,0.15299999713897705,0.15399999916553497,0.15299999713897705,0.15399999916553497,126806,0.0,0.0
2026-07-19 11:00:00+00:00,0.15399999916553497,0.15399999916553497,0.15299999713897705,0.15299999713897705,12666,0.0,0.0
2026-07-19 12:00:00+00:00,0.15299999713897705,0.15299999713897705,0.15299999713897705,0.15299999713897705,0,0.0,0.0
2026-07-19 13:00:00+00:00,0.15299999713897705,0.15399999916553497,0.15199999511241913,0.15299999713897705,298630,0.0,0.0
2026-07-19 14:00:00+00:00,0.15299999713897705,0.15299999713897705,0.15199999511241913,0.15299999713897705,0,0.0,0.0
2026-07-19 15:00:00+00:00,0.15299999713897705,0.15299999713897705,0.15299999713897705,0.15299999713897705,0,0.0,0.0
2026-07-19 16:00:00+00:00,0.15299999713897705,0.15299999713897705,0.15199999511241913,0.15199999511241913,0,0.0,0.0
2026-07-19 17:00:00+00:00,0.15199999511241913,0.15199999511241913,0.1509999930858612,0.15199999511241913,0,0.0,0.0
2026-07-19 18:00:00+00:00,0.15199999511241913,0.15199999511241913,0.1509999930858612,0.15199999511241913,557326,0.0,0.0
2026-07-19 19:00:00+00:00,0.15199999511241913,0.15199999511241913,0.15199999511241913,0.15199999511241913,976050,0.0,0.0
2026-07-19 20:00:00+00:00,0.15199999511241913,0.15299999713897705,0.15199999511241913,0.15299999713897705,629612,0.0,0.0
2026-07-19 21:00:00+00:00,0.15299999713897705,0.15299999713897705,0.15199999511241913,0.15199999511241913,291616,0.0,0.0
2026-07-19 22:00:00+00:00,0.15199999511241913,0.15399999916553497,0.15199999511241913,0.15299999713897705,1090592,0.0,0.0
2026-07-19 23:00:00+00:00,0.15299999713897705,0.15399999916553497,0.15299999713897705,0.15399999916553497,581606,0.0,0.0
2026-07-20 00:00:00+00:00,0.1550000011920929,0.1550000011920929,0.15399999916553497,0.15399999916553497,1885012,0.0,0.0
2026-07-20 01:00:00+00:00,0.15399999916553497,0.1550000011920929,0.15299999713897705,0.15299999713897705,733720,0.0,0.0
2026-07-20 02:00:00+00:00,0.15299999713897705,0.15399999916553497,0.15299999713897705,0.15399999916553497,12454,0.0,0.0
2026-07-20 03:00:00+00:00,0.15399999916553497,0.15399999916553497,0.15299999713897705,0.15299999713897705,0,0.0,0.0
2026-07-20 04:00:00+00:00,0.15299999713897705,0.15299999713897705,0.15199999511241913,0.15199999511241913,538774,0.0,0.0
2026-07-20 05:00:00+00:00,0.15199999511241913,0.15199999511241913,0.15000000596046448,0.15000000596046448,1103618,0.0,0.0
2026-07-20 06:00:00+00:00,0.1509999930858612,0.1509999930858612,0.14900000393390656,0.15000000596046448,1908630,0.0,0.0
2026-07-20 07:00:00+00:00,0.15000000596046448,0.1509999930858612,0.15000000596046448,0.1509999930858612,1231698,0.0,0.0
2026-07-20 08:00:00+00:00,0.1509999930858612,0.1509999930858612,0.14900000393390656,0.14900000393390656,821574,0.0,0.0
2026-07-20 09:00:00+00:00,0.14900000393390656,0.1509999930858612,0.14900000393390656,0.1509999930858612,310120,0.0,0.0
2026-07-20 10:00:00+00:00,0.1509999930858612,0.1509999930858612,0.14900000393390656,0.15000000596046448,801480,0.0,0.0
2026-07-20 11:00:00+00:00,0.15000000596046448,0.1509999930858612,0.14900000393390656,0.1509999930858612,1005940,0.0,0.0
2026-07-20 12:00:00+00:00,0.1509999930858612,0.1509999930858612,0.14800000190734863,0.15000000596046448,1493952,0.0,0.0
2026-07-20 13:00:00+00:00,0.15000000596046448,0.1509999930858612,0.15000000596046448,0.1509999930858612,647528,0.0,0.0
2026-07-20 14:00:00+00:00,0.1509999930858612,0.1509999930858612,0.15000000596046448,0.1509999930858612,439276,0.0,0.0
2026-07-20 15:00:00+00:00,0.1509999930858612,0.15399999916553497,0.1509999930858612,0.15399999916553497,905188,0.0,0.0
2026-07-20 16:00:00+00:00,0.15399999916553497,0.1550000011920929,0.15299999713897705,0.1550000011920929,1869196,0.0,0.0
2026-07-20 17:00:00+00:00,0.1550000011920929,0.15600000321865082,0.15399999916553497,0.15399999916553497,248788,0.0,0.0
2026-07-20 18:00:00+00:00,0.15399999916553497,0.1550000011920929,0.15299999713897705,0.15399999916553497,0,0.0,0.0
2026-07-20 19:00:00+00:00,0.15399999916553497,0.1550000011920929,0.15299999713897705,0.15299999713897705,0,0.0,0.0
2026-07-20 20:00:00+00:00,0.15299999713897705,0.15399999916553497,0.15299999713897705,0.15399999916553497,450960,0.0,0.0
2026-07-20 21:00:00+00:00,0.15399999916553497,0.1550000011920929,0.15299999713897705,0.1550000011920929,0,0.0,0.0
2026-07-20 22:00:00+00:00,0.1550000011920929,0.1550000011920929,0.15199999511241913,0.15299999713897705,0,0.0,0.0
2026-07-20 23:00:00+00:00,0.15299999713897705,0.15299999713897705,0.15199999511241913,0.15199999511241913,0,0.0,0.0
2026-07-21 00:00:00+00:00,0.15199999511241913,0.15199999511241913,0.1509999930858612,0.15199999511241913,0,0.0,0.0
2026-07-21 01:00:00+00:00,0.15199999511241913,0.15199999511241913,0.15000000596046448,0.15000000596046448,0,0.0,0.0
2026-07-21 02:00:00+00:00,0.15000000596046448,0.1509999930858612,0.15000000596046448,0.1509999930858612,0,0.0,0.0
2026-07-21 03:00:00+00:00,0.1509999930858612,0.15299999713897705,0.1509999930858612,0.15299999713897705,1042376,0.0,0.0
2026-07-21 04:00:00+00:00,0.15299999713897705,0.15399999916553497,0.15199999511241913,0.15199999511241913,533512,0.0,0.0
2026-07-21 05:00:00+00:00,0.15199999511241913,0.15299999713897705,0.15199999511241913,0.15299999713897705,0,0.0,0.0
2026-07-21 06:00:00+00:00,0.15299999713897705,0.15399999916553497,0.15299999713897705,0.15299999713897705,0,0.0,0.0
2026-07-21 07:00:00+00:00,0.15299999713897705,0.15299999713897705,0.15199999511241913,0.15299999713897705,0,0.0,0.0
2026-07-21 08:00:00+00:00,0.15299999713897705,0.15299999713897705,0.15299999713897705,0.15299999713897705,0,0.0,0.0
2026-07-21 09:00:00+00:00,0.15299999713897705,0.15399999916553497,0.15299999713897705,0.15399999916553497,809008,0.0,0.0
2026-07-21 10:00:00+00:00,0.15399999916553497,0.15600000321865082,0.15399999916553497,0.1550000011920929,1441292,0.0,0.0
2026-07-21 11:00:00+00:00,0.1550000011920929,0.1550000011920929,0.1550000011920929,0.1550000011920929,0,0.0,0.0
2026-07-21 12:00:00+00:00,0.1550000011920929,0.1550000011920929,0.15399999916553497,0.15399999916553497,0,0.0,0.0
2026-07-21 13:00:00+00:00,0.15399999916553497,0.1550000011920929,0.15299999713897705,0.15399999916553497,72464,0.0,0.0
2026-07-21 14:00:00+00:00,0.15399999916553497,0.15399999916553497,0.15299999713897705,0.15399999916553497,639952,0.0,0.0
2026-07-21 15:00:00+00:00,0.15399999916553497,0.1550000011920929,0.15299999713897705,0.15399999916553497,25552,0.0,0.0
2026-07-21 16:00:00+00:00,0.15399999916553497,0.15399999916553497,0.15299999713897705,0.15299999713897705,0,0.0,0.0
2026-07-21 17:00:00+00:00,0.15299999713897705,0.15299999713897705,0.15199999511241913,0.15199999511241913,0,0.0,0.0
2026-07-21 18:00:00+00:00,0.15199999511241913,0.15199999511241913,0.15199999511241913,0.15199999511241913,380756,0.0,0.0
2026-07-21 19:00:00+00:00,0.15199999511241913,0.15299999713897705,0.15199999511241913,0.15299999713897705,463020,0.0,0.0
2026-07-21 20:00:00+00:00,0.15299999713897705,0.15299999713897705,0.15199999511241913,0.15199999511241913,0,0.0,0.0
2026-07-21 21:00:00+00:00,0.15199999511241913,0.15199999511241913,0.15199999511241913,0.15199999511241913,280048,0.0,0.0
2026-07-21 22:00:00+00:00,0.15199999511241913,0.15199999511241913,0.15199999511241913,0.15199999511241913,86976,0.0,0.0
2026-07-21 23:00:00+00:00,0.15199999511241913,0.15299999713897705,0.1509999930858612,0.15299999713897705,133916,0.0,0.0
2026-07-22 00:00:00+00:00,0.15299999713897705,0.15299999713897705,0.15199999511241913,0.15299999713897705,482904,0.0,0.0
2026-07-22 01:00:00+00:00,0.15299999713897705,0.15299999713897705,0.15299999713897705,0.15299999713897705,391492,0.0,0.0
2026-07-22 02:00:00+00:00,0.15299999713897705,0.15299999713897705,0.15299999713897705,0.15299999713897705,0,0.0,0.0
2026-07-22 03:00:00+00:00,0.15299999713897705,0.15399999916553497,0.15299999713897705,0.15299999713897705,0,0.0,0.0
2026-07-22 04:00:00+00:00,0.15299999713897705,0.15399999916553497,0.15299999713897705,0.15299999713897705,0,0.0,0.0
2026-07-22 05:00:00+00:00,0.15299999713897705,0.15299999713897705,0.15199999511241913,0.15199999511241913,381504,0.0,0.0
2026-07-22 06:00:00+00:00,0.15199999511241913,0.15199999511241913,0.1509999930858612,0.1509999930858612,0,0.0,0.0
2026-07-22 07:00:00+00:00,0.1509999930858612,0.15199999511241913,0.1509999930858612,0.1509999930858612,407760,0.0,0.0
2026-07-22 08:00:00+00:00,0.1509999930858612,0.15299999713897705,0.1509999930858612,0.1509999930858612,0,0.0,0.0
2026-07-22 09:00:00+00:00,0.1509999930858612,0.15199999511241913,0.1509999930858612,0.1509999930858612,101000,0.0,0.0
2026-07-22 10:00:00+00:00,0.1509999930858612,0.15199999511241913,0.1509999930858612,0.15199999511241913,0,0.0,0.0
2026-07-22 11:00:00+00:00,0.15199999511241913,0.15199999511241913,0.1509999930858612,0.1509999930858612,0,0.0,0.0
2026-07-22 12:00:00+00:00,0.1509999930858612,0.1509999930858612,0.15000000596046448,0.15000000596046448,0,0.0,0.0
2026-07-22 13:00:00+00:00,0.15000000596046448,0.15199999511241913,0.15000000596046448,0.15199999511241913,0,0.0,0.0
2026-07-22 14:00:00+00:00,0.15199999511241913,0.15299999713897705,0.15199999511241913,0.15199999511241913,0,0.0,0.0
2026-07-22 15:00:00+00:00,0.15199999511241913,0.1550000011920929,0.15199999511241913,0.15399999916553497,0,0.0,0.0
2026-07-22 16:00:00+00:00,0.15399999916553497,0.15399999916553497,0.15299999713897705,0.15399999916553497,0,0.0,0.0
2026-07-22 17:00:00+00:00,0.15399999916553497,0.1550000011920929,0.15399999916553497,0.1550000011920929,727520,0.0,0.0
2026-07-22 18:00:00+00:00,0.1550000011920929,0.1550000011920929,0.15399999916553497,0.1550000011920929,68744,0.0,0.0
2026-07-22 19:00:00+00:00,0.1550000011920929,0.1550000011920929,0.15399999916553497,0.15399999916553497,349652,0.0,0.0
2026-07-22 20:00:00+00:00,0.15399999916553497,0.15600000321865082,0.15399999916553497,0.1550000011920929,940024,0.0,0.0
2026-07-22 21:00:00+00:00,0.1550000011920929,0.1550000011920929,0.1550000011920929,0.1550000011920929,81136,0.0,0.0
2026-07-22 22:00:00+00:00,0.1550000011920929,0.1550000011920929,0.15299999713897705,0.15299999713897705,17868,0.0,0.0
2026-07-22 23:00:00+00:00,0.15299999713897705,0.15299999713897705,0.15199999511241913,0.15299999713897705,305808,0.0,0.0
2026-07-23 00:00:00+00:00,0.15299999713897705,0.15399999916553497,0.15299999713897705,0.15299999713897705,0,0.0,0.0
2026-07-23 01:00:00+00:00,0.15299999713897705,0.15299999713897705,0.15199999511241913,0.15299999713897705,0,0.0,0.0
2026-07-23 02:00:00+00:00,0.15299999713897705,0.15299999713897705,0.1509999930858612,0.15199999511241913,54252,0.0,0.0
2026-07-23 03:00:00+00:00,0.15199999511241913,0.15199999511241913,0.15199999511241913,0.15199999511241913,31564,0.0,0.0
2026-07-23 04:00:00+00:00,0.15199999511241913,0.15199999511241913,0.15199999511241913,0.15199999511241913,212852,0.0,0.0
2026-07-23 05:00:00+00:00,0.15199999511241913,0.15199999511241913,0.15199999511241913,0.15199999511241913,0,0.0,0.0
2026-07-23 06:00:00+00:00,0.15199999511241913,0.15199999511241913,0.15199999511241913,0.15199999511241913,311248,0.0,0.0
2026-07-23 07:00:00+00:00,0.15199999511241913,0.15199999511241913,0.1509999930858612,0.1509999930858612,0,0.0,0.0
2026-07-23 08:00:00+00:00,0.1509999930858612,0.15199999511241913,0.1509999930858612,0.15199999511241913,0,0.0,0.0
2026-07-23 09:00:00+00:00,0.15199999511241913,0.15399999916553497,0.15199999511241913,0.15299999713897705,0,0.0,0.0
2026-07-23 10:00:00+00:00,0.15299999713897705,0.15299999713897705,0.15299999713897705,0.15299999713897705,0,0.0,0.0
2026-07-23 11:00:00+00:00,0.15299999713897705,0.15299999713897705,0.1509999930858612,0.15199999511241913,149320,0.0,0.0
2026-07-23 12:00:00+00:00,0.15199999511241913,0.15299999713897705,0.1509999930858612,0.1509999930858612,1031516,0.0,0.0
2026-07-23 13:00:00+00:00,0.1509999930858612,0.1509999930858612,0.15000000596046448,0.15000000596046448,350740,0.0,0.0
2026-07-23 14:00:00+00:00,0.15000000596046448,0.1509999930858612,0.15000000596046448,0.15000000596046448,776432,0.0,0.0
2026-07-23 15:00:00+00:00,0.15000000596046448,0.15000000596046448,0.1469999998807907,0.14900000393390656,1228564,0.0,0.0
2026-07-23 16:00:00+00:00,0.14900000393390656,0.14900000393390656,0.1469999998807907,0.14900000393390656,5896,0.0,0.0
2026-07-23 17:00:00+00:00,0.14800000190734863,0.14900000393390656,0.1459999978542328,0.1469999998807907,0,0.0,0.0
2026-07-23 18:00:00+00:00,0.1459999978542328,0.1459999978542328,0.14300000667572021,0.14399999380111694,1882816,0.0,0.0
2026-07-23 19:00:00+00:00,0.14399999380111694,0.14399999380111694,0.14300000667572021,0.14399999380111694,0,0.0,0.0
2026-07-23 20:00:00+00:00,0.14399999380111694,0.1459999978542328,0.14399999380111694,0.1459999978542328,126072,0.0,0.0
2026-07-23 21:00:00+00:00,0.1459999978542328,0.1459999978542328,0.14499999582767487,0.14499999582767487,0,0.0,0.0
2026-07-23 22:00:00+00:00,0.14499999582767487,0.1459999978542328,0.14399999380111694,0.14499999582767487,0,0.0,0.0
2026-07-23 23:00:00+00:00,0.14499999582767487,0.14499999582767487,0.14399999380111694,0.14399999380111694,11860,0.0,0.0
2026-07-24 00:00:00+00:00,0.14399999380111694,0.14399999380111694,0.14100000262260437,0.14300000667572021,1387372,0.0,0.0
2026-07-24 01:00:00+00:00,0.14300000667572021,0.14499999582767487,0.14300000667572021,0.14399999380111694,586268,0.0,0.0
2026-07-24 02:00:00+00:00,0.14399999380111694,0.14399999380111694,0.14300000667572021,0.14300000667572021,98180,0.0,0.0
2026-07-24 03:00:00+00:00,0.14300000667572021,0.14499999582767487,0.14300000667572021,0.14499999582767487,0,0.0,0.0
2026-07-24 04:00:00+00:00,0.14499999582767487,0.14499999582767487,0.14399999380111694,0.14399999380111694,99028,0.0,0.0
2026-07-24 05:00:00+00:00,0.14399999380111694,0.14399999380111694,0.14399999380111694,0.14399999380111694,553600,0.0,0.0
2026-07-24 06:00:00+00:00,0.14399999380111694,0.14499999582767487,0.14399999380111694,0.14499999582767487,371672,0.0,0.0
2026-07-24 07:00:00+00:00,0.14499999582767487,0.1469999998807907,0.14499999582767487,0.1459999978542328,848856,0.0,0.0
2026-07-24 08:00:00+00:00,0.1459999978542328,0.1459999978542328,0.1459999978542328,0.1459999978542328,598772,0.0,0.0
2026-07-24 09:00:00+00:00,0.1459999978542328,0.1459999978542328,0.14399999380111694,0.14499999582767487,0,0.0,0.0
2026-07-24 10:00:00+00:00,0.14499999582767487,0.14499999582767487,0.14399999380111694,0.14399999380111694,62228,0.0,0.0
2026-07-24 11:00:00+00:00,0.14399999380111694,0.14499999582767487,0.14300000667572021,0.14300000667572021,132556,0.0,0.0
2026-07-24 12:00:00+00:00,0.14300000667572021,0.14399999380111694,0.14300000667572021,0.14300000667572021,0,0.0,0.0
2026-07-24 13:00:00+00:00,0.14300000667572021,0.14399999380111694,0.14100000262260437,0.14100000262260437,0,0.0,0.0
2026-07-24 14:00:00+00:00,0.1420000046491623,0.1420000046491623,0.14100000262260437,0.1420000046491623,0,0.0,0.0
2026-07-24 15:00:00+00:00,0.1420000046491623,0.14300000667572021,0.1420000046491623,0.14300000667572021,0,0.0,0.0
2026-07-24 16:00:00+00:00,0.14300000667572021,0.14300000667572021,0.1420000046491623,0.1420000046491623,184744,0.0,0.0
2026-07-24 17:00:00+00:00,0.1420000046491623,0.14399999380111694,0.1420000046491623,0.14399999380111694,0,0.0,0.0
2026-07-24 18:00:00+00:00,0.14399999380111694,0.14499999582767487,0.14399999380111694,0.14499999582767487,0,0.0,0.0
2026-07-24 19:00:00+00:00,0.14399999380111694,0.14399999380111694,0.14399999380111694,0.14399999380111694,0,0.0,0.0
2026-07-24 20:00:00+00:00,0.14399999380111694,0.14399999380111694,0.14300000667572021,0.14399999380111694,0,0.0,0.0
2026-07-24 21:00:00+00:00,0.14399999380111694,0.14399999380111694,0.1420000046491623,0.1420000046491623,487096,0.0,0.0
2026-07-24 22:00:00+00:00,0.14100000262260437,0.14300000667572021,0.14100000262260437,0.14300000667572021,0,0.0,0.0
2026-07-24 23:00:00+00:00,0.14300000667572021,0.14399999380111694,0.14300000667572021,0.14399999380111694,460024,0.0,0.0
2026-07-25 00:00:00+00:00,0.14399999380111694,0.14499999582767487,0.14300000667572021,0.14499999582767487,0,0.0,0.0
2026-07-25 01:00:00+00:00,0.14499999582767487,0.1459999978542328,0.14499999582767487,0.1459999978542328,0,0.0,0.0
2026-07-25 02:00:00+00:00,0.1459999978542328,0.1459999978542328,0.14499999582767487,0.1459999978542328,700760,0.0,0.0
2026-07-25 03:00:00+00:00,0.1459999978542328,0.1459999978542328,0.14499999582767487,0.1459999978542328,0,0.0,0.0
2026-07-25 04:00:00+00:00,0.1469999998807907,0.14800000190734863,0.1459999978542328,0.1459999978542328,0,0.0,0.0
2026-07-25 05:00:00+00:00,0.1459999978542328,0.1469999998807907,0.14499999582767487,0.1459999978542328,0,0.0,0.0
2026-07-25 06:00:00+00:00,0.1459999978542328,0.1459999978542328,0.14399999380111694,0.14499999582767487,0,0.0,0.0
2026-07-25 07:00:00+00:00,0.14499999582767487,0.14499999582767487,0.14499999582767487,0.14499999582767487,0,0.0,0.0
2026-07-25 08:00:00+00:00,0.14499999582767487,0.14499999582767487,0.14499999582767487,0.14499999582767487,0,0.0,0.0
2026-07-25 09:00:00+00:00,0.14499999582767487,0.1459999978542328,0.14499999582767487,0.1459999978542328,0,0.0,0.0
2026-07-25 10:00:00+00:00,0.1459999978542328,0.1469999998807907,0.1459999978542328,0.1459999978542328,594136,0.0,0.0
2026-07-25 11:00:00+00:00,0.1459999978542328,0.14800000190734863,0.1459999978542328,0.14800000190734863,190120,0.0,0.0
2026-07-25 12:00:00+00:00,0.14800000190734863,0.14900000393390656,0.1469999998807907,0.14900000393390656,993300,0.0,0.0
2026-07-25 13:00:00+00:00,0.14900000393390656,0.14900000393390656,0.14800000190734863,0.14800000190734863,0,0.0,0.0
2026-07-25 14:00:00+00:00,0.14800000190734863,0.14900000393390656,0.14800000190734863,0.14800000190734863,0,0.0,0.0
2026-07-25 15:00:00+00:00,0.14800000190734863,0.15000000596046448,0.14800000190734863,0.15000000596046448,0,0.0,0.0
2026-07-25 16:00:00+00:00,0.15000000596046448,0.15000000596046448,0.14900000393390656,0.15000000596046448,1231704,0.0,0.0
2026-07-25 17:00:00+00:00,0.15000000596046448,0.15299999713897705,0.15000000596046448,0.15299999713897705,2271880,0.0,0.0
2026-07-25 18:00:00+00:00,0.15299999713897705,0.15600000321865082,0.15299999713897705,0.15399999916553497,2609176,0.0,0.0
2026-07-25 19:00:00+00:00,0.15399999916553497,0.15700000524520874,0.15299999713897705,0.15700000524520874,1697500,0.0,0.0
2026-07-25 20:00:00+00:00,0.15700000524520874,0.15800000727176666,0.1550000011920929,0.15700000524520874,2083776,0.0,0.0
2026-07-25 21:00:00+00:00,0.15700000524520874,0.1589999943971634,0.15600000321865082,0.15800000727176666,1678172,0.0,0.0
2026-07-25 22:00:00+00:00,0.15800000727176666,0.1589999943971634,0.1550000011920929,0.15600000321865082,1903288,0.0,0.0
2026-07-25 23:00:00+00:00,0.15600000321865082,0.15600000321865082,0.15399999916553497,0.1550000011920929,333444,0.0,0.0
2026-07-26 00:00:00+00:00,0.1550000011920929,0.1550000011920929,0.15399999916553497,0.15399999916553497,592688,0.0,0.0
2026-07-26 01:00:00+00:00,0.15399999916553497,0.15399999916553497,0.15299999713897705,0.15399999916553497,0,0.0,0.0
2026-07-26 02:00:00+00:00,0.15399999916553497,0.15800000727176666,0.15399999916553497,0.15800000727176666,827760,0.0,0.0
2026-07-26 03:00:00+00:00,0.15800000727176666,0.15800000727176666,0.15700000524520874,0.15800000727176666,768544,0.0,0.0
2026-07-26 04:00:00+00:00,0.15800000727176666,0.15800000727176666,0.15700000524520874,0.15700000524520874,81788,0.0,0.0
2026-07-26 05:00:00+00:00,0.15700000524520874,0.1599999964237213,0.15700000524520874,0.1599999964237213,1753676,0.0,0.0
2026-07-26 06:00:00+00:00,0.1599999964237213,0.16099999845027924,0.1589999943971634,0.1599999964237213,2047692,0.0,0.0
2026-07-26 07:00:00+00:00,0.1599999964237213,0.16099999845027924,0.1589999943971634,0.1589999943971634,193112,0.0,0.0
2026-07-26 08:00:00+00:00,0.1589999943971634,0.16099999845027924,0.15800000727176666,0.15800000727176666,959068,0.0,0.0
2026-07-26 09:00:00+00:00,0.15800000727176666,0.1589999943971634,0.15700000524520874,0.15700000524520874,1045484,0.0,0.0
2026-07-26 10:00:00+00:00,0.15700000524520874,0.15700000524520874,0.15700000524520874,0.15700000524520874,0,0.0,0.0
2026-07-26 11:00:00+00:00,0.15700000524520874,0.15700000524520874,0.15600000321865082,0.15700000524520874,316300,0.0,0.0
2026-07-26 12:00:00+00:00,0.15700000524520874,0.15800000727176666,0.15700000524520874,0.15700000524520874,0,0.0,0.0
2026-07-26 13:00:00+00:00,0.15700000524520874,0.15700000524520874,0.1550000011920929,0.1550000011920929,0,0.0,0.0
2026-07-26 14:00:00+00:00,0.1550000011920929,0.15600000321865082,0.1550000011920929,0.1550000011920929,0,0.0,0.0
2026-07-26 15:00:00+00:00,0.15399999916553497,0.1550000011920929,0.15399999916553497,0.1550000011920929,0,0.0,0.0
2026-07-26 16:00:00+00:00,0.1550000011920929,0.15600000321865082,0.1550000011920929,0.1550000011920929,0,0.0,0.0
2026-07-26 17:00:00+00:00,0.1550000011920929,0.1550000011920929,0.15399999916553497,0.1550000011920929,0,0.0,0.0
2026-07-26 18:00:00+00:00,0.1550000011920929,0.1550000011920929,0.15399999916553497,0.15399999916553497,0,0.0,0.0
2026-07-26 19:00:00+00:00,0.15399999916553497,0.1550000011920929,0.15399999916553497,0.15399999916553497,0,0.0,0.0
2026-07-26 20:00:00+00:00,0.15399999916553497,0.15399999916553497,0.15399999916553497,0.15399999916553497,0,0.0,0.0
2026-07-26 21:00:00+00:00,0.15399999916553497,0.15399999916553497,0.15299999713897705,0.15299999713897705,0,0.0,0.0
2026-07-26 22:00:00+00:00,0.15299999713897705,0.15600000321865082,0.15299999713897705,0.15399999916553497,0,0.0,0.0
2026-07-26 23:00:00+00:00,0.15399999916553497,0.15399999916553497,0.15299999713897705,0.15399999916553497,0,0.0,0.0
2026-07-27 00:00:00+00:00,0.15399999916553497,0.1550000011920929,0.15299999713897705,0.1550000011920929,0,0.0,0.0
2026-07-27 01:00:00+00:00,0.1550000011920929,0.15600000321865082,0.15399999916553497,0.15399999916553497,12340,0.0,0.0
2026-07-27 02:00:00+00:00,0.15399999916553497,0.15399999916553497,0.15399999916553497,0.15399999916553497,0,0.0,0.0
2026-07-27 03:00:00+00:00,0.15399999916553497,0.1550000011920929,0.15399999916553497,0.1550000011920929,0,0.0,0.0
2026-07-27 04:00:00+00:00,0.1550000011920929,0.15600000321865082,0.1550000011920929,0.1550000011920929,0,0.0,0.0
2026-07-27 05:00:00+00:00,0.1550000011920929,0.1550000011920929,0.1550000011920929,0.1550000011920929,0,0.0,0.0
2026-07-27 06:00:00+00:00,0.1550000011920929,0.15600000321865082,0.15399999916553497,0.1550000011920929,0,0.0,0.0
2026-07-27 07:00:00+00:00,0.1550000011920929,0.15600000321865082,0.1550000011920929,0.1550000011920929,0,0.0,0.0
2026-07-27 08:00:00+00:00,0.1550000011920929,0.1550000011920929,0.15299999713897705,0.15299999713897705,0,0.0,0.0
2026-07-27 09:00:00+00:00,0.15299999713897705,0.15399999916553497,0.15199999511241913,0.15299999713897705,0,0.0,0.0
2026-07-27 10:00:00+00:00,0.15299999713897705,0.15399999916553497,0.15199999511241913,0.15399999916553497,0,0.0,0.0
2026-07-27 11:00:00+00:00,0.15399999916553497,0.1550000011920929,0.15399999916553497,0.15399999916553497,0,0.0,0.0
2026-07-27 12:00:00+00:00,0.15399999916553497,0.1550000011920929,0.15399999916553497,0.1550000011920929,0,0.0,0.0
2026-07-27 13:00:00+00:00,0.1550000011920929,0.1550000011920929,0.15199999511241913,0.15399999916553497,279256,0.0,0.0
2026-07-27 14:00:00+00:00,0.15399999916553497,0.15399999916553497,0.15000000596046448,0.15000000596046448,1355608,0.0,0.0
2026-07-27 15:00:00+00:00,0.15000000596046448,0.1509999930858612,0.15000000596046448,0.1509999930858612,477112,0.0,0.0
2026-07-27 16:00:00+00:00,0.1509999930858612,0.15199999511241913,0.15000000596046448,0.1509999930858612,309740,0.0,0.0
2026-07-27 17:00:00+00:00,0.1509999930858612,0.15199999511241913,0.1509999930858612,0.1509999930858612,0,0.0,0.0
2026-07-27 18:00:00+00:00,0.1509999930858612,0.1509999930858612,0.15000000596046448,0.15000000596046448,138960,0.0,0.0
2026-07-27 19:00:00+00:00,0.15000000596046448,0.1509999930858612,0.15000000596046448,0.15000000596046448,840836,0.0,0.0
2026-07-27 20:00:00+00:00,0.15000000596046448,0.1509999930858612,0.15000000596046448,0.15000000596046448,215128,0.0,0.0
2026-07-27 21:00:00+00:00,0.15000000596046448,0.15000000596046448,0.14900000393390656,0.15000000596046448,0,0.0,0.0
2026-07-27 22:00:00+00:00,0.15000000596046448,0.15000000596046448,0.1469999998807907,0.1469999998807907,160664,0.0,0.0
2026-07-27 23:00:00+00:00,0.1459999978542328,0.14800000190734863,0.1459999978542328,0.14800000190734863,592920,0.0,0.0
2026-07-28 00:00:00+00:00,0.14800000190734863,0.14900000393390656,0.14800000190734863,0.14900000393390656,304636,0.0,0.0
2026-07-28 01:00:00+00:00,0.14900000393390656,0.14900000393390656,0.14800000190734863,0.14900000393390656,545792,0.0,0.0
2026-07-28 02:00:00+00:00,0.14900000393390656,0.15000000596046448,0.14800000190734863,0.14900000393390656,0,0.0,0.0
2026-07-28 03:00:00+00:00,0.14900000393390656,0.14900000393390656,0.14800000190734863,0.14800000190734863,0,0.0,0.0
2026-07-28 04:00:00+00:00,0.14800000190734863,0.14900000393390656,0.1469999998807907,0.14800000190734863,0,0.0,0.0
2026-07-28 05:00:00+00:00,0.14800000190734863,0.14900000393390656,0.14800000190734863,0.14800000190734863,586224,0.0,0.0
2026-07-28 06:00:00+00:00,0.14800000190734863,0.15000000596046448,0.14800000190734863,0.14900000393390656,0,0.0,0.0
2026-07-28 07:00:00+00:00,0.14900000393390656,0.14900000393390656,0.14800000190734863,0.14800000190734863,0,0.0,0.0
2026-07-28 08:00:00+00:00,0.14800000190734863,0.14900000393390656,0.14800000190734863,0.14800000190734863,8276,0.0,0.0
2026-07-28 09:00:00+00:00,0.14800000190734863,0.14800000190734863,0.14800000190734863,0.14800000190734863,600132,0.0,0.0
2026-07-28 10:00:00+00:00,0.14800000190734863,0.14900000393390656,0.14800000190734863,0.14900000393390656,0,0.0,0.0
2026-07-28 11:00:00+00:00,0.14900000393390656,0.14900000393390656,0.1469999998807907,0.14800000190734863,253656,0.0,0.0
2026-07-28 12:00:00+00:00,0.14800000190734863,0.14900000393390656,0.14800000190734863,0.14800000190734863,0,0.0,0.0
2026-07-28 13:00:00+00:00,0.14800000190734863,0.14900000393390656,0.1459999978542328,0.1459999978542328,0,0.0,0.0
2026-07-28 14:00:00+00:00,0.1459999978542328,0.14800000190734863,0.1459999978542328,0.14800000190734863,0,0.0,0.0
2026-07-28 15:00:00+00:00,0.14800000190734863,0.15000000596046448,0.14800000190734863,0.14900000393390656,203856,0.0,0.0
2026-07-28 16:00:00+00:00,0.14900000393390656,0.15000000596046448,0.14900000393390656,0.14900000393390656,0,0.0,0.0
2026-07-28 17:00:00+00:00,0.14900000393390656,0.14900000393390656,0.1469999998807907,0.14800000190734863,354896,0.0,0.0
2026-07-28 18:00:00+00:00,0.14800000190734863,0.14800000190734863,0.14800000190734863,0.14800000190734863,0,0.0,0.0
2026-07-28 19:00:00+00:00,0.14800000190734863,0.14900000393390656,0.1469999998807907,0.14800000190734863,0,0.0,0.0
2026-07-28 20:00:00+00:00,0.14800000190734863,0.14900000393390656,0.14800000190734863,0.14900000393390656,0,0.0,0.0
2026-07-28 21:00:00+00:00,0.14900000393390656,0.14900000393390656,0.14800000190734863,0.14900000393390656,55968,0.0,0.0
2026-07-28 22:00:00+00:00,0.14900000393390656,0.14900000393390656,0.14800000190734863,0.14800000190734863,0,0.0,0.0
2026-07-28 23:00:00+00:00,0.14800000190734863,0.14800000190734863,0.1469999998807907,0.14800000190734863,0,0.0,0.0
2026-07-29 00:00:00+00:00,0.14800000190734863,0.14800000190734863,0.14800000190734863,0.14800000190734863,0,0.0,0.0
2026-07-29 01:00:00+00:00,0.14800000190734863,0.14800000190734863,0.1459999978542328,0.1459999978542328,0,0.0,0.0
2026-07-29 02:00:00+00:00,0.1459999978542328,0.1469999998807907,0.1459999978542328,0.1469999998807907,184796,0.0,0.0
2026-07-29 03:00:00+00:00,0.1469999998807907,0.1469999998807907,0.14499999582767487,0.14499999582767487,1131408,0.0,0.0
2026-07-29 04:00:00+00:00,0.14499999582767487,0.14499999582767487,0.14300000667572021,0.14499999582767487,1018948,0.0,0.0
2026-07-29 05:00:00+00:00,0.14499999582767487,0.1459999978542328,0.14499999582767487,0.1459999978542328,0,0.0,0.0
2026-07-29 06:00:00+00:00,0.1459999978542328,0.1459999978542328,0.1459999978542328,0.1459999978542328,0,0.0,0.0
2026-07-29 07:00:00+00:00,0.1459999978542328,0.1459999978542328,0.14499999582767487,0.1459999978542328,0,0.0,0.0
2026-07-29 08:00:00+00:00,0.1459999978542328,0.1469999998807907,0.14499999582767487,0.1459999978542328,0,0.0,0.0
2026-07-29 09:00:00+00:00,0.1459999978542328,0.1459999978542328,0.1459999978542328,0.1459999978542328,24328,0.0,0.0
2026-07-29 10:00:00+00:00,0.1459999978542328,0.1459999978542328,0.14499999582767487,0.14499999582767487,181152,0.0,0.0
2026-07-29 11:00:00+00:00,0.14499999582767487,0.1459999978542328,0.14499999582767487,0.1459999978542328,0,0.0,0.0
2026-07-29 12:00:00+00:00,0.1459999978542328,0.1469999998807907,0.1459999978542328,0.1459999978542328,383188,0.0,0.0
2026-07-29 13:00:00+00:00,0.1459999978542328,0.1459999978542328,0.14499999582767487,0.1459999978542328,0,0.0,0.0
2026-07-29 14:00:00+00:00,0.1459999978542328,0.1459999978542328,0.14499999582767487,0.14499999582767487,0,0.0,0.0
2026-07-29 15:00:00+00:00,0.14499999582767487,0.14499999582767487,0.14399999380111694,0.14399999380111694,0,0.0,0.0
2026-07-29 16:00:00+00:00,0.14399999380111694,0.14499999582767487,0.14399999380111694,0.14399999380111694,192132,0.0,0.0
2026-07-29 17:00:00+00:00,0.14399999380111694,0.14499999582767487,0.14399999380111694,0.14499999582767487,0,0.0,0.0
2026-07-29 18:00:00+00:00,0.1459999978542328,0.1459999978542328,0.14499999582767487,0.1459999978542328,1341216,0.0,0.0
2026-07-29 19:00:00+00:00,0.1459999978542328,0.1459999978542328,0.14300000667572021,0.14300000667572021,594476,0.0,0.0
2026-07-29 20:00:00+00:00,0.14300000667572021,0.14300000667572021,0.1420000046491623,0.1420000046491623,2211024,0.0,0.0
2026-07-29 21:00:00+00:00,0.1420000046491623,0.14300000667572021,0.14100000262260437,0.14300000667572021,1415728,0.0,0.0
2026-07-29 22:00:00+00:00,0.14300000667572021,0.14300000667572021,0.14300000667572021,0.14300000667572021,709604,0.0,0.0
2026-07-29 23:00:00+00:00,0.14300000667572021,0.14399999380111694,0.14300000667572021,0.14399999380111694,87412,0.0,0.0
2026-07-30 00:00:00+00:00,0.14499999582767487,0.14499999582767487,0.14300000667572021,0.14399999380111694,0,0.0,0.0
2026-07-30 01:00:00+00:00,0.14399999380111694,0.1459999978542328,0.14399999380111694,0.1459999978542328,181608,0.0,0.0
2026-07-30 02:00:00+00:00,0.1459999978542328,0.1469999998807907,0.1459999978542328,0.1459999978542328,0,0.0,0.0
2026-07-30 03:00:00+00:00,0.1459999978542328,0.1459999978542328,0.14499999582767487,0.14499999582767487,0,0.0,0.0
2026-07-30 04:00:00+00:00,0.14499999582767487,0.14499999582767487,0.14399999380111694,0.14399999380111694,0,0.0,0.0
2026-07-30 05:00:00+00:00,0.14399999380111694,0.14399999380111694,0.14300000667572021,0.14399999380111694,827712,0.0,0.0
2026-07-30 06:00:00+00:00,0.14399999380111694,0.14399999380111694,0.14300000667572021,0.14300000667572021,42092,0.0,0.0
2026-07-30 07:00:00+00:00,0.14300000667572021,0.14399999380111694,0.14300000667572021,0.14300000667572021,758072,0.0,0.0
2026-07-30 08:00:00+00:00,0.14300000667572021,0.14300000667572021,0.1420000046491623,0.14300000667572021,0,0.0,0.0
2026-07-30 09:00:00+00:00,0.14300000667572021,0.14300000667572021,0.14300000667572021,0.14300000667572021,0,0.0,0.0
2026-07-30 10:00:00+00:00,0.14300000667572021,0.14300000667572021,0.14300000667572021,0.14300000667572021,548152,0.0,0.0
2026-07-30 11:00:00+00:00,0.14300000667572021,0.14399999380111694,0.14300000667572021,0.14399999380111694,422572,0.0,0.0
2026-07-30 12:00:00+00:00,0.14399999380111694,0.14399999380111694,0.14300000667572021,0.14300000667572021,0,0.0,0.0
2026-07-30 13:00:00+00:00,0.14300000667572021,0.14399999380111694,0.1420000046491623,0.14399999380111694,657092,0.0,0.0
2026-07-30 14:00:00+00:00,0.14399999380111694,0.14499999582767487,0.14300000667572021,0.14499999582767487,46692,0.0,0.0
2026-07-30 15:00:00+00:00,0.14499999582767487,0.14499999582767487,0.14300000667572021,0.14300000667572021,867548,0.0,0.0
2026-07-30 16:00:00+00:00,0.14300000667572021,0.14399999380111694,0.14300000667572021,0.14399999380111694,0,0.0,0.0
2026-07-30 17:00:00+00:00,0.14399999380111694,0.14399999380111694,0.14300000667572021,0.14399999380111694,150244,0.0,0.0
2026-07-30 18:00:00+00:00,0.14399999380111694,0.14499999582767487,0.14399999380111694,0.14499999582767487,0,0.0,0.0
2026-07-30 19:00:00+00:00,0.14499999582767487,0.14499999582767487,0.14499999582767487,0.14499999582767487,0,0.0,0.0
2026-07-30 20:00:00+00:00,0.14499999582767487,0.14499999582767487,0.14399999380111694,0.14399999380111694,0,0.0,0.0
2026-07-30 21:00:00+00:00,0.14399999380111694,0.14499999582767487,0.14399999380111694,0.14499999582767487,0,0.0,0.0
2026-07-30 22:00:00+00:00,0.14499999582767487,0.1459999978542328,0.14399999380111694,0.14499999582767487,0,0.0,0.0
2026-07-30 23:00:00+00:00,0.14499999582767487,0.1459999978542328,0.14499999582767487,0.1459999978542328,410468,0.0,0.0
2026-07-31 00:00:00+00:00,0.1459999978542328,0.1459999978542328,0.14499999582767487,0.14499999582767487,157528,0.0,0.0
2026-07-31 01:00:00+00:00,0.14499999582767487,0.1469999998807907,0.14399999380111694,0.14399999380111694,0,0.0,0.0
2026-07-31 02:00:00+00:00,0.14399999380111694,0.14399999380111694,0.14300000667572021,0.14300000667572021,336380,0.0,0.0
2026-07-31 03:00:00+00:00,0.14300000667572021,0.14399999380111694,0.1420000046491623,0.14300000667572021,938604,0.0,0.0
2026-07-31 04:00:00+00:00,0.14300000667572021,0.14300000667572021,0.1420000046491623,0.14300000667572021,294984,0.0,0.0
2026-07-31 05:00:00+00:00,0.14300000667572021,0.14300000667572021,0.14300000667572021,0.14300000667572021,0,0.0,0.0
2026-07-31 06:00:00+00:00,0.14300000667572021,0.14300000667572021,0.14300000667572021,0.14300000667572021,334980,0.0,0.0
2026-07-31 07:00:00+00:00,0.14300000667572021,0.14300000667572021,0.1420000046491623,0.14300000667572021,343784,0.0,0.0
2026-07-31 08:00:00+00:00,0.14300000667572021,0.14300000667572021,0.14300000667572021,0.14300000667572021,224068,0.0,0.0
2026-07-31 09:00:00+00:00,0.14300000667572021,0.14300000667572021,0.1420000046491623,0.1420000046491623,544196,0.0,0.0
2026-07-31 10:00:00+00:00,0.1420000046491623,0.14300000667572021,0.1420000046491623,0.14300000667572021,0,0.0,0.0
2026-07-31 11:00:00+00:00,0.14300000667572021,0.14300000667572021,0.14300000667572021,0.14300000667572021,0,0.0,0.0
2026-07-31 12:00:00+00:00,0.14300000667572021,0.14300000667572021,0.1420000046491623,0.14300000667572021,0,0.0,0.0
2026-07-31 13:00:00+00:00,0.14300000667572021,0.14399999380111694,0.1420000046491623,0.1420000046491623,0,0.0,0.0
2026-07-31 14:00:00+00:00,0.1420000046491623,0.14399999380111694,0.14000000059604645,0.14300000667572021,1978200,0.0,0.0
2026-07-31 15:00:00+00:00,0.14300000667572021,0.14399999380111694,0.14300000667572021,0.14399999380111694,395788,0.0,0.0
2026-07-31 16:00:00+00:00,0.14399999380111694,0.14399999380111694,0.14300000667572021,0.14300000667572021,1624532,0.0,0.0
2026-07-31 17:00:00+00:00,0.14300000667572021,0.14499999582767487,0.14300000667572021,0.14499999582767487,779040,0.0,0.0
2026-07-31 18:00:00+00:00,0.14499999582767487,0.1459999978542328,0.14399999380111694,0.14399999380111694,0,0.0,0.0
2026-07-31 19:00:00+00:00,0.14399999380111694,0.14399999380111694,0.14300000667572021,0.14300000667572021,485012,0.0,0.0
2026-07-31 20:00:00+00:00,0.14300000667572021,0.14399999380111694,0.1420000046491623,0.1420000046491623,0,0.0,0.0
2026-07-31 21:00:00+00:00,0.1420000046491623,0.14399999380111694,0.1420000046491623,0.1420000046491623,1067364,0.0,0.0
2026-07-31 22:00:00+00:00,0.1420000046491623,0.14300000667572021,0.1420000046491623,0.14300000667572021,234136,0.0,0.0
2026-07-31 23:00:00+00:00,0.14300000667572021,0.14300000667572021,0.14300000667572021,0.14300000667572021,0,0.0,0.0
2026-08-01 00:00:00+00:00,0.14300000667572021,0.14499999582767487,0.14300000667572021,0.14499999582767487,0,0.0,0.0
2026-08-01 01:00:00+00:00,0.14499999582767487,0.1469999998807907,0.14499999582767487,0.14499999582767487,623964,0.0,0.0
2026-08-01 02:00:00+00:00,0.14499999582767487,0.1459999978542328,0.14499999582767487,0.14499999582767487,307456,0.0,0.0
2026-08-01 03:00:00+00:00,0.14499999582767487,0.1459999978542328,0.14499999582767487,0.14499999582767487,0,0.0,0.0
2026-08-01 04:00:00+00:00,0.1459999978542328,0.1459999978542328,0.1459999978542328,0.1459999978542328,0,0.0,0.0
2026-08-01 05:00:00+00:00,0.1459999978542328,0.1459999978542328,0.14499999582767487,0.14499999582767487,0,0.0,0.0
2026-08-01 06:00:00+00:00,0.14499999582767487,0.1459999978542328,0.14499999582767487,0.14499999582767487,0,0.0,0.0
2026-08-01 07:00:00+00:00,0.14499999582767487,0.14499999582767487,0.14300000667572021,0.14399999380111694,0,0.0,0.0
2026-08-01 08:00:00+00:00,0.14399999380111694,0.14399999380111694,0.14300000667572021,0.14399999380111694,0,0.0,0.0
2026-08-01 09:00:00+00:00,0.14399999380111694,0.14399999380111694,0.1420000046491623,0.1420000046491623,54484,0.0,0.0
2026-08-01 10:00:00+00:00,0.1420000046491623,0.1420000046491623,0.14100000262260437,0.1420000046491623,200688,0.0,0.0
2026-08-01 11:00:00+00:00,0.1420000046491623,0.1420000046491623,0.14100000262260437,0.1420000046491623,198940,0.0,0.0
2026-08-01 12:00:00+00:00,0.1420000046491623,0.1420000046491623,0.1420000046491623,0.1420000046491623,0,0.0,0.0
2026-08-01 13:00:00+00:00,0.1420000046491623,0.14300000667572021,0.14100000262260437,0.1420000046491623,0,0.0,0.0
2026-08-01 14:00:00+00:00,0.1420000046491623,0.1420000046491623,0.14100000262260437,0.14100000262260437,0,0.0,0.0
2026-08-01 15:00:00+00:00,0.14100000262260437,0.1420000046491623,0.14100000262260437,0.14100000262260437,0,0.0,0.0
2026-08-01 16:00:00+00:00,0.14100000262260437,0.1420000046491623,0.14100000262260437,0.14100000262260437,0,0.0,0.0
2026-08-01 17:00:00+00:00,0.14100000262260437,0.14100000262260437,0.1379999965429306,0.13899999856948853,1211316,0.0,0.0
2026-08-01 18:00:00+00:00,0.13899999856948853,0.13899999856948853,0.13699999451637268,0.1379999965429306,1352064,0.0,0.0
2026-08-01 19:00:00+00:00,0.1379999965429306,0.1379999965429306,0.1379999965429306,0.1379999965429306,0,0.0,0.0
2026-08-01 20:00:00+00:00,0.1379999965429306,0.1379999965429306,0.13699999451637268,0.13699999451637268,353260,0.0,0.0
2026-08-01 21:00:00+00:00,0.13699999451637268,0.1379999965429306,0.13699999451637268,0.1379999965429306,761164,0.0,0.0
2026-08-01 22:00:00+00:00,0.1379999965429306,0.1379999965429306,0.13699999451637268,0.13699999451637268,1681540,0.0,0.0
2026-08-01 23:00:00+00:00,0.13699999451637268,0.13699999451637268,0.13600000739097595,0.13600000739097595,1039632,0.0,0.0
2026-08-02 00:00:00+00:00,0.13600000739097595,0.13699999451637268,0.13500000536441803,0.13699999451637268,586124,0.0,0.0
2026-08-02 01:00:00+00:00,0.13699999451637268,0.1379999965429306,0.13699999451637268,0.1379999965429306,0,0.0,0.0
2026-08-02 02:00:00+00:00,0.1379999965429306,0.13899999856948853,0.1379999965429306,0.13899999856948853,0,0.0,0.0
2026-08-02 03:00:00+00:00,0.13899999856948853,0.13899999856948853,0.1379999965429306,0.13899999856948853,592516,0.0,0.0
2026-08-02 04:00:00+00:00,0.13899999856948853,0.13899999856948853,0.1379999965429306,0.13899999856948853,372660,0.0,0.0
2026-08-02 05:00:00+00:00,0.13899999856948853,0.13899999856948853,0.13899999856948853,0.13899999856948853,45404,0.0,0.0
2026-08-02 06:00:00+00:00,0.13899999856948853,0.14000000059604645,0.13899999856948853,0.14000000059604645,538560,0.0,0.0
2026-08-02 07:00:00+00:00,0.14000000059604645,0.14000000059604645,0.13899999856948853,0.14000000059604645,971444,0.0,0.0
2026-08-02 08:00:00+00:00,0.14000000059604645,0.14000000059604645,0.14000000059604645,0.14000000059604645,311088,0.0,0.0
2026-08-02 09:00:00+00:00,0.14000000059604645,0.14100000262260437,0.14000000059604645,0.14100000262260437,154392,0.0,0.0
2026-08-02 10:00:00+00:00,0.14100000262260437,0.14100000262260437,0.14000000059604645,0.14000000059604645,60208,0.0,0.0
2026-08-02 11:00:00+00:00,0.14000000059604645,0.14000000059604645,0.13899999856948853,0.13899999856948853,0,0.0,0.0
2026-08-02 12:00:00+00:00,0.13899999856948853,0.14100000262260437,0.13899999856948853,0.14000000059604645,457048,0.0,0.0
2026-08-02 13:00:00+00:00,0.14000000059604645,0.14100000262260437,0.13899999856948853,0.14000000059604645,347320,0.0,0.0
2026-08-02 14:00:00+00:00,0.14000000059604645,0.14100000262260437,0.13899999856948853,0.14100000262260437,0,0.0,0.0
2026-08-02 15:00:00+00:00,0.14100000262260437,0.14100000262260437,0.13899999856948853,0.13899999856948853,0,0.0,0.0
2026-08-02 16:00:00+00:00,0.13899999856948853,0.13899999856948853,0.13899999856948853,0.13899999856948853,514752,0.0,0.0
2026-08-02 17:00:00+00:00,0.1379999965429306,0.1420000046491623,0.1379999965429306,0.1420000046491623,0,0.0,0.0
2026-08-02 18:00:00+00:00,0.14000000059604645,0.14100000262260437,0.14000000059604645,0.14100000262260437,0,0.0,0.0
2026-08-02 19:00:00+00:00,0.14100000262260437,0.1420000046491623,0.14100000262260437,0.14100000262260437,0,0.0,0.0
2026-08-02 20:00:00+00:00,0.14100000262260437,0.14100000262260437,0.14100000262260437,0.14100000262260437,0,0.0,0.0
2026-08-02 21:00:00+00:00,0.14100000262260437,0.14300000667572021,0.14100000262260437,0.1420000046491623,0,0.0,0.0
2026-08-02 22:00:00+00:00,0.1420000046491623,0.1420000046491623,0.14000000059604645,0.14000000059604645,0,0.0,0.0
2026-08-02 23:00:00+00:00,0.14000000059604645,0.14000000059604645,0.13899999856948853,0.14000000059604645,0,0.0,0.0
2026-08-03 00:00:00+00:00,0.14000000059604645,0.14000000059604645,0.13899999856948853,0.13899999856948853,0,0.0,0.0
2026-08-03 01:00:00+00:00,0.13899999856948853,0.13899999856948853,0.1379999965429306,0.1379999965429306,0,0.0,0.0
2026-08-03 02:00:00+00:00,0.1379999965429306,0.13899999856948853,0.13699999451637268,0.13699999451637268,0,0.0,0.0
2026-08-03 03:00:00+00:00,0.13699999451637268,0.1379999965429306,0.13699999451637268,0.1379999965429306,0,0.0,0.0
2026-08-03 04:00:00+00:00,0.1379999965429306,0.13899999856948853,0.1379999965429306,0.1379999965429306,437432,0.0,0.0
2026-08-03 05:00:00+00:00,0.1379999965429306,0.1379999965429306,0.1379999965429306,0.1379999965429306,0,0.0,0.0
2026-08-03 06:00:00+00:00,0.1379999965429306,0.1379999965429306,0.1379999965429306,0.1379999965429306,0,0.0,0.0
2026-08-03 07:00:00+00:00,0.1379999965429306,0.1379999965429306,0.13699999451637268,0.1379999965429306,0,0.0,0.0
2026-08-03 08:00:00+00:00,0.1379999965429306,0.1379999965429306,0.13699999451637268,0.13699999451637268,417096,0.0,0.0
2026-08-03 09:00:00+00:00,0.13699999451637268,0.1379999965429306,0.13699999451637268,0.13699999451637268,61524,0.0,0.0
2026-08-03 10:00:00+00:00,0.13699999451637268,0.13699999451637268,0.13699999451637268,0.13699999451637268,472696,0.0,0.0
2026-08-03 11:00:00+00:00,0.13699999451637268,0.1379999965429306,0.13699999451637268,0.13699999451637268,974260,0.0,0.0
2026-08-03 12:00:00+00:00,0.13699999451637268,0.1379999965429306,0.13699999451637268,0.13699999451637268,377264,0.0,0.0
2026-08-03 13:00:00+00:00,0.13699999451637268,0.13899999856948853,0.13699999451637268,0.13899999856948853,516284,0.0,0.0
2026-08-03 14:00:00+00:00,0.13899999856948853,0.13899999856948853,0.1379999965429306,0.1379999965429306,1262920,0.0,0.0
2026-08-03 15:00:00+00:00,0.1379999965429306,0.13899999856948853,0.1379999965429306,0.1379999965429306,979676,0.0,0.0
2026-08-03 16:00:00+00:00,0.1379999965429306,0.1379999965429306,0.13699999451637268,0.1379999965429306,206616,0.0,0.0
2026-08-03 17:00:00+00:00,0.1379999965429306,0.14000000059604645,0.1379999965429306,0.14000000059604645,3058484,0.0,0.0
2026-08-03 18:00:00+00:00,0.14000000059604645,0.14100000262260437,0.14000000059604645,0.14100000262260437,1594964,0.0,0.0
2026-08-03 19:00:00+00:00,0.14100000262260437,0.14100000262260437,0.14100000262260437,0.14100000262260437,644472,0.0,0.0
2026-08-03 20:00:00+00:00,0.14100000262260437,0.1420000046491623,0.14000000059604645,0.1420000046491623,1109628,0.0,0.0
2026-08-03 21:00:00+00:00,0.1420000046491623,0.14300000667572021,0.14100000262260437,0.14100000262260437,1100384,0.0,0.0
2026-08-03 22:00:00+00:00,0.14100000262260437,0.14100000262260437,0.14000000059604645,0.14000000059604645,198856,0.0,0.0
2026-08-03 23:00:00+00:00,0.14000000059604645,0.14000000059604645,0.13899999856948853,0.14000000059604645,0,0.0,0.0
2026-08-04 00:00:00+00:00,0.14000000059604645,0.14100000262260437,0.14000000059604645,0.14000000059604645,211804,0.0,0.0
2026-08-04 01:00:00+00:00,0.14000000059604645,0.14100000262260437,0.13899999856948853,0.14100000262260437,0,0.0,0.0
2026-08-04 02:00:00+00:00,0.14100000262260437,0.1420000046491623,0.14100000262260437,0.1420000046491623,437868,0.0,0.0
2026-08-04 03:00:00+00:00,0.1420000046491623,0.1420000046491623,0.14100000262260437,0.1420000046491623,343200,0.0,0.0
2026-08-04 04:00:00+00:00,0.1420000046491623,0.1420000046491623,0.1420000046491623,0.1420000046491623,0,0.0,0.0
2026-08-04 05:00:00+00:00,0.1420000046491623,0.1420000046491623,0.14100000262260437,0.1420000046491623,552992,0.0,0.0
2026-08-04 06:00:00+00:00,0.1420000046491623,0.14300000667572021,0.14100000262260437,0.14100000262260437,0,0.0,0.0
2026-08-04 07:00:00+00:00,0.14100000262260437,0.1420000046491623,0.14000000059604645,0.1420000046491623,0,0.0,0.0
2026-08-04 08:00:00+00:00,0.1420000046491623,0.1420000046491623,0.14100000262260437,0.14100000262260437,0,0.0,0.0
2026-08-04 09:00:00+00:00,0.14100000262260437,0.14100000262260437,0.14100000262260437,0.14100000262260437,0,0.0,0.0
2026-08-04 10:00:00+00:00,0.14100000262260437,0.14100000262260437,0.14000000059604645,0.14000000059604645,0,0.0,0.0
2026-08-04 11:00:00+00:00,0.14000000059604645,0.14000000059604645,0.14000000059604645,0.14000000059604645,0,0.0,0.0
2026-08-04 12:00:00+00:00,0.14000000059604645,0.14100000262260437,0.14000000059604645,0.14000000059604645,0,0.0,0.0
2026-08-04 13:00:00+00:00,0.14000000059604645,0.14100000262260437,0.14000000059604645,0.14000000059604645,225300,0.0,0.0
2026-08-04 14:00:00+00:00,0.14000000059604645,0.14000000059604645,0.13899999856948853,0.14000000059604645,0,0.0,0.0
2026-08-04 15:00:00+00:00,0.14000000059604645,0.14100000262260437,0.14000000059604645,0.14100000262260437,0,0.0,0.0
2026-08-04 16:00:00+00:00,0.14100000262260437,0.14100000262260437,0.13899999856948853,0.13899999856948853,0,0.0,0.0
2026-08-04 17:00:00+00:00,0.13899999856948853,0.14100000262260437,0.13899999856948853,0.14100000262260437,0,0.0,0.0
2026-08-04 18:00:00+00:00,0.14100000262260437,0.14300000667572021,0.14100000262260437,0.1420000046491623,0,0.0,0.0
2026-08-04 19:00:00+00:00,0.1420000046491623,0.1420000046491623,0.14100000262260437,0.14100000262260437,0,0.0,0.0
2026-08-04 20:00:00+00:00,0.14100000262260437,0.1420000046491623,0.14100000262260437,0.1420000046491623,13572,0.0,0.0
2026-08-04 21:00:00+00:00,0.1420000046491623,0.1420000046491623,0.14100000262260437,0.14100000262260437,0,0.0,0.0
2026-08-04 22:00:00+00:00,0.14100000262260437,0.1420000046491623,0.14000000059604645,0.1420000046491623,0,0.0,0.0
2026-08-04 23:00:00+00:00,0.14100000262260437,0.14100000262260437,0.14000000059604645,0.14000000059604645,28800,0.0,0.0
2026-08-05 00:00:00+00:00,0.14000000059604645,0.14000000059604645,0.13899999856948853,0.13899999856948853,0,0.0,0.0
2026-08-05 01:00:00+00:00,0.13899999856948853,0.14100000262260437,0.13899999856948853,0.14100000262260437,85016,0.0,0.0
2026-08-05 02:00:00+00:00,0.14100000262260437,0.1420000046491623,0.14100000262260437,0.14100000262260437,579548,0.0,0.0
2026-08-05 03:00:00+00:00,0.14100000262260437,0.1420000046491623,0.14100000262260437,0.14100000262260437,0,0.0,0.0
2026-08-05 04:00:00+00:00,0.14100000262260437,0.1420000046491623,0.14100000262260437,0.14100000262260437,137440,0.0,0.0
2026-08-05 05:00:00+00:00,0.14100000262260437,0.14100000262260437,0.14100000262260437,0.14100000262260437,0,0.0,0.0
2026-08-05 06:00:00+00:00,0.14100000262260437,0.1420000046491623,0.14100000262260437,0.1420000046491623,568176,0.0,0.0
2026-08-05 07:00:00+00:00,0.1420000046491623,0.1420000046491623,0.14000000059604645,0.14000000059604645,332576,0.0,0.0
2026-08-05 08:00:00+00:00,0.14100000262260437,0.14100000262260437,0.14100000262260437,0.14100000262260437,0,0.0,0.0
2026-08-05 09:00:00+00:00,0.14100000262260437,0.14100000262260437,0.14000000059604645,0.14000000059604645,397400,0.0,0.0
2026-08-05 10:00:00+00:00,0.14000000059604645,0.14000000059604645,0.14000000059604645,0.14000000059604645,839544,0.0,0.0
2026-08-05 11:00:00+00:00,0.14000000059604645,0.14000000059604645,0.14000000059604645,0.14000000059604645,0,0.0,0.0
2026-08-05 12:00:00+00:00,0.14000000059604645,0.14100000262260437,0.14000000059604645,0.14100000262260437,239192,0.0,0.0
2026-08-05 13:00:00+00:00,0.14100000262260437,0.14100000262260437,0.14000000059604645,0.14100000262260437,570668,0.0,0.0
2026-08-05 14:00:00+00:00,0.14100000262260437,0.14100000262260437,0.14100000262260437,0.14100000262260437,496312,0.0,0.0
2026-08-05 15:00:00+00:00,0.14100000262260437,0.14100000262260437,0.14000000059604645,0.14000000059604645,0,0.0,0.0
2026-08-05 16:00:00+00:00,0.14000000059604645,0.14100000262260437,0.14000000059604645,0.14100000262260437,201032,0.0,0.0
2026-08-05 17:00:00+00:00,0.14100000262260437,0.14100000262260437,0.14000000059604645,0.14100000262260437,0,0.0,0.0
2026-08-05 18:00:00+00:00,0.14100000262260437,0.14100000262260437,0.14000000059604645,0.14000000059604645,0,0.0,0.0
2026-08-05 19:00:00+00:00,0.14000000059604645,0.14100000262260437,0.14000000059604645,0.14000000059604645,235444,0.0,0.0
2026-08-05 20:00:00+00:00,0.14000000059604645,0.14000000059604645,0.14000000059604645,0.14000000059604645,0,0.0,0.0
2026-08-05 21:00:00+00:00,0.14000000059604645,0.14000000059604645,0.14000000059604645,0.14000000059604645,0,0.0,0.0
2026-08-05 22:00:00+00:00,0.14000000059604645,0.14000000059604645,0.14000000059604645,0.14000000059604645,138232,0.0,0.0
2026-08-05 23:00:00+00:00,0.14000000059604645,0.14100000262260437,0.14000000059604645,0.14100000262260437,352664,0.0,0.0
2026-08-06 00:00:00+00:00,0.14100000262260437,0.1420000046491623,0.14100000262260437,0.1420000046491623,565752,0.0,0.0
2026-08-06 01:00:00+00:00,0.1420000046491623,0.1420000046491623,0.14100000262260437,0.14100000262260437,0,0.0,0.0
2026-08-06 02:00:00+00:00,0.14100000262260437,0.14100000262260437,0.14000000059604645,0.14000000059604645,0,0.0,0.0
2026-08-06 03:00:00+00:00,0.14000000059604645,0.14000000059604645,0.14000000059604645,0.14000000059604645,202000,0.0,0.0
2026-08-06 04:00:00+00:00,0.14000000059604645,0.14100000262260437,0.14000000059604645,0.14100000262260437,0,0.0,0.0
2026-08-06 05:00:00+00:00,0.14100000262260437,0.1420000046491623,0.14100000262260437,0.14100000262260437,0,0.0,0.0
2026-08-06 06:00:00+00:00,0.14100000262260437,0.14100000262260437,0.14000000059604645,0.14100000262260437,0,0.0,0.0
2026-08-06 07:00:00+00:00,0.14100000262260437,0.14100000262260437,0.14000000059604645,0.14100000262260437,0,0.0,0.0
2026-08-06 08:00:00+00:00,0.14100000262260437,0.14100000262260437,0.14000000059604645,0.14000000059604645,27820,0.0,0.0
2026-08-06 09:00:00+00:00,0.14000000059604645,0.14000000059604645,0.13899999856948853,0.13899999856948853,0,0.0,0.0
2026-08-06 10:00:00+00:00,0.13899999856948853,0.13899999856948853,0.1379999965429306,0.1379999965429306,0,0.0,0.0
2026-08-06 11:00:00+00:00,0.1379999965429306,0.13899999856948853,0.1379999965429306,0.13899999856948853,1342048,0.0,0.0
2026-08-06 12:00:00+00:00,0.13899999856948853,0.14000000059604645,0.13899999856948853,0.13899999856948853,439588,0.0,0.0
2026-08-06 13:00:00+00:00,0.13899999856948853,0.14000000059604645,0.1379999965429306,0.14000000059604645,0,0.0,0.0
2026-08-06 14:00:00+00:00,0.14000000059604645,0.14100000262260437,0.14000000059604645,0.14000000059604645,0,0.0,0.0
2026-08-06 15:00:00+00:00,0.14000000059604645,0.14100000262260437,0.14000000059604645,0.14000000059604645,56188,0.0,0.0
2026-08-06 16:00:00+00:00,0.14000000059604645,0.14100000262260437,0.14000000059604645,0.14100000262260437,0,0.0,0.0
2026-08-06 17:00:00+00:00,0.14100000262260437,0.1420000046491623,0.14100000262260437,0.14100000262260437,0,0.0,0.0
2026-08-06 18:00:00+00:00,0.14100000262260437,0.14100000262260437,0.13899999856948853,0.13899999856948853,140040,0.0,0.0
2026-08-06 19:00:00+00:00,0.13899999856948853,0.14000000059604645,0.13899999856948853,0.13899999856948853,0,0.0,0.0
2026-08-06 20:00:00+00:00,0.13899999856948853,0.14000000059604645,0.13899999856948853,0.13899999856948853,0,0.0,0.0
2026-08-06 21:00:00+00:00,0.13899999856948853,0.14000000059604645,0.13899999856948853,0.14000000059604645,0,0.0,0.0
2026-08-06 22:00:00+00:00,0.14000000059604645,0.14100000262260437,0.14000000059604645,0.14000000059604645,0,0.0,0.0
2026-08-06 23:00:00+00:00,0.13899999856948853,0.14000000059604645,0.13899999856948853,0.13899999856948853,0,0.0,0.0
2026-08-07 00:00:00+00:00,0.13899999856948853,0.14000000059604645,0.13899999856948853,0.14000000059604645,0,0.0,0.0
2026-08-07 01:00:00+00:00,0.14000000059604645,0.14100000262260437,0.14000000059604645,0.14000000059604645,283386,0.0,0.0
2026-08-07 02:00:00+00:00,0.14000000059604645,0.14000000059604645,0.14000000059604645,0.14000000059604645,0,0.0,0.0
2026-08-07 03:00:00+00:00,0.14000000059604645,0.14100000262260437,0.14000000059604645,0.14000000059604645,0,0.0,0.0
2026-08-07 04:00:00+00:00,0.14000000059604645,0.14000000059604645,0.13899999856948853,0.14000000059604645,450242,0.0,0.0
2026-08-07 05:00:00+00:00,0.14000000059604645,0.14000000059604645,0.1379999965429306,0.13899999856948853,184804,0.0,0.0
2026-08-07 06:00:00+00:00,0.13899999856948853,0.13899999856948853,0.13899999856948853,0.13899999856948853,699400,0.0,0.0
2026-08-07 07:00:00+00:00,0.13899999856948853,0.13899999856948853,0.1379999965429306,0.1379999965429306,102048,0.0,0.0
2026-08-07 08:00:00+00:00,0.1379999965429306,0.13899999856948853,0.1379999965429306,0.13899999856948853,0,0.0,0.0
2026-08-07 09:00:00+00:00,0.13899999856948853,0.13899999856948853,0.1379999965429306,0.13899999856948853,0,0.0,0.0
2026-08-07 10:00:00+00:00,0.13899999856948853,0.13899999856948853,0.1379999965429306,0.13899999856948853,207150,0.0,0.0
2026-08-07 11:00:00+00:00,0.13899999856948853,0.13899999856948853,0.13899999856948853,0.13899999856948853,230370,0.0,0.0
2026-08-07 12:00:00+00:00,0.13899999856948853,0.14000000059604645,0.1379999965429306,0.1379999965429306,281856,0.0,0.0
2026-08-07 13:00:00+00:00,0.13899999856948853,0.13899999856948853,0.1379999965429306,0.13899999856948853,0,0.0,0.0
2026-08-07 14:00:00+00:00,0.13899999856948853,0.13899999856948853,0.13699999451637268,0.13699999451637268,752156,0.0,0.0
2026-08-07 15:00:00+00:00,0.13699999451637268,0.1379999965429306,0.13699999451637268,0.1379999965429306,59090,0.0,0.0
2026-08-07 16:00:00+00:00,0.1379999965429306,0.1379999965429306,0.1379999965429306,0.1379999965429306,434526,0.0,0.0
2026-08-07 17:00:00+00:00,0.1379999965429306,0.1379999965429306,0.13699999451637268,0.13699999451637268,0,0.0,0.0
2026-08-07 18:00:00+00:00,0.13699999451637268,0.1379999965429306,0.13600000739097595,0.13600000739097595,461272,0.0,0.0
2026-08-07 19:00:00+00:00,0.13600000739097595,0.1379999965429306,0.13600000739097595,0.1379999965429306,0,0.0,0.0
2026-08-07 20:00:00+00:00,0.1379999965429306,0.1379999965429306,0.13699999451637268,0.13699999451637268,815896,0.0,0.0
2026-08-07 21:00:00+00:00,0.13699999451637268,0.1379999965429306,0.13699999451637268,0.13699999451637268,525432,0.0,0.0
2026-08-07 22:00:00+00:00,0.13699999451637268,0.1379999965429306,0.13699999451637268,0.13699999451637268,1619504,0.0,0.0
2026-08-07 23:00:00+00:00,0.13699999451637268,0.1379999965429306,0.13699999451637268,0.13699999451637268,1954168,0.0,0.0
2026-08-08 00:00:00+00:00,0.13699999451637268,0.13699999451637268,0.13699999451637268,0.13699999451637268,2304480,0.0,0.0
2026-08-08 01:00:00+00:00,0.13699999451637268,0.13899999856948853,0.13699999451637268,0.13899999856948853,1078444,0.0,0.0
2026-08-08 02:00:00+00:00,0.13899999856948853,0.13899999856948853,0.1379999965429306,0.1379999965429306,478620,0.0,0.0
2026-08-08 03:00:00+00:00,0.1379999965429306,0.14000000059604645,0.1379999965429306,0.14000000059604645,440936,0.0,0.0
2026-08-08 04:00:00+00:00,0.14000000059604645,0.14100000262260437,0.13899999856948853,0.14100000262260437,122780,0.0,0.0
2026-08-08 05:00:00+00:00,0.14100000262260437,0.14300000667572021,0.14100000262260437,0.1420000046491623,1624780,0.0,0.0
2026-08-08 06:00:00+00:00,0.1420000046491623,0.1420000046491623,0.1420000046491623,0.1420000046491623,682440,0.0,0.0
2026-08-08 07:00:00+00:00,0.1420000046491623,0.14300000667572021,0.1420000046491623,0.1420000046491623,550672,0.0,0.0
2026-08-08 08:00:00+00:00,0.1420000046491623,0.14399999380111694,0.1420000046491623,0.14300000667572021,848760,0.0,0.0
2026-08-08 09:00:00+00:00,0.14300000667572021,0.14300000667572021,0.1420000046491623,0.1420000046491623,295340,0.0,0.0
2026-08-08 10:00:00+00:00,0.1420000046491623,0.14300000667572021,0.14100000262260437,0.1420000046491623,0,0.0,0.0
2026-08-08 11:00:00+00:00,0.1420000046491623,0.14300000667572021,0.14100000262260437,0.1420000046491623,0,0.0,0.0
2026-08-08 12:00:00+00:00,0.1420000046491623,0.14300000667572021,0.14100000262260437,0.1420000046491623,0,0.0,0.0
2026-08-08 13:00:00+00:00,0.1420000046491623,0.14300000667572021,0.14100000262260437,0.1420000046491623,0,0.0,0.0
2026-08-08 14:00:00+00:00,0.1420000046491623,0.14300000667572021,0.1420000046491623,0.14300000667572021,0,0.0,0.0
2026-08-08 15:00:00+00:00,0.14300000667572021,0.14399999380111694,0.14300000667572021,0.14300000667572021,787476,0.0,0.0
2026-08-08 16:00:00+00:00,0.14300000667572021,0.14399999380111694,0.14300000667572021,0.14399999380111694,9792,0.0,0.0
2026-08-08 17:00:00+00:00,0.14399999380111694,0.14399999380111694,0.1420000046491623,0.1420000046491623,0,0.0,0.0
2026-08-08 18:00:00+00:00,0.1420000046491623,0.14300000667572021,0.1420000046491623,0.1420000046491623,0,0.0,0.0
2026-08-08 19:00:00+00:00,0.1420000046491623,0.1420000046491623,0.1420000046491623,0.1420000046491623,349880,0.0,0.0
2026-08-08 20:00:00+00:00,0.1420000046491623,0.14300000667572021,0.1420000046491623,0.14300000667572021,0,0.0,0.0
2026-08-08 21:00:00+00:00,0.14300000667572021,0.14300000667572021,0.14300000667572021,0.14300000667572021,0,0.0,0.0
2026-08-08 22:00:00+00:00,0.14300000667572021,0.14300000667572021,0.1420000046491623,0.1420000046491623,0,0.0,0.0
2026-08-08 23:00:00+00:00,0.1420000046491623,0.1420000046491623,0.14100000262260437,0.1420000046491623,0,0.0,0.0
2026-08-09 00:00:00+00:00,0.1420000046491623,0.14300000667572021,0.14100000262260437,0.1420000046491623,0,0.0,0.0
2026-08-09 01:00:00+00:00,0.1420000046491623,0.1420000046491623,0.1420000046491623,0.1420000046491623,0,0.0,0.0
2026-08-09 02:00:00+00:00,0.1420000046491623,0.14300000667572021,0.1420000046491623,0.14300000667572021,0,0.0,0.0
2026-08-09 03:00:00+00:00,0.14300000667572021,0.14399999380111694,0.14300000667572021,0.14399999380111694,0,0.0,0.0
2026-08-09 04:00:00+00:00,0.14399999380111694,0.14399999380111694,0.1420000046491623,0.1420000046491623,0,0.0,0.0
2026-08-09 05:00:00+00:00,0.1420000046491623,0.1420000046491623,0.1420000046491623,0.1420000046491623,0,0.0,0.0
2026-08-09 06:00:00+00:00,0.1420000046491623,0.14300000667572021,0.1420000046491623,0.14300000667572021,0,0.0,0.0
2026-08-09 07:00:00+00:00,0.14300000667572021,0.14300000667572021,0.14300000667572021,0.14300000667572021,0,0.0,0.0
2026-08-09 08:00:00+00:00,0.14300000667572021,0.14300000667572021,0.1420000046491623,0.1420000046491623,0,0.0,0.0
2026-08-09 09:00:00+00:00,0.1420000046491623,0.14300000667572021,0.1420000046491623,0.1420000046491623,0,0.0,0.0
2026-08-09 10:00:00+00:00,0.1420000046491623,0.1420000046491623,0.1420000046491623,0.1420000046491623,0,0.0,0.0
2026-08-09 11:00:00+00:00,0.1420000046491623,0.1420000046491623,0.14100000262260437,0.14100000262260437,0,0.0,0.0
2026-08-09 12:00:00+00:00,0.14100000262260437,0.1420000046491623,0.14100000262260437,0.1420000046491623,75982,0.0,0.0
2026-08-09 13:00:00+00:00,0.1420000046491623,0.14300000667572021,0.1420000046491623,0.1420000046491623,62862,0.0,0.0
2026-08-09 14:00:00+00:00,0.1420000046491623,0.14300000667572021,0.1420000046491623,0.14300000667572021,28194,0.0,0.0
2026-08-09 15:00:00+00:00,0.14300000667572021,0.14399999380111694,0.1420000046491623,0.14300000667572021,0,0.0,0.0
2026-08-09 16:00:00+00:00,0.14399999380111694,0.1459999978542328,0.14399999380111694,0.1459999978542328,713996,0.0,0.0
2026-08-09 17:00:00+00:00,0.1459999978542328,0.1459999978542328,0.14499999582767487,0.14499999582767487,118804,0.0,0.0
2026-08-09 18:00:00+00:00,0.14499999582767487,0.14499999582767487,0.14399999380111694,0.14499999582767487,0,0.0,0.0
2026-08-09 19:00:00+00:00,0.14499999582767487,0.1469999998807907,0.14499999582767487,0.1459999978542328,0,0.0,0.0
2026-08-09 20:00:00+00:00,0.1469999998807907,0.1469999998807907,0.14499999582767487,0.1459999978542328,718072,0.0,0.0
2026-08-09 21:00:00+00:00,0.1459999978542328,0.1459999978542328,0.1459999978542328,0.1459999978542328,73746,0.0,0.0
2026-08-09 22:00:00+00:00,0.1459999978542328,0.1469999998807907,0.14399999380111694,0.14399999380111694,1272754,0.0,0.0
2026-08-09 23:00:00+00:00,0.14399999380111694,0.14399999380111694,0.14100000262260437,0.1420000046491623,1197148,0.0,0.0
2026-08-10 00:00:00+00:00,0.1420000046491623,0.14399999380111694,0.1420000046491623,0.14300000667572021,474078,0.0,0.0
2026-08-10 01:00:00+00:00,0.14300000667572021,0.14499999582767487,0.14300000667572021,0.14399999380111694,0,0.0,0.0
2026-08-10 02:00:00+00:00,0.14399999380111694,0.14399999380111694,0.14300000667572021,0.14300000667572021,46820,0.0,0.0
2026-08-10 03:00:00+00:00,0.14300000667572021,0.14300000667572021,0.14300000667572021,0.14300000667572021,0,0.0,0.0
2026-08-10 04:00:00+00:00,0.14300000667572021,0.14300000667572021,0.1420000046491623,0.1420000046491623,403382,0.0,0.0
2026-08-10 05:00:00+00:00,0.1420000046491623,0.14399999380111694,0.1420000046491623,0.14399999380111694,918186,0.0,0.0
2026-08-10 06:00:00+00:00,0.14399999380111694,0.14399999380111694,0.14300000667572021,0.14399999380111694,813132,0.0,0.0
2026-08-10 07:00:00+00:00,0.14399999380111694,0.14399999380111694,0.14399999380111694,0.14399999380111694,110984,0.0,0.0
2026-08-10 08:00:00+00:00,0.14399999380111694,0.14399999380111694,0.14300000667572021,0.14399999380111694,463422,0.0,0.0
2026-08-10 09:00:00+00:00,0.14399999380111694,0.14399999380111694,0.14300000667572021,0.14300000667572021,741212,0.0,0.0
2026-08-10 10:00:00+00:00,0.14300000667572021,0.14399999380111694,0.14300000667572021,0.14399999380111694,0,0.0,0.0
2026-08-10 11:00:00+00:00,0.14399999380111694,0.14399999380111694,0.14300000667572021,0.14399999380111694,546372,0.0,0.0
2026-08-10 12:00:00+00:00,0.14399999380111694,0.14499999582767487,0.14300000667572021,0.14499999582767487,387188,0.0,0.0
2026-08-10 13:00:00+00:00,0.14499999582767487,0.14499999582767487,0.14399999380111694,0.14399999380111694,778200,0.0,0.0
2026-08-10 14:00:00+00:00,0.14399999380111694,0.14399999380111694,0.14300000667572021,0.14300000667572021,147592,0.0,0.0
2026-08-10 15:00:00+00:00,0.14300000667572021,0.14300000667572021,0.1420000046491623,0.1420000046491623,807428,0.0,0.0
2026-08-10 16:00:00+00:00,0.1420000046491623,0.14300000667572021,0.1420000046491623,0.14300000667572021,0,0.0,0.0
2026-08-10 17:00:00+00:00,0.14300000667572021,0.14399999380111694,0.14300000667572021,0.14399999380111694,228336,0.0,0.0
2026-08-10 18:00:00+00:00,0.14399999380111694,0.14399999380111694,0.14300000667572021,0.14399999380111694,385268,0.0,0.0
2026-08-10 19:00:00+00:00,0.14399999380111694,0.14499999582767487,0.14300000667572021,0.14399999380111694,0,0.0,0.0
2026-08-10 20:00:00+00:00,0.14399999380111694,0.14399999380111694,0.1420000046491623,0.14300000667572021,0,0.0,0.0
2026-08-10 21:00:00+00:00,0.14300000667572021,0.14300000667572021,0.1420000046491623,0.1420000046491623,0,0.0,0.0
2026-08-10 22:00:00+00:00,0.1420000046491623,0.1420000046491623,0.14100000262260437,0.14100000262260437,0,0.0,0.0
2026-08-10 23:00:00+00:00,0.14100000262260437,0.14100000262260437,0.14000000059604645,0.14100000262260437,39384,0.0,0.0
2026-08-11 00:00:00+00:00,0.14100000262260437,0.1420000046491623,0.14100000262260437,0.1420000046491623,40108,0.0,0.0
2026-08-11 01:00:00+00:00,0.1420000046491623,0.1420000046491623,0.1420000046491623,0.1420000046491623,0,0.0,0.0
2026-08-11 02:00:00+00:00,0.1420000046491623,0.14300000667572021,0.1420000046491623,0.1420000046491623,152608,0.0,0.0
2026-08-11 03:00:00+00:00,0.1420000046491623,0.1420000046491623,0.1420000046491623,0.1420000046491623,0,0.0,0.0
2026-08-11 04:00:00+00:00,0.1420000046491623,0.1420000046491623,0.1420000046491623,0.1420000046491623,0,0.0,0.0
2026-08-11 05:00:00+00:00,0.1420000046491623,0.1420000046491623,0.14100000262260437,0.14100000262260437,0,0.0,0.0
2026-08-11 06:00:00+00:00,0.14100000262260437,0.1420000046491623,0.14100000262260437,0.14100000262260437,0,0.0,0.0
2026-08-11 07:00:00+00:00,0.14100000262260437,0.14100000262260437,0.14100000262260437,0.14100000262260437,93558,0.0,0.0
2026-08-11 08:00:00+00:00,0.14100000262260437,0.14100000262260437,0.14100000262260437,0.14100000262260437,64312,0.0,0.0
2026-08-11 09:00:00+00:00,0.14100000262260437,0.14300000667572021,0.14100000262260437,0.1420000046491623,0,0.0,0.0
2026-08-11 10:00:00+00:00,0.1420000046491623,0.1420000046491623,0.14100000262260437,0.1420000046491623,675076,0.0,0.0
2026-08-11 11:00:00+00:00,0.1420000046491623,0.14300000667572021,0.14100000262260437,0.1420000046491623,0,0.0,0.0
2026-08-11 12:00:00+00:00,0.1420000046491623,0.1420000046491623,0.14000000059604645,0.14000000059604645,246860,0.0,0.0
2026-08-11 13:00:00+00:00,0.14000000059604645,0.14000000059604645,0.13899999856948853,0.14000000059604645,100168,0.0,0.0
2026-08-11 14:00:00+00:00,0.14000000059604645,0.14000000059604645,0.13899999856948853,0.13899999856948853,939376,0.0,0.0
2026-08-11 15:00:00+00:00,0.13899999856948853,0.13899999856948853,0.1379999965429306,0.13899999856948853,542576,0.0,0.0
2026-08-11 16:00:00+00:00,0.13899999856948853,0.13899999856948853,0.1379999965429306,0.1379999965429306,971316,0.0,0.0
2026-08-11 17:00:00+00:00,0.1379999965429306,0.14000000059604645,0.1379999965429306,0.14000000059604645,0,0.0,0.0
2026-08-11 18:00:00+00:00,0.14000000059604645,0.14000000059604645,0.13899999856948853,0.13899999856948853,180600,0.0,0.0
2026-08-11 19:00:00+00:00,0.13899999856948853,0.13899999856948853,0.13899999856948853,0.13899999856948853,0,0.0,0.0
2026-08-11 20:00:00+00:00,0.13899999856948853,0.14100000262260437,0.13899999856948853,0.14100000262260437,243112,0.0,0.0
2026-08-11 21:00:00+00:00,0.14100000262260437,0.14100000262260437,0.14000000059604645,0.14000000059604645,0,0.0,0.0
2026-08-11 22:00:00+00:00,0.14000000059604645,0.14100000262260437,0.14000000059604645,0.14000000059604645,0,0.0,0.0
2026-08-11 23:00:00+00:00,0.14000000059604645,0.14100000262260437,0.14000000059604645,0.14100000262260437,0,0.0,0.0
2026-08-12 00:00:00+00:00,0.14100000262260437,0.14100000262260437,0.14000000059604645,0.14000000059604645,0,0.0,0.0
2026-08-12 01:00:00+00:00,0.14000000059604645,0.14100000262260437,0.14000000059604645,0.14100000262260437,285608,0.0,0.0
2026-08-12 02:00:00+00:00,0.14100000262260437,0.14100000262260437,0.14100000262260437,0.14100000262260437,0,0.0,0.0
2026-08-12 03:00:00+00:00,0.14100000262260437,0.14100000262260437,0.14000000059604645,0.14000000059604645,355312,0.0,0.0
2026-08-12 04:00:00+00:00,0.14000000059604645,0.14100000262260437,0.13899999856948853,0.14000000059604645,0,0.0,0.0
2026-08-12 05:00:00+00:00,0.14000000059604645,0.14100000262260437,0.14000000059604645,0.14000000059604645,0,0.0,0.0
2026-08-12 06:00:00+00:00,0.14000000059604645,0.14000000059604645,0.1379999965429306,0.1379999965429306,0,0.0,0.0
2026-08-12 07:00:00+00:00,0.1379999965429306,0.13899999856948853,0.1379999965429306,0.13899999856948853,0,0.0,0.0
2026-08-12 08:00:00+00:00,0.13899999856948853,0.13899999856948853,0.13899999856948853,0.13899999856948853,0,0.0,0.0
2026-08-12 09:00:00+00:00,0.13899999856948853,0.13899999856948853,0.13899999856948853,0.13899999856948853,0,0.0,0.0
2026-08-12 10:00:00+00:00,0.13899999856948853,0.14000000059604645,0.13899999856948853,0.13899999856948853,0,0.0,0.0
2026-08-12 11:00:00+00:00,0.13899999856948853,0.14000000059604645,0.13899999856948853,0.14000000059604645,1214652,0.0,0.0
2026-08-12 12:00:00+00:00,0.14000000059604645,0.14000000059604645,0.14000000059604645,0.14000000059604645,565812,0.0,0.0
2026-08-12 13:00:00+00:00,0.14000000059604645,0.14100000262260437,0.14000000059604645,0.14000000059604645,0,0.0,0.0
2026-08-12 14:00:00+00:00,0.14000000059604645,0.14000000059604645,0.1379999965429306,0.1379999965429306,0,0.0,0.0
2026-08-12 15:00:00+00:00,0.1379999965429306,0.14000000059604645,0.1379999965429306,0.13899999856948853,0,0.0,0.0
2026-08-12 16:00:00+00:00,0.13899999856948853,0.14100000262260437,0.13899999856948853,0.14000000059604645,0,0.0,0.0
2026-08-12 17:00:00+00:00,0.14000000059604645,0.14000000059604645,0.14000000059604645,0.14000000059604645,0,0.0,0.0
2026-08-12 18:00:00+00:00,0.14000000059604645,0.14100000262260437,0.14000000059604645,0.14000000059604645,0,0.0,0.0
2026-08-12 19:00:00+00:00,0.14000000059604645,0.14000000059604645,0.13899999856948853,0.13899999856948853,0,0.0,0.0
2026-08-12 20:00:00+00:00,0.13899999856948853,0.14100000262260437,0.13899999856948853,0.14000000059604645,255718,0.0,0.0
2026-08-12 21:00:00+00:00,0.14000000059604645,0.14000000059604645,0.13500000536441803,0.13500000536441803,3289062,0.0,0.0
2026-08-12 22:00:00+00:00,0.13500000536441803,0.13600000739097595,0.13300000131130219,0.13500000536441803,2185596,0.0,0.0
2026-08-12 23:00:00+00:00,0.13500000536441803,0.13600000739097595,0.13500000536441803,0.13600000739097595,413292,0.0,0.0
2026-08-13 00:00:00+00:00,0.13600000739097595,0.13600000739097595,0.13600000739097595,0.13600000739097595,196580,0.0,0.0
2026-08-13 01:00:00+00:00,0.13600000739097595,0.13600000739097595,0.13500000536441803,0.13500000536441803,241740,0.0,0.0
2026-08-13 02:00:00+00:00,0.13500000536441803,0.13600000739097595,0.13500000536441803,0.13600000739097595,856332,0.0,0.0
2026-08-13 03:00:00+00:00,0.13600000739097595,0.1379999965429306,0.13600000739097595,0.1379999965429306,234580,0.0,0.0
2026-08-13 04:00:00+00:00,0.1379999965429306,0.13899999856948853,0.1379999965429306,0.13899999856948853,138064,0.0,0.0
2026-08-13 05:00:00+00:00,0.1379999965429306,0.13899999856948853,0.1379999965429306,0.13899999856948853,664716,0.0,0.0
2026-08-13 06:00:00+00:00,0.13899999856948853,0.13899999856948853,0.13899999856948853,0.13899999856948853,0,0.0,0.0
2026-08-13 07:00:00+00:00,0.13899999856948853,0.13899999856948853,0.13899999856948853,0.13899999856948853,442164,0.0,0.0
2026-08-13 08:00:00+00:00,0.13899999856948853,0.13899999856948853,0.1379999965429306,0.1379999965429306,1251192,0.0,0.0
2026-08-13 09:00:00+00:00,0.1379999965429306,0.13899999856948853,0.1379999965429306,0.13899999856948853,453132,0.0,0.0
2026-08-13 10:00:00+00:00,0.13899999856948853,0.13899999856948853,0.13899999856948853,0.13899999856948853,0,0.0,0.0
2026-08-13 11:00:00+00:00,0.13899999856948853,0.13899999856948853,0.13899999856948853,0.13899999856948853,0,0.0,0.0
2026-08-13 12:00:00+00:00,0.13899999856948853,0.13899999856948853,0.1379999965429306,0.13899999856948853,0,0.0,0.0
2026-08-13 13:00:00+00:00,0.13899999856948853,0.13899999856948853,0.1379999965429306,0.1379999965429306,0,0.0,0.0
2026-08-13 14:00:00+00:00,0.1379999965429306,0.14100000262260437,0.1379999965429306,0.14000000059604645,0,0.0,0.0
2026-08-13 15:00:00+00:00,0.14000000059604645,0.14000000059604645,0.1379999965429306,0.1379999965429306,414012,0.0,0.0
2026-08-13 16:00:00+00:00,0.1379999965429306,0.1379999965429306,0.13600000739097595,0.13699999451637268,212900,0.0,0.0
2026-08-13 17:00:00+00:00,0.13699999451637268,0.1379999965429306,0.13699999451637268,0.13699999451637268,144340,0.0,0.0
2026-08-13 18:00:00+00:00,0.13699999451637268,0.13699999451637268,0.13600000739097595,0.13600000739097595,0,0.0,0.0
2026-08-13 19:00:00+00:00,0.13600000739097595,0.13699999451637268,0.13600000739097595,0.13699999451637268,0,0.0,0.0
2026-08-13 20:00:00+00:00,0.13699999451637268,0.13699999451637268,0.13600000739097595,0.13699999451637268,0,0.0,0.0
2026-08-13 21:00:00+00:00,0.13699999451637268,0.13699999451637268,0.13600000739097595,0.13699999451637268,0,0.0,0.0
2026-08-13 22:00:00+00:00,0.13699999451637268,0.1379999965429306,0.13699999451637268,0.1379999965429306,0,0.0,0.0
2026-08-13 23:00:00+00:00,0.1379999965429306,0.1379999965429306,0.13699999451637268,0.13699999451637268,0,0.0,0.0
2026-08-14 00:00:00+00:00,0.13699999451637268,0.13699999451637268,0.13600000739097595,0.13699999451637268,0,0.0,0.0
2026-08-14 01:00:00+00:00,0.13699999451637268,0.1379999965429306,0.13699999451637268,0.1379999965429306,0,0.0,0.0
2026-08-14 02:00:00+00:00,0.1379999965429306,0.1379999965429306,0.13699999451637268,0.13699999451637268,0,0.0,0.0
2026-08-14 03:00:00+00:00,0.13699999451637268,0.1379999965429306,0.13699999451637268,0.13699999451637268,0,0.0,0.0
2026-08-14 04:00:00+00:00,0.13699999451637268,0.13699999451637268,0.13600000739097595,0.13699999451637268,387500,0.0,0.0
2026-08-14 05:00:00+00:00,0.13699999451637268,0.13699999451637268,0.13699999451637268,0.13699999451637268,0,0.0,0.0
2026-08-14 06:00:00+00:00,0.13699999451637268,0.13699999451637268,0.13600000739097595,0.13600000739097595,547134,0.0,0.0
2026-08-14 07:00:00+00:00,0.13600000739097595,0.13600000739097595,0.13600000739097595,0.13600000739097595,0,0.0,0.0
2026-08-14 08:00:00+00:00,0.13600000739097595,0.13699999451637268,0.13600000739097595,0.13600000739097595,0,0.0,0.0
2026-08-14 09:00:00+00:00,0.13600000739097595,0.13600000739097595,0.13500000536441803,0.13500000536441803,0,0.0,0.0
2026-08-14 10:00:00+00:00,0.13500000536441803,0.13600000739097595,0.13500000536441803,0.13500000536441803,0,0.0,0.0
2026-08-14 11:00:00+00:00,0.13500000536441803,0.13500000536441803,0.13500000536441803,0.13500000536441803,0,0.0,0.0
2026-08-14 12:00:00+00:00,0.13500000536441803,0.13600000739097595,0.1340000033378601,0.13500000536441803,513368,0.0,0.0
2026-08-14 13:00:00+00:00,0.13500000536441803,0.13600000739097595,0.13500000536441803,0.13500000536441803,861394,0.0,0.0
2026-08-14 14:00:00+00:00,0.13500000536441803,0.13600000739097595,0.13500000536441803,0.13600000739097595,50846,0.0,0.0
2026-08-14 15:00:00+00:00,0.13600000739097595,0.13699999451637268,0.13600000739097595,0.13699999451637268,0,0.0,0.0
2026-08-14 16:00:00+00:00,0.13699999451637268,0.1379999965429306,0.13600000739097595,0.13699999451637268,0,0.0,0.0
2026-08-14 17:00:00+00:00,0.13699999451637268,0.13699999451637268,0.13699999451637268,0.13699999451637268,567184,0.0,0.0
2026-08-14 18:00:00+00:00,0.13699999451637268,0.13699999451637268,0.13600000739097595,0.13699999451637268,105612,0.0,0.0
2026-08-14 19:00:00+00:00,0.13600000739097595,0.13699999451637268,0.13600000739097595,0.13699999451637268,747922,0.0,0.0
2026-08-14 20:00:00+00:00,0.13699999451637268,0.13699999451637268,0.13699999451637268,0.13699999451637268,0,0.0,0.0
2026-08-14 21:00:00+00:00,0.13699999451637268,0.13699999451637268,0.13600000739097595,0.13600000739097595,1005710,0.0,0.0
2026-08-14 22:00:00+00:00,0.13600000739097595,0.13600000739097595,0.13600000739097595,0.13600000739097595,6376,0.0,0.0
2026-08-14 23:00:00+00:00,0.13600000739097595,0.1379999965429306,0.13600000739097595,0.1379999965429306,1098922,0.0,0.0
2026-08-15 00:00:00+00:00,0.1379999965429306,0.13899999856948853,0.1379999965429306,0.13899999856948853,571072,0.0,0.0
2026-08-15 01:00:00+00:00,0.13899999856948853,0.13899999856948853,0.1379999965429306,0.1379999965429306,0,0.0,0.0
2026-08-15 02:00:00+00:00,0.1379999965429306,0.1379999965429306,0.1379999965429306,0.1379999965429306,144410,0.0,0.0
2026-08-15 03:00:00+00:00,0.1379999965429306,0.14000000059604645,0.1379999965429306,0.13899999856948853,4754,0.0,0.0
2026-08-15 04:00:00+00:00,0.13899999856948853,0.13899999856948853,0.1379999965429306,0.13899999856948853,0,0.0,0.0
2026-08-15 05:00:00+00:00,0.13899999856948853,0.13899999856948853,0.13899999856948853,0.13899999856948853,0,0.0,0.0
2026-08-15 06:00:00+00:00,0.13899999856948853,0.13899999856948853,0.13899999856948853,0.13899999856948853,0,0.0,0.0
2026-08-15 07:00:00+00:00,0.13899999856948853,0.13899999856948853,0.1379999965429306,0.1379999965429306,0,0.0,0.0
2026-08-15 08:00:00+00:00,0.1379999965429306,0.13899999856948853,0.1379999965429306,0.13899999856948853,518450,0.0,0.0
2026-08-15 09:00:00+00:00,0.13899999856948853,0.13899999856948853,0.13899999856948853,0.13899999856948853,554544,0.0,0.0
2026-08-15 10:00:00+00:00,0.13899999856948853,0.13899999856948853,0.13699999451637268,0.13699999451637268,201676,0.0,0.0
2026-08-15 11:00:00+00:00,0.13699999451637268,0.1379999965429306,0.13699999451637268,0.1379999965429306,45564,0.0,0.0
2026-08-15 12:00:00+00:00,0.1379999965429306,0.1379999965429306,0.13600000739097595,0.13699999451637268,0,0.0,0.0
2026-08-15 13:00:00+00:00,0.13699999451637268,0.1379999965429306,0.13699999451637268,0.13699999451637268,0,0.0,0.0
2026-08-15 14:00:00+00:00,0.13699999451637268,0.13699999451637268,0.13699999451637268,0.13699999451637268,385798,0.0,0.0
2026-08-15 15:00:00+00:00,0.13699999451637268,0.13699999451637268,0.13699999451637268,0.13699999451637268,140398,0.0,0.0
2026-08-15 16:00:00+00:00,0.13699999451637268,0.13699999451637268,0.13699999451637268,0.13699999451637268,0,0.0,0.0
2026-08-15 17:00:00+00:00,0.13699999451637268,0.1379999965429306,0.13699999451637268,0.1379999965429306,0,0.0,0.0
2026-08-15 18:00:00+00:00,0.1379999965429306,0.1379999965429306,0.13600000739097595,0.13699999451637268,40076,0.0,0.0
2026-08-15 19:00:00+00:00,0.13699999451637268,0.13699999451637268,0.13699999451637268,0.13699999451637268,0,0.0,0.0
2026-08-15 20:00:00+00:00,0.13699999451637268,0.13699999451637268,0.13600000739097595,0.13699999451637268,245170,0.0,0.0
2026-08-15 21:00:00+00:00,0.13699999451637268,0.13699999451637268,0.13699999451637268,0.13699999451637268,0,0.0,0.0
2026-08-15 22:00:00+00:00,0.13699999451637268,0.13699999451637268,0.13699999451637268,0.13699999451637268,0,0.0,0.0
2026-08-15 23:00:00+00:00,0.13699999451637268,0.13699999451637268,0.13600000739097595,0.13600000739097595,0,0.0,0.0
2026-08-16 00:00:00+00:00,0.13600000739097595,0.13600000739097595,0.13500000536441803,0.13600000739097595,0,0.0,0.0
2026-08-16 01:00:00+00:00,0.13600000739097595,0.13699999451637268,0.13500000536441803,0.13500000536441803,0,0.0,0.0
2026-08-16 02:00:00+00:00,0.13500000536441803,0.13600000739097595,0.13500000536441803,0.13600000739097595,0,0.0,0.0
2026-08-16 03:00:00+00:00,0.13600000739097595,0.13600000739097595,0.13600000739097595,0.13600000739097595,485260,0.0,0.0
2026-08-16 04:00:00+00:00,0.13600000739097595,0.13699999451637268,0.13600000739097595,0.13699999451637268,426854,0.0,0.0
2026-08-16 05:00:00+00:00,0.13699999451637268,0.13699999451637268,0.13699999451637268,0.13699999451637268,936416,0.0,0.0
2026-08-16 06:00:00+00:00,0.13699999451637268,0.13699999451637268,0.13699999451637268,0.13699999451637268,265608,0.0,0.0
2026-08-16 07:00:00+00:00,0.13699999451637268,0.13699999451637268,0.13699999451637268,0.13699999451637268,0,0.0,0.0
2026-08-16 08:00:00+00:00,0.13699999451637268,0.13699999451637268,0.13699999451637268,0.13699999451637268,0,0.0,0.0
2026-08-16 09:00:00+00:00,0.13699999451637268,0.13699999451637268,0.13699999451637268,0.13699999451637268,0,0.0,0.0
2026-08-16 10:00:00+00:00,0.13699999451637268,0.13699999451637268,0.13699999451637268,0.13699999451637268,0,0.0,0.0
2026-08-16 11:00:00+00:00,0.13699999451637268,0.1379999965429306,0.13600000739097595,0.1379999965429306,104906,0.0,0.0
2026-08-16 12:00:00+00:00,0.1379999965429306,0.1379999965429306,0.13600000739097595,0.13699999451637268,0,0.0,0.0
2026-08-16 13:00:00+00:00,0.13699999451637268,0.1379999965429306,0.13699999451637268,0.1379999965429306,1535658,0.0,0.0
2026-08-16 14:00:00+00:00,0.1379999965429306,0.1379999965429306,0.13699999451637268,0.1379999965429306,0,0.0,0.0
2026-08-16 15:00:00+00:00,0.1379999965429306,0.1379999965429306,0.13699999451637268,0.1379999965429306,0,0.0,0.0
2026-08-16 16:00:00+00:00,0.1379999965429306,0.1379999965429306,0.13699999451637268,0.1379999965429306,155870,0.0,0.0
2026-08-16 17:00:00+00:00,0.1379999965429306,0.1379999965429306,0.1379999965429306,0.1379999965429306,0,0.0,0.0
2026-08-16 18:00:00+00:00,0.1379999965429306,0.1379999965429306,0.13699999451637268,0.1379999965429306,653340,0.0,0.0
2026-08-16 19:00:00+00:00,0.1379999965429306,0.13899999856948853,0.13699999451637268,0.13699999451637268,379778,0.0,0.0
2026-08-16 20:00:00+00:00,0.13699999451637268,0.13699999451637268,0.13699999451637268,0.13699999451637268,475912,0.0,0.0
2026-08-16 21:00:00+00:00,0.13699999451637268,0.13699999451637268,0.13500000536441803,0.13500000536441803,1654302,0.0,0.0
2026-08-16 22:00:00+00:00,0.13500000536441803,0.13600000739097595,0.13500000536441803,0.13600000739097595,1857012,0.0,0.0
2026-08-16 23:00:00+00:00,0.13600000739097595,0.13600000739097595,0.13500000536441803,0.13600000739097595,199024,0.0,0.0
2026-08-17 00:00:00+00:00,0.13600000739097595,0.13600000739097595,0.13500000536441803,0.13500000536441803,160044,0.0,0.0
2026-08-17 01:00:00+00:00,0.13500000536441803,0.13699999451637268,0.13500000536441803,0.13699999451637268,1161120,0.0,0.0
2026-08-17 02:00:00+00:00,0.13699999451637268,0.1379999965429306,0.13699999451637268,0.1379999965429306,883722,0.0,0.0
2026-08-17 03:00:00+00:00,0.1379999965429306,0.13899999856948853,0.13699999451637268,0.13699999451637268,0,0.0,0.0
2026-08-17 04:00:00+00:00,0.13699999451637268,0.13699999451637268,0.13699999451637268,0.13699999451637268,0,0.0,0.0
2026-08-17 05:00:00+00:00,0.13699999451637268,0.13699999451637268,0.13600000739097595,0.13699999451637268,0,0.0,0.0
2026-08-17 06:00:00+00:00,0.13699999451637268,0.13699999451637268,0.13699999451637268,0.13699999451637268,0,0.0,0.0
2026-08-17 07:00:00+00:00,0.13699999451637268,0.13699999451637268,0.13699999451637268,0.13699999451637268,557208,0.0,0.0
2026-08-17 08:00:00+00:00,0.13699999451637268,0.13699999451637268,0.13699999451637268,0.13699999451637268,0,0.0,0.0
2026-08-17 09:00:00+00:00,0.13699999451637268,0.13699999451637268,0.13600000739097595,0.13600000739097595,1155444,0.0,0.0
2026-08-17 10:00:00+00:00,0.13600000739097595,0.1379999965429306,0.13600000739097595,0.13699999451637268,1906736,0.0,0.0
2026-08-17 11:00:00+00:00,0.13699999451637268,0.13699999451637268,0.13699999451637268,0.13699999451637268,0,0.0,0.0
2026-08-17 12:00:00+00:00,0.13699999451637268,0.13699999451637268,0.13600000739097595,0.13699999451637268,359806,0.0,0.0
2026-08-17 13:00:00+00:00,0.13699999451637268,0.13699999451637268,0.13600000739097595,0.13699999451637268,0,0.0,0.0
2026-08-17 14:00:00+00:00,0.13699999451637268,0.13699999451637268,0.13600000739097595,0.13699999451637268,50278,0.0,0.0
2026-08-17 15:00:00+00:00,0.13699999451637268,0.13899999856948853,0.13699999451637268,0.13899999856948853,1815780,0.0,0.0
2026-08-17 16:00:00+00:00,0.13899999856948853,0.13899999856948853,0.13699999451637268,0.1379999965429306,0,0.0,0.0
2026-08-17 17:00:00+00:00,0.1379999965429306,0.13899999856948853,0.1379999965429306,0.1379999965429306,1246224,0.0,0.0
2026-08-17 18:00:00+00:00,0.1379999965429306,0.1379999965429306,0.1379999965429306,0.1379999965429306,0,0.0,0.0
2026-08-17 19:00:00+00:00,0.1379999965429306,0.13899999856948853,0.13699999451637268,0.1379999965429306,0,0.0,0.0
2026-08-17 20:00:00+00:00,0.1379999965429306,0.1379999965429306,0.13699999451637268,0.1379999965429306,0,0.0,0.0
2026-08-17 21:00:00+00:00,0.1379999965429306,0.13899999856948853,0.1379999965429306,0.1379999965429306,0,0.0,0.0
2026-08-17 22:00:00+00:00,0.1379999965429306,0.1379999965429306,0.13699999451637268,0.13699999451637268,0,0.0,0.0
2026-08-17 23:00:00+00:00,0.13699999451637268,0.13699999451637268,0.13699999451637268,0.13699999451637268,186636,0.0,0.0
2026-08-18 00:00:00+00:00,0.13699999451637268,0.1379999965429306,0.13699999451637268,0.1379999965429306,0,0.0,0.0
2026-08-18 01:00:00+00:00,0.1379999965429306,0.1379999965429306,0.13699999451637268,0.13699999451637268,0,0.0,0.0
2026-08-18 02:00:00+00:00,0.13699999451637268,0.13699999451637268,0.13500000536441803,0.13600000739097595,139704,0.0,0.0
2026-08-18 03:00:00+00:00,0.13600000739097595,0.13600000739097595,0.1340000033378601,0.13500000536441803,110202,0.0,0.0
2026-08-18 04:00:00+00:00,0.13500000536441803,0.13600000739097595,0.13500000536441803,0.13600000739097595,982004,0.0,0.0
2026-08-18 05:00:00+00:00,0.13600000739097595,0.13600000739097595,0.13500000536441803,0.13600000739097595,0,0.0,0.0
2026-08-18 06:00:00+00:00,0.13600000739097595,0.13699999451637268,0.13600000739097595,0.13699999451637268,339556,0.0,0.0
2026-08-18 07:00:00+00:00,0.13699999451637268,0.13699999451637268,0.13600000739097595,0.13600000739097595,0,0.0,0.0
2026-08-18 08:00:00+00:00,0.13600000739097595,0.13699999451637268,0.13600000739097595,0.13699999451637268,395466,0.0,0.0
2026-08-18 09:00:00+00:00,0.13699999451637268,0.13699999451637268,0.13600000739097595,0.13600000739097595,0,0.0,0.0
2026-08-18 10:00:00+00:00,0.13600000739097595,0.13699999451637268,0.13600000739097595,0.13699999451637268,69940,0.0,0.0
2026-08-18 11:00:00+00:00,0.13699999451637268,0.13699999451637268,0.13600000739097595,0.13699999451637268,699582,0.0,0.0
2026-08-18 12:00:00+00:00,0.13699999451637268,0.13699999451637268,0.13500000536441803,0.13500000536441803,491012,0.0,0.0
2026-08-18 13:00:00+00:00,0.13500000536441803,0.13600000739097595,0.13500000536441803,0.13600000739097595,0,0.0,0.0
2026-08-18 14:00:00+00:00,0.13600000739097595,0.1379999965429306,0.13600000739097595,0.13699999451637268,729280,0.0,0.0
2026-08-18 15:00:00+00:00,0.13699999451637268,0.13715000450611115,0.13600000739097595,0.13714000582695007,0,0.0,0.0
2026-08-18 16:00:00+00:00,0.13714000582695007,0.1372399926185608,0.1364700049161911,0.13651999831199646,0,0.0,0.0
2026-08-18 17:00:00+00:00,0.13651999831199646,0.13747000694274902,0.13651999831199646,0.13697999715805054,0,0.0,0.0
2026-08-18 18:00:00+00:00,0.13697999715805054,0.1372700035572052,0.1368499994277954,0.13705000281333923,0,0.0,0.0
2026-08-18 19:00:00+00:00,0.13705000281333923,0.137130007147789,0.1368899941444397,0.1368899941444397,0,0.0,0.0
2026-08-18 20:00:00+00:00,0.1368899941444397,0.1368899941444397,0.1355700045824051,0.1355700045824051,265140,0.0,0.0
2026-08-18 21:00:00+00:00,0.1355700045824051,0.13586999475955963,0.13553999364376068,0.13578000664710999,0,0.0,0.0
2026-08-18 22:00:00+00:00,0.13578000664710999,0.13627000153064728,0.13578000664710999,0.13597999513149261,0,0.0,0.0
2026-08-18 23:00:00+00:00,0.13597999513149261,0.13642999529838562,0.13597999513149261,0.13635000586509705,161922,0.0,0.0
2026-08-19 00:00:00+00:00,0.13635000586509705,0.13651999831199646,0.13575999438762665,0.1364399939775467,860810,0.0,0.0
2026-08-19 01:00:00+00:00,0.1364399939775467,0.13675999641418457,0.13625000417232513,0.13670000433921814,0,0.0,0.0
2026-08-19 02:00:00+00:00,0.13670000433921814,0.13670000433921814,0.1359899938106537,0.13615000247955322,0,0.0,0.0
2026-08-19 03:00:00+00:00,0.13615000247955322,0.13693000376224518,0.13574999570846558,0.13679000735282898,0,0.0,0.0
2026-08-19 04:00:00+00:00,0.13679000735282898,0.13679000735282898,0.13607999682426453,0.13607999682426453,0,0.0,0.0
2026-08-19 05:00:00+00:00,0.13607999682426453,0.13628000020980835,0.1357399970293045,0.1359899938106537,0,0.0,0.0
2026-08-19 06:00:00+00:00,0.1359899938106537,0.13638000190258026,0.13569000363349915,0.13638000190258026,0,0.0,0.0
2026-08-19 07:00:00+00:00,0.13638000190258026,0.13659000396728516,0.13634000718593597,0.13648000359535217,661316,0.0,0.0
2026-08-19 08:00:00+00:00,0.13648000359535217,0.13691000640392303,0.1363999992609024,0.136570006608963,60602,0.0,0.0
2026-08-19 09:00:00+00:00,0.136570006608963,0.1367100030183792,0.1360899955034256,0.13616999983787537,245202,0.0,0.0
2026-08-19 10:00:00+00:00,0.13616999983787537,0.13655999302864075,0.13616999983787537,0.1364700049161911,0,0.0,0.0
2026-08-19 11:00:00+00:00,0.1364700049161911,0.1370600014925003,0.13627000153064728,0.13685999810695648,0,0.0,0.0
2026-08-19 12:00:00+00:00,0.13685999810695648,0.1382399946451187,0.13685999810695648,0.13798999786376953,0,0.0,0.0
2026-08-19 13:00:00+00:00,0.13787999749183655,0.13794000446796417,0.13673999905586243,0.13687999546527863,732422,0.0,0.0
2026-08-19 14:00:00+00:00,0.13687999546527863,0.13913999497890472,0.13662000000476837,0.13913999497890472,158806,0.0,0.0
2026-08-19 15:00:00+00:00,0.13913999497890472,0.14324000477790833,0.13862000405788422,0.1396999955177307,3162540,0.0,0.0
2026-08-19 16:00:00+00:00,0.1396999955177307,0.14153000712394714,0.1396999955177307,0.14061999320983887,715232,0.0,0.0
2026-08-19 17:00:00+00:00,0.14074000716209412,0.14074000716209412,0.13951000571250916,0.1402599960565567,0,0.0,0.0
2026-08-19 18:00:00+00:00,0.1402599960565567,0.14068999886512756,0.13993999361991882,0.14058999717235565,1075714,0.0,0.0
2026-08-19 19:00:00+00:00,0.14058999717235565,0.14191000163555145,0.14018000662326813,0.1418199986219406,1536276,0.0,0.0
2026-08-19 20:00:00+00:00,0.14182999730110168,0.14419999718666077,0.14182999730110168,0.14350000023841858,749876,0.0,0.0
2026-08-19 21:00:00+00:00,0.14358000457286835,0.148389995098114,0.14354999363422394,0.14725999534130096,3369100,0.0,0.0
2026-08-19 22:00:00+00:00,0.14774000644683838,0.14789000153541565,0.14489999413490295,0.14564000070095062,1214528,0.0,0.0
2026-08-19 23:00:00+00:00,0.14564000070095062,0.14643999934196472,0.14505000412464142,0.14632000029087067,909972,0.0,0.0
2026-08-20 00:00:00+00:00,0.14640000462532043,0.14846999943256378,0.14632000029087067,0.1477700024843216,821040,0.0,0.0
2026-08-20 01:00:00+00:00,0.14778000116348267,0.14799000322818756,0.14656999707221985,0.14778999984264374,804168,0.0,0.0
2026-08-20 02:00:00+00:00,0.14778999984264374,0.14780999720096588,0.1461700052022934,0.14634999632835388,864612,0.0,0.0
2026-08-20 03:00:00+00:00,0.14634999632835388,0.14634999632835388,0.1446000039577484,0.14535999298095703,1091464,0.0,0.0
2026-08-20 04:00:00+00:00,0.14535999298095703,0.1469999998807907,0.14535999298095703,0.1469999998807907,1283444,0.0,0.0
2026-08-20 05:00:00+00:00,0.1469999998807907,0.1469999998807907,0.14611999690532684,0.14634999632835388,1244868,0.0,0.0
2026-08-20 06:00:00+00:00,0.14645999670028687,0.14796000719070435,0.14583000540733337,0.14755000174045563,1246880,0.0,0.0
2026-08-20 07:00:00+00:00,0.14755000174045563,0.15070000290870667,0.14755000174045563,0.15029999613761902,1274072,0.0,0.0
2026-08-20 08:00:00+00:00,0.15025000274181366,0.15401999652385712,0.14948000013828278,0.15277999639511108,2099000,0.0,0.0
2026-08-20 09:00:00+00:00,0.15277999639511108,0.153889998793602,0.15199999511241913,0.15246999263763428,1255876,0.0,0.0
2026-08-20 10:00:00+00:00,0.15248000621795654,0.15703000128269196,0.15248000621795654,0.15615999698638916,2460964,0.0,0.0
2026-08-20 11:00:00+00:00,0.15615999698638916,0.15876999497413635,0.15547999739646912,0.15876999497413635,3626472,0.0,0.0
2026-08-20 12:00:00+00:00,0.15906000137329102,0.15929999947547913,0.15488000214099884,0.1555500030517578,2953060,0.0,0.0
2026-08-20 13:00:00+00:00,0.15559999644756317,0.15658000111579895,0.15388000011444092,0.1561100035905838,2034736,0.0,0.0
2026-08-20 14:00:00+00:00,0.1561100035905838,0.16031000018119812,0.1561100035905838,0.15815000236034393,3178448,0.0,0.0
2026-08-20 15:00:00+00:00,0.15815000236034393,0.16005000472068787,0.15768000483512878,0.15895000100135803,0,0.0,0.0
2026-08-20 16:00:00+00:00,0.15895000100135803,0.16248999536037445,0.15748000144958496,0.1615999937057495,1052064,0.0,0.0
2026-08-20 17:00:00+00:00,0.16163000464439392,0.16553999483585358,0.16121000051498413,0.16355000436306,3553848,0.0,0.0
2026-08-20 18:00:00+00:00,0.16380999982357025,0.164450004696846,0.15849000215530396,0.15970000624656677,1904160,0.0,0.0
2026-08-20 19:00:00+00:00,0.1598999947309494,0.16245999932289124,0.1597999930381775,0.16132000088691711,926976,0.0,0.0
2026-08-20 20:00:00+00:00,0.16132000088691711,0.16359999775886536,0.16110000014305115,0.16359999775886536,1240728,0.0,0.0
2026-08-20 21:00:00+00:00,0.1636500060558319,0.1656699925661087,0.16353000700473785,0.164900004863739,0,0.0,0.0
2026-08-20 22:00:00+00:00,0.16494999825954437,0.16574999690055847,0.1636500060558319,0.164000004529953,597736,0.0,0.0
2026-08-20 23:00:00+00:00,0.16374999284744263,0.16814999282360077,0.16309000551700592,0.1644199937582016,1439144,0.0,0.0
2026-08-21 00:00:00+00:00,0.16439999639987946,0.16686999797821045,0.16395999491214752,0.16538000106811523,1778552,0.0,0.0
2026-08-21 01:00:00+00:00,0.16538000106811523,0.16670000553131104,0.16314999759197235,0.16538000106811523,1973512,0.0,0.0
2026-08-21 02:00:00+00:00,0.16538000106811523,0.16660000383853912,0.16412000358104706,0.16575999557971954,1275656,0.0,0.0
2026-08-21 03:00:00+00:00,0.16564999520778656,0.1667499989271164,0.16455000638961792,0.16586999595165253,646320,0.0,0.0
2026-08-21 04:00:00+00:00,0.16601000726222992,0.16725000739097595,0.1656000018119812,0.16696999967098236,287944,0.0,0.0
2026-08-21 05:00:00+00:00,0.16696999967098236,0.1704999953508377,0.16619999706745148,0.16990000009536743,1391536,0.0,0.0
2026-08-21 06:00:00+00:00,0.1699499934911728,0.17090000212192535,0.1671999990940094,0.16861000657081604,1481680,0.0,0.0
2026-08-21 07:00:00+00:00,0.16861000657081604,0.1754699945449829,0.16836999356746674,0.17500999569892883,1141464,0.0,0.0
2026-08-21 08:00:00+00:00,0.17500999569892883,0.1790200024843216,0.17395000159740448,0.1790200024843216,985144,0.0,0.0
2026-08-21 09:00:00+00:00,0.17935000360012054,0.1797800064086914,0.17159999907016754,0.17959000170230865,3792256,0.0,0.0
2026-08-21 10:00:00+00:00,0.17964999377727509,0.18458999693393707,0.17714999616146088,0.18379999697208405,3078344,0.0,0.0
2026-08-21 11:00:00+00:00,0.18424999713897705,0.1895499974489212,0.1830199956893921,0.1848900020122528,4661656,0.0,0.0
2026-08-21 12:00:00+00:00,0.18524999916553497,0.18689000606536865,0.18250000476837158,0.18459999561309814,637784,0.0,0.0
2026-08-21 13:00:00+00:00,0.18469999730587006,0.1857600063085556,0.17952999472618103,0.18520000576972961,1509800,0.0,0.0
2026-08-21 14:00:00+00:00,0.18524999916553497,0.18709999322891235,0.181099995970726,0.18645000457763672,389384,0.0,0.0
2026-08-21 15:00:00+00:00,0.18623000383377075,0.1867000013589859,0.18324999511241913,0.18359999358654022,363640,0.0,0.0
2026-08-21 16:00:00+00:00,0.1839500069618225,0.1867700070142746,0.181099995970726,0.18647000193595886,84712,0.0,0.0
2026-08-21 17:00:00+00:00,0.18655000627040863,0.1895499974489212,0.1855500042438507,0.18684999644756317,91776,0.0,0.0
2026-08-21 18:00:00+00:00,0.18690000474452972,0.1902499943971634,0.18344999849796295,0.18369999527931213,0,0.0,0.0
2026-08-21 19:00:00+00:00,0.18365000188350677,0.187049999833107,0.18170000612735748,0.187049999833107,656920,0.0,0.0
2026-08-21 20:00:00+00:00,0.18690000474452972,0.19370000064373016,0.1859000027179718,0.19258999824523926,2984560,0.0,0.0
2026-08-21 21:00:00+00:00,0.19266000390052795,0.19599999487400055,0.1914999932050705,0.19599999487400055,1788000,0.0,0.0
2026-08-21 22:00:00+00:00,0.19599999487400055,0.20395000278949738,0.1944500058889389,0.20309999585151672,4331672,0.0,0.0
2026-08-21 23:00:00+00:00,0.2033499926328659,0.20374999940395355,0.19683000445365906,0.19929000735282898,1412264,0.0,0.0
2026-08-22 00:00:00+00:00,0.19939999282360077,0.20759999752044678,0.19860999286174774,0.20716999471187592,1809592,0.0,0.0
2026-08-22 01:00:00+00:00,0.2070000022649765,0.21295000612735748,0.20624999701976776,0.2113499939441681,2942952,0.0,0.0
2026-08-22 02:00:00+00:00,0.21140000224113464,0.216279998421669,0.20964999496936798,0.21428999304771423,5690792,0.0,0.0
2026-08-22 03:00:00+00:00,0.21445000171661377,0.22425000369548798,0.21369999647140503,0.21785999834537506,8116912,0.0,0.0
2026-08-22 04:00:00+00:00,0.2177799940109253,0.22958000004291534,0.21509000658988953,0.22577999532222748,9152504,0.0,0.0
2026-08-22 05:00:00+00:00,0.2255299985408783,0.22864000499248505,0.18815000355243683,0.20925000309944153,10767648,0.0,0.0
2026-08-22 06:00:00+00:00,0.20884999632835388,0.20884999632835388,0.20247000455856323,0.20635999739170074,1672960,0.0,0.0
2026-08-22 07:00:00+00:00,0.2062000036239624,0.20804999768733978,0.20270000398159027,0.20374999940395355,0,0.0,0.0
2026-08-22 08:00:00+00:00,0.20360000431537628,0.20579999685287476,0.19981999695301056,0.20340000092983246,0,0.0,0.0
2026-08-22 09:00:00+00:00,0.20354999601840973,0.20544999837875366,0.20020000636577606,0.20260000228881836,0,0.0,0.0
2026-08-22 10:00:00+00:00,0.20276999473571777,0.20280000567436218,0.19426000118255615,0.20000000298023224,0,0.0,0.0
2026-08-22 11:00:00+00:00,0.20000000298023224,0.20093999803066254,0.1984499990940094,0.19976000487804413,0,0.0,0.0
2026-08-22 12:00:00+00:00,0.19979999959468842,0.20352999866008759,0.19935999810695648,0.20081999897956848,0,0.0,0.0
2026-08-22 13:00:00+00:00,0.20076000690460205,0.20309999585151672,0.19764000177383423,0.20034000277519226,0,0.0,0.0
2026-08-22 14:00:00+00:00,0.20058000087738037,0.20141999423503876,0.19769999384880066,0.19916999340057373,0,0.0,0.0
2026-08-22 15:00:00+00:00,0.19920000433921814,0.20015999674797058,0.19679999351501465,0.19851000607013702,0,0.0,0.0
2026-08-22 16:00:00+00:00,0.19854000210762024,0.20442000031471252,0.19819000363349915,0.20277999341487885,1632496,0.0,0.0
2026-08-22 17:00:00+00:00,0.20277999341487885,0.20819999277591705,0.2012999951839447,0.20600000023841858,117728,0.0,0.0
2026-08-22 18:00:00+00:00,0.2061000019311905,0.20660999417304993,0.20110000669956207,0.20241999626159668,0,0.0,0.0
2026-08-22 19:00:00+00:00,0.20225000381469727,0.20226000249385834,0.20055000483989716,0.2016499936580658,0,0.0,0.0
2026-08-22 20:00:00+00:00,0.20149999856948853,0.20295999944210052,0.19982999563217163,0.20045000314712524,0,0.0,0.0
2026-08-22 21:00:00+00:00,0.20017999410629272,0.2002200037240982,0.19189999997615814,0.1927099972963333,0,0.0,0.0
2026-08-22 22:00:00+00:00,0.19290000200271606,0.19705000519752502,0.19189999997615814,0.196150004863739,0,0.0,0.0
2026-08-22 23:00:00+00:00,0.19619999825954437,0.1964000016450882,0.1941000074148178,0.1957399994134903,0,0.0,0.0
2026-08-23 00:00:00+00:00,0.19580000638961792,0.20095999538898468,0.19480000436306,0.19986000657081604,0,0.0,0.0
2026-08-23 01:00:00+00:00,0.19984999299049377,0.19984999299049377,0.19715000689029694,0.19830000400543213,0,0.0,0.0
2026-08-23 02:00:00+00:00,0.19830000400543213,0.1987999975681305,0.19450999796390533,0.19497999548912048,0,0.0,0.0
2026-08-23 03:00:00+00:00,0.19497999548912048,0.195250004529953,0.18988999724388123,0.19099999964237213,0,0.0,0.0
2026-08-23 04:00:00+00:00,0.19099999964237213,0.19300000369548798,0.18799999356269836,0.18889999389648438,0,0.0,0.0
2026-08-23 05:00:00+00:00,0.18870000541210175,0.19165000319480896,0.18664999306201935,0.18780000507831573,0,0.0,0.0
2026-08-23 06:00:00+00:00,0.18805000185966492,0.19005000591278076,0.18695999681949615,0.18844999372959137,0,0.0,0.0
2026-08-23 07:00:00+00:00,0.18850000202655792,0.19200000166893005,0.18850000202655792,0.19134999811649323,0,0.0,0.0
2026-08-23 08:00:00+00:00,0.19134999811649323,0.19433000683784485,0.19110000133514404,0.19370000064373016,0,0.0,0.0
2026-08-23 09:00:00+00:00,0.19370000064373016,0.19439999759197235,0.1928499937057495,0.19415000081062317,0,0.0,0.0
2026-08-23 10:00:00+00:00,0.19415000081062317,0.19760000705718994,0.1940000057220459,0.196150004863739,0,0.0,0.0
2026-08-23 11:00:00+00:00,0.19619999825954437,0.19855999946594238,0.19550000131130219,0.19803999364376068,0,0.0,0.0
2026-08-23 12:00:00+00:00,0.19809000194072723,0.1986899971961975,0.19643999636173248,0.19771000742912292,0,0.0,0.0
2026-08-23 13:00:00+00:00,0.1976500004529953,0.20160000026226044,0.19755999743938446,0.20116999745368958,0,0.0,0.0
2026-08-23 14:00:00+00:00,0.20106999576091766,0.2021999955177307,0.19438999891281128,0.19785000383853912,0,0.0,0.0
2026-08-23 15:00:00+00:00,0.19789999723434448,0.20225000381469727,0.19664999842643738,0.19961999356746674,0,0.0,0.0
2026-08-23 16:00:00+00:00,0.19990000128746033,0.20076000690460205,0.19819000363349915,0.1998399943113327,0,0.0,0.0
2026-08-23 17:00:00+00:00,0.19984999299049377,0.2007399946451187,0.1981000006198883,0.19859999418258667,0,0.0,0.0
2026-08-23 18:00:00+00:00,0.19850000739097595,0.20126000046730042,0.19839000701904297,0.19981999695301056,0,0.0,0.0
2026-08-23 19:00:00+00:00,0.19981999695301056,0.20024999976158142,0.19845999777317047,0.19900000095367432,0,0.0,0.0
2026-08-23 20:00:00+00:00,0.19910000264644623,0.2010899931192398,0.19814999401569366,0.19994999468326569,457240,0.0,0.0
2026-08-23 21:00:00+00:00,0.19994999468326569,0.2054000049829483,0.19994999468326569,0.2020999938249588,0,0.0,0.0
2026-08-23 22:00:00+00:00,0.20235000550746918,0.20315000414848328,0.19957999885082245,0.2000100016593933,1998776,0.0,0.0
2026-08-23 23:00:00+00:00,0.20013999938964844,0.20284000039100647,0.19910000264644623,0.20239000022411346,1134372,0.0,0.0
2026-08-24 00:00:00+00:00,0.20205000042915344,0.20220999419689178,0.19766999781131744,0.20170000195503235,293268,0.0,0.0
2026-08-24 01:00:00+00:00,0.20184999704360962,0.20184999704360962,0.1964000016450882,0.1965000033378601,501936,0.0,0.0
2026-08-24 02:00:00+00:00,0.19678999483585358,0.2029999941587448,0.19629999995231628,0.19830000400543213,531064,0.0,0.0
2026-08-24 03:00:00+00:00,0.19820000231266022,0.19820000231266022,0.19460999965667725,0.19464999437332153,476560,0.0,0.0
2026-08-24 04:00:00+00:00,0.1949400007724762,0.19945000112056732,0.1949400007724762,0.19806000590324402,738120,0.0,0.0
2026-08-24 05:00:00+00:00,0.19795000553131104,0.20000000298023224,0.19641999900341034,0.19885000586509705,72392,0.0,0.0
2026-08-24 06:00:00+00:00,0.1987999975681305,0.19888000190258026,0.19543999433517456,0.19705000519752502,0,0.0,0.0
2026-08-24 07:00:00+00:00,0.19694000482559204,0.19899000227451324,0.19544999301433563,0.19594000279903412,0,0.0,0.0
2026-08-24 08:00:00+00:00,0.19598999619483948,0.1963299959897995,0.19419999420642853,0.19483999907970428,0,0.0,0.0
2026-08-24 09:00:00+00:00,0.19480000436306,0.19949999451637268,0.1945199966430664,0.19889000058174133,755116,0.0,0.0
2026-08-24 10:00:00+00:00,0.19889000058174133,0.20122000575065613,0.1987999975681305,0.19937999546527863,1198816,0.0,0.0
2026-08-24 11:00:00+00:00,0.1992799937725067,0.2029699981212616,0.19740000367164612,0.20225000381469727,1353324,0.0,0.0
2026-08-24 12:00:00+00:00,0.20200000703334808,0.20489999651908875,0.19920000433921814,0.20469999313354492,1539620,0.0,0.0
2026-08-24 13:00:00+00:00,0.2046400010585785,0.20479999482631683,0.19641999900341034,0.19845999777317047,955828,0.0,0.0
2026-08-24 14:00:00+00:00,0.1983499974012375,0.2032500058412552,0.19824999570846558,0.20242999494075775,0,0.0,0.0
2026-08-24 15:00:00+00:00,0.20225000381469727,0.20497000217437744,0.19999000430107117,0.20074999332427979,542320,0.0,0.0
2026-08-24 16:00:00+00:00,0.20100000500679016,0.20521999895572662,0.20100000500679016,0.20264999568462372,1243560,0.0,0.0
2026-08-24 17:00:00+00:00,0.20260000228881836,0.20306000113487244,0.1975100040435791,0.20115000009536743,1383856,0.0,0.0
2026-08-24 18:00:00+00:00,0.20160000026226044,0.20243999361991882,0.19894999265670776,0.19894999265670776,0,0.0,0.0
2026-08-24 19:00:00+00:00,0.19910000264644623,0.20077000558376312,0.19787999987602234,0.19885000586509705,62176,0.0,0.0
2026-08-24 20:00:00+00:00,0.19930000603199005,0.20080000162124634,0.19783000648021698,0.20035000145435333,0,0.0,0.0
2026-08-24 21:00:00+00:00,0.2003999948501587,0.2011999934911728,0.19979999959468842,0.20065000653266907,40368,0.0,0.0
2026-08-24 22:00:00+00:00,0.20029999315738678,0.20059999823570251,0.1995999962091446,0.20013999938964844,21924,0.0,0.0
